path,qualified_name,kind,line,end_line,decorators,callers,callees,imports,runtime_reachability,tests,configuration_dependencies,data_io,side_effects,external_services,documented,status
acceptance.py,acceptance,module,1,160,,tests/acceptance/test_acceptance_cli.py;tests/acceptance/test_acceptance_helpers.py,__future__;dubbing.apps.dubbing_web;io;json;pathlib;re;subprocess;sys;tempfile;threading;time;urllib.error;urllib.request;uuid;wave,__future__;dubbing.apps.dubbing_web;io;json;pathlib;re;subprocess;sys;tempfile;threading;time;urllib.error;urllib.request;uuid;wave,STATICALLY_REFERENCED,,,,,,YES,ACTIVE_OR_EXTERNALLY_REACHABLE
dubbing/__init__.py,dubbing.__init__,module,1,1,,acceptance.py;dubbing/__main__.py;dubbing/aligner.py;dubbing/apps/dubbing_web.py;dubbing/apps/personal_capture/__init__.py;dubbing/apps/personal_capture/benchmark.py;dubbing/apps/personal_capture/preflight.py;dubbing/apps/personal_capture/review.py;dubbing/apps/personal_capture/runtime.py;dubbing/apps/personal_capture/service.py;dubbing/apps/personal_capture/watcher.py;dubbing/assembler.py;dubbing/backends/__init__.py;dubbing/backends/base.py;dubbing/backends/espeak.py;dubbing/backends/piper.py;dubbing/backends/say.py;dubbing/batch.py;dubbing/cli/__init__.py;dubbing/cli/factories.py;dubbing/cli/main.py;dubbing/diarization/__init__.py;dubbing/diarization/attribution.py;dubbing/diarization/base.py;dubbing/diarization/job.py;dubbing/diarization/sherpa.py;dubbing/pipeline.py;dubbing/prosody.py;dubbing/srt_parser.py;dubbing/transcription/__init__.py;dubbing/transcription/attribution.py;dubbing/transcription/base.py;dubbing/transcription/faster_whisper.py;dubbing/transcription/job.py;dubbing/transcription/mlx_whisper.py;dubbing/transcription/pipeline.py;dubbing/transcription/render.py;dubbing/translation/__init__.py;dubbing/translation/job.py;dubbing/translation/lingua_detector.py;dubbing/translation/nllb.py;dubbing/translation/pipeline.py;tests/cli/test_gpu_launcher.py;tests/conftest.py;tests/core/test_adversarial_hardening.py;tests/core/test_aligner.py;tests/core/test_assembler.py;tests/core/test_batch.py;tests/core/test_boundaries.py;tests/core/test_espeak_backend.py;tests/core/test_media.py;tests/core/test_mutant_killers.py;tests/core/test_parallel_pipeline.py;tests/core/test_pipeline.py;tests/core/test_piper_backend.py;tests/core/test_prosody.py;tests/core/test_prosody_bounds.py;tests/core/test_say_backend.py;tests/core/test_srt_parser.py;tests/diarization/test_attribution.py;tests/diarization/test_pipeline.py;tests/diarization/test_resumable.py;tests/diarization/test_sherpa_backend.py;tests/personal_capture/test_benchmark.py;tests/personal_capture/test_config.py;tests/personal_capture/test_full_day_gate.py;tests/personal_capture/test_operations.py;tests/personal_capture/test_preflight.py;tests/personal_capture/test_review_app.py;tests/personal_capture/test_service.py;tests/support/assertions.py;tests/support/builders.py;tests/transcription/test_diarization_integration.py;tests/transcription/test_faster_whisper_backend.py;tests/transcription/test_mlx_backend.py;tests/transcription/test_models.py;tests/transcription/test_resumable.py;tests/translation/test_pipeline.py;tests/translation/test_resumable.py;tests/web/test_app.py;tests/web/test_result.py;tests/web/test_stream.py;tests/web/test_upload_limit.py,,,STATICALLY_REFERENCED,,,,,,NO_OR_UNKNOWN,ACTIVE_OR_EXTERNALLY_REACHABLE
dubbing/__main__.py,dubbing.__main__,module,1,6,,,dubbing.cli,dubbing.cli,EXTERNAL_OR_UNRESOLVED,,,,,,NO_OR_UNKNOWN,ACTIVE_OR_EXTERNALLY_REACHABLE
dubbing/aligner.py,dubbing.aligner,module,1,94,,dubbing/assembler.py;dubbing/batch.py;dubbing/cli/main.py;dubbing/diarization/attribution.py;dubbing/pipeline.py;tests/core/test_adversarial_hardening.py;tests/core/test_aligner.py;tests/core/test_assembler.py;tests/core/test_batch.py;tests/core/test_boundaries.py;tests/core/test_mutant_killers.py;tests/core/test_pipeline.py;tests/support/assertions.py,__future__;dataclasses;dubbing.models,__future__;dataclasses;dubbing.models,STATICALLY_REFERENCED,,,,,,YES,ACTIVE_OR_EXTERNALLY_REACHABLE
dubbing/apps/__init__.py,dubbing.apps.__init__,module,1,2,,acceptance.py;dubbing/apps/personal_capture/__init__.py;dubbing/apps/personal_capture/benchmark.py;dubbing/apps/personal_capture/preflight.py;dubbing/apps/personal_capture/review.py;dubbing/apps/personal_capture/runtime.py;dubbing/apps/personal_capture/service.py;dubbing/apps/personal_capture/watcher.py;dubbing/cli/main.py;tests/core/test_adversarial_hardening.py;tests/personal_capture/test_benchmark.py;tests/personal_capture/test_config.py;tests/personal_capture/test_operations.py;tests/personal_capture/test_preflight.py;tests/personal_capture/test_review_app.py;tests/personal_capture/test_service.py;tests/web/test_app.py;tests/web/test_result.py;tests/web/test_stream.py;tests/web/test_upload_limit.py,,,STATICALLY_REFERENCED,,,,,,NO_OR_UNKNOWN,ACTIVE_OR_EXTERNALLY_REACHABLE
dubbing/apps/dubbing_web.py,dubbing.apps.dubbing_web,module,1,159,,acceptance.py;tests/core/test_adversarial_hardening.py;tests/web/test_app.py;tests/web/test_result.py;tests/web/test_stream.py;tests/web/test_upload_limit.py,__future__;dubbing.assembler;dubbing.backends;dubbing.pipeline;flask;io;subprocess;uuid,__future__;dubbing.assembler;dubbing.backends;dubbing.pipeline;flask;io;subprocess;uuid,STATICALLY_REFERENCED,,,,,,NO_OR_UNKNOWN,ACTIVE_OR_EXTERNALLY_REACHABLE
dubbing/apps/personal_capture/__init__.py,dubbing.apps.personal_capture.__init__,module,1,10,,dubbing/apps/personal_capture/__init__.py;dubbing/apps/personal_capture/benchmark.py;dubbing/apps/personal_capture/preflight.py;dubbing/apps/personal_capture/review.py;dubbing/apps/personal_capture/runtime.py;dubbing/apps/personal_capture/service.py;dubbing/apps/personal_capture/watcher.py;dubbing/cli/main.py;tests/personal_capture/test_benchmark.py;tests/personal_capture/test_config.py;tests/personal_capture/test_operations.py;tests/personal_capture/test_preflight.py;tests/personal_capture/test_review_app.py;tests/personal_capture/test_service.py,dubbing.apps.personal_capture.service;dubbing.apps.personal_capture.store,dubbing.apps.personal_capture.service;dubbing.apps.personal_capture.store,STATICALLY_REFERENCED,,,,,,NO_OR_UNKNOWN,ACTIVE_OR_EXTERNALLY_REACHABLE
dubbing/apps/personal_capture/benchmark.py,dubbing.apps.personal_capture.benchmark,module,1,129,,tests/personal_capture/test_benchmark.py,__future__;argparse;datetime;difflib;dubbing.apps.personal_capture.config;dubbing.apps.personal_capture.outbox;dubbing.apps.personal_capture.runtime;json;pathlib;re;unicodedata,__future__;argparse;datetime;difflib;dubbing.apps.personal_capture.config;dubbing.apps.personal_capture.outbox;dubbing.apps.personal_capture.runtime;json;pathlib;re;unicodedata,STATICALLY_REFERENCED,,,,,,NO_OR_UNKNOWN,ACTIVE_OR_EXTERNALLY_REACHABLE
dubbing/apps/personal_capture/config.py,dubbing.apps.personal_capture.config,module,1,125,,dubbing/apps/personal_capture/benchmark.py;dubbing/apps/personal_capture/preflight.py;dubbing/apps/personal_capture/review.py;dubbing/apps/personal_capture/watcher.py;tests/personal_capture/test_config.py,__future__;json;pathlib,__future__;json;pathlib,STATICALLY_REFERENCED,,,,,,NO_OR_UNKNOWN,ACTIVE_OR_EXTERNALLY_REACHABLE
dubbing/apps/personal_capture/outbox.py,dubbing.apps.personal_capture.outbox,module,1,76,,dubbing/apps/personal_capture/benchmark.py;dubbing/apps/personal_capture/service.py;tests/personal_capture/test_operations.py,__future__;datetime;hashlib;json;os;pathlib;sqlite3,__future__;datetime;hashlib;json;os;pathlib;sqlite3,STATICALLY_REFERENCED,,,,,,NO_OR_UNKNOWN,ACTIVE_OR_EXTERNALLY_REACHABLE
dubbing/apps/personal_capture/preflight.py,dubbing.apps.personal_capture.preflight,module,1,213,,tests/personal_capture/test_preflight.py,__future__;argparse;dubbing.apps.personal_capture.config;dubbing.media;dubbing.transcription.job;importlib.util;json;os;pathlib;shutil;subprocess,__future__;argparse;dubbing.apps.personal_capture.config;dubbing.media;dubbing.transcription.job;importlib.util;json;os;pathlib;shutil;subprocess,STATICALLY_REFERENCED,,,,,,NO_OR_UNKNOWN,ACTIVE_OR_EXTERNALLY_REACHABLE
dubbing/apps/personal_capture/review.py,dubbing.apps.personal_capture.review,module,1,210,,tests/personal_capture/test_review_app.py,__future__;argparse;dubbing.apps.personal_capture.config;dubbing.apps.personal_capture.runtime;flask;hmac;json;os;pathlib;re;secrets;werkzeug.utils,__future__;argparse;dubbing.apps.personal_capture.config;dubbing.apps.personal_capture.runtime;flask;hmac;json;os;pathlib;re;secrets;werkzeug.utils,STATICALLY_REFERENCED,,,,,,NO_OR_UNKNOWN,ACTIVE_OR_EXTERNALLY_REACHABLE
dubbing/apps/personal_capture/runtime.py,dubbing.apps.personal_capture.runtime,module,1,51,,dubbing/apps/personal_capture/benchmark.py;dubbing/apps/personal_capture/review.py;dubbing/apps/personal_capture/watcher.py,__future__;dubbing.apps.personal_capture.service;dubbing.diarization;dubbing.transcription;dubbing.translation,__future__;dubbing.apps.personal_capture.service;dubbing.diarization;dubbing.transcription;dubbing.translation,STATICALLY_REFERENCED,,,,,,NO_OR_UNKNOWN,ACTIVE_OR_EXTERNALLY_REACHABLE
dubbing/apps/personal_capture/service.py,dubbing.apps.personal_capture.service,module,1,537,,dubbing/apps/personal_capture/__init__.py;dubbing/apps/personal_capture/runtime.py,__future__;dataclasses;datetime;dubbing.apps.personal_capture.outbox;dubbing.apps.personal_capture.store;dubbing.diarization.base;dubbing.diarization.job;dubbing.diarization.models;dubbing.transcription;dubbing.transcription.job;dubbing.translation;hashlib;json;os;pathlib;shutil;time;typing,__future__;dataclasses;datetime;dubbing.apps.personal_capture.outbox;dubbing.apps.personal_capture.store;dubbing.diarization.base;dubbing.diarization.job;dubbing.diarization.models;dubbing.transcription;dubbing.transcription.job;dubbing.translation;hashlib;json;os;pathlib;shutil;time;typing,STATICALLY_REFERENCED,,,,,,NO_OR_UNKNOWN,ACTIVE_OR_EXTERNALLY_REACHABLE
dubbing/apps/personal_capture/store.py,dubbing.apps.personal_capture.store,module,1,236,,dubbing/apps/personal_capture/__init__.py;dubbing/apps/personal_capture/service.py,__future__;dataclasses;datetime;pathlib;sqlite3,__future__;dataclasses;datetime;pathlib;sqlite3,STATICALLY_REFERENCED,,,,,,NO_OR_UNKNOWN,ACTIVE_OR_EXTERNALLY_REACHABLE
dubbing/apps/personal_capture/watcher.py,dubbing.apps.personal_capture.watcher,module,1,101,,,__future__;argparse;datetime;dubbing.apps.personal_capture.config;dubbing.apps.personal_capture.runtime;fcntl;json;logging;os;pathlib;signal;time,__future__;argparse;datetime;dubbing.apps.personal_capture.config;dubbing.apps.personal_capture.runtime;fcntl;json;logging;os;pathlib;signal;time,EXTERNAL_OR_UNRESOLVED,,,,,,NO_OR_UNKNOWN,ACTIVE_OR_EXTERNALLY_REACHABLE
dubbing/assembler.py,dubbing.assembler,module,1,207,,dubbing/apps/dubbing_web.py;dubbing/batch.py;dubbing/cli/main.py;tests/core/test_adversarial_hardening.py;tests/core/test_assembler.py;tests/core/test_mutant_killers.py,__future__;array;dubbing.aligner;dubbing.models;io;sys;wave,__future__;array;dubbing.aligner;dubbing.models;io;sys;wave,STATICALLY_REFERENCED,,,,,,YES,ACTIVE_OR_EXTERNALLY_REACHABLE
dubbing/backends/__init__.py,dubbing.backends.__init__,module,1,29,,dubbing/apps/dubbing_web.py;dubbing/backends/__init__.py;dubbing/backends/espeak.py;dubbing/backends/piper.py;dubbing/backends/say.py;dubbing/batch.py;dubbing/cli/factories.py;dubbing/pipeline.py;tests/core/test_adversarial_hardening.py;tests/core/test_batch.py;tests/core/test_espeak_backend.py;tests/core/test_parallel_pipeline.py;tests/core/test_pipeline.py;tests/core/test_piper_backend.py;tests/core/test_prosody_bounds.py;tests/core/test_say_backend.py;tests/diarization/test_pipeline.py;tests/web/test_app.py;tests/web/test_result.py;tests/web/test_stream.py;tests/web/test_upload_limit.py,__future__;dubbing.backends.base;dubbing.backends.espeak;dubbing.backends.piper;dubbing.backends.say;os;shutil,__future__;dubbing.backends.base;dubbing.backends.espeak;dubbing.backends.piper;dubbing.backends.say;os;shutil,STATICALLY_REFERENCED,,,,,,NO_OR_UNKNOWN,ACTIVE_OR_EXTERNALLY_REACHABLE
dubbing/backends/base.py,dubbing.backends.base,module,1,12,,dubbing/backends/__init__.py;dubbing/backends/espeak.py;dubbing/backends/piper.py;dubbing/backends/say.py;dubbing/batch.py;dubbing/cli/factories.py;dubbing/pipeline.py;tests/core/test_adversarial_hardening.py;tests/core/test_batch.py;tests/core/test_parallel_pipeline.py;tests/core/test_pipeline.py;tests/core/test_piper_backend.py;tests/core/test_say_backend.py;tests/diarization/test_pipeline.py;tests/web/test_app.py;tests/web/test_result.py;tests/web/test_stream.py;tests/web/test_upload_limit.py,__future__;abc;dubbing.models,__future__;abc;dubbing.models,STATICALLY_REFERENCED,,,,,,YES,ACTIVE_OR_EXTERNALLY_REACHABLE
dubbing/backends/espeak.py,dubbing.backends.espeak,module,1,150,,dubbing/backends/__init__.py;dubbing/cli/factories.py;tests/core/test_espeak_backend.py,__future__;dubbing.backends.base;dubbing.models;io;re;shutil;subprocess;wave,__future__;dubbing.backends.base;dubbing.models;io;re;shutil;subprocess;wave,STATICALLY_REFERENCED,,,,,,YES,ACTIVE_OR_EXTERNALLY_REACHABLE
dubbing/backends/piper.py,dubbing.backends.piper,module,1,82,,dubbing/backends/__init__.py;dubbing/cli/factories.py;tests/core/test_piper_backend.py,__future__;dubbing.backends.base;dubbing.models;io;json;os;shutil;subprocess;wave,__future__;dubbing.backends.base;dubbing.models;io;json;os;shutil;subprocess;wave,STATICALLY_REFERENCED,,,,,,NO_OR_UNKNOWN,ACTIVE_OR_EXTERNALLY_REACHABLE
dubbing/backends/say.py,dubbing.backends.say,module,1,239,,dubbing/backends/__init__.py;dubbing/cli/factories.py;tests/core/test_adversarial_hardening.py;tests/core/test_prosody_bounds.py;tests/core/test_say_backend.py,__future__;dubbing.backends.base;dubbing.models;io;pathlib;re;shutil;subprocess;tempfile;wave,__future__;dubbing.backends.base;dubbing.models;io;pathlib;re;shutil;subprocess;tempfile;wave,STATICALLY_REFERENCED,,,,,,YES,ACTIVE_OR_EXTERNALLY_REACHABLE
dubbing/batch.py,dubbing.batch,module,1,37,,dubbing/cli/main.py;tests/core/test_batch.py,__future__;dubbing.aligner;dubbing.assembler;dubbing.backends.base;dubbing.pipeline;json;pathlib,__future__;dubbing.aligner;dubbing.assembler;dubbing.backends.base;dubbing.pipeline;json;pathlib,STATICALLY_REFERENCED,,,,,,YES,ACTIVE_OR_EXTERNALLY_REACHABLE
dubbing/cli/__init__.py,dubbing.cli.__init__,module,1,6,,dubbing/__main__.py;dubbing/cli/__init__.py;dubbing/cli/main.py,dubbing.cli.main,dubbing.cli.main,STATICALLY_REFERENCED,,,,,,NO_OR_UNKNOWN,ACTIVE_OR_EXTERNALLY_REACHABLE
dubbing/cli/factories.py,dubbing.cli.factories,module,1,97,,dubbing/cli/main.py,__future__;argparse;dubbing.backends;dubbing.backends.base;dubbing.backends.espeak;dubbing.backends.piper;dubbing.backends.say;dubbing.diarization;dubbing.transcription;os,__future__;argparse;dubbing.backends;dubbing.backends.base;dubbing.backends.espeak;dubbing.backends.piper;dubbing.backends.say;dubbing.diarization;dubbing.transcription;os,STATICALLY_REFERENCED,,,,,,NO_OR_UNKNOWN,ACTIVE_OR_EXTERNALLY_REACHABLE
dubbing/cli/main.py,dubbing.cli.main,module,1,506,,dubbing/cli/__init__.py,__future__;argparse;dubbing.aligner;dubbing.apps.personal_capture;dubbing.assembler;dubbing.batch;dubbing.cli.factories;dubbing.diarization;dubbing.pipeline;dubbing.srt_parser;dubbing.transcription;dubbing.translation;glob;json;pathlib;subprocess;sys,__future__;argparse;dubbing.aligner;dubbing.apps.personal_capture;dubbing.assembler;dubbing.batch;dubbing.cli.factories;dubbing.diarization;dubbing.pipeline;dubbing.srt_parser;dubbing.transcription;dubbing.translation;glob;json;pathlib;subprocess;sys,STATICALLY_REFERENCED,,,,,,NO_OR_UNKNOWN,ACTIVE_OR_EXTERNALLY_REACHABLE
dubbing/diarization/__init__.py,dubbing.diarization.__init__,module,1,32,,dubbing/apps/personal_capture/runtime.py;dubbing/apps/personal_capture/service.py;dubbing/cli/factories.py;dubbing/cli/main.py;dubbing/diarization/__init__.py;dubbing/diarization/attribution.py;dubbing/diarization/base.py;dubbing/diarization/job.py;dubbing/diarization/sherpa.py;dubbing/pipeline.py;dubbing/transcription/attribution.py;dubbing/transcription/pipeline.py;tests/diarization/test_attribution.py;tests/diarization/test_pipeline.py;tests/diarization/test_resumable.py;tests/diarization/test_sherpa_backend.py;tests/personal_capture/test_full_day_gate.py;tests/transcription/test_diarization_integration.py,dubbing.diarization.attribution;dubbing.diarization.base;dubbing.diarization.job;dubbing.diarization.models;dubbing.diarization.sherpa,dubbing.diarization.attribution;dubbing.diarization.base;dubbing.diarization.job;dubbing.diarization.models;dubbing.diarization.sherpa,STATICALLY_REFERENCED,,,,,,NO_OR_UNKNOWN,ACTIVE_OR_EXTERNALLY_REACHABLE
dubbing/diarization/attribution.py,dubbing.diarization.attribution,module,1,135,,dubbing/diarization/__init__.py;dubbing/pipeline.py;dubbing/transcription/attribution.py,__future__;collections;dubbing.aligner;dubbing.diarization.models,__future__;collections;dubbing.aligner;dubbing.diarization.models,STATICALLY_REFERENCED,,,,,,NO_OR_UNKNOWN,ACTIVE_OR_EXTERNALLY_REACHABLE
dubbing/diarization/base.py,dubbing.diarization.base,module,1,19,,dubbing/apps/personal_capture/service.py;dubbing/diarization/__init__.py;dubbing/diarization/job.py;dubbing/diarization/sherpa.py;dubbing/pipeline.py;dubbing/transcription/pipeline.py,__future__;abc;dubbing.diarization.models;pathlib,__future__;abc;dubbing.diarization.models;pathlib,STATICALLY_REFERENCED,,,,,,NO_OR_UNKNOWN,ACTIVE_OR_EXTERNALLY_REACHABLE
dubbing/diarization/job.py,dubbing.diarization.job,module,1,239,,dubbing/apps/personal_capture/service.py;dubbing/diarization/__init__.py,__future__;dubbing.diarization.base;dubbing.diarization.models;dubbing.media;dubbing.transcription.job;json;os;pathlib;subprocess;tempfile,__future__;dubbing.diarization.base;dubbing.diarization.models;dubbing.media;dubbing.transcription.job;json;os;pathlib;subprocess;tempfile,STATICALLY_REFERENCED,,,,,,NO_OR_UNKNOWN,ACTIVE_OR_EXTERNALLY_REACHABLE
dubbing/diarization/models.py,dubbing.diarization.models,module,1,135,,dubbing/apps/personal_capture/service.py;dubbing/diarization/__init__.py;dubbing/diarization/attribution.py;dubbing/diarization/base.py;dubbing/diarization/job.py;dubbing/diarization/sherpa.py;dubbing/pipeline.py;dubbing/transcription/attribution.py;dubbing/transcription/pipeline.py,__future__;dataclasses;typing,__future__;dataclasses;typing,STATICALLY_REFERENCED,,,,,,NO_OR_UNKNOWN,ACTIVE_OR_EXTERNALLY_REACHABLE
dubbing/diarization/sherpa.py,dubbing.diarization.sherpa,module,1,308,,dubbing/diarization/__init__.py,__future__;dubbing.diarization.base;dubbing.diarization.models;dubbing.media;importlib;pathlib;shutil;subprocess;tempfile;wave,__future__;dubbing.diarization.base;dubbing.diarization.models;dubbing.media;importlib;pathlib;shutil;subprocess;tempfile;wave,STATICALLY_REFERENCED,,,,,,NO_OR_UNKNOWN,ACTIVE_OR_EXTERNALLY_REACHABLE
dubbing/gpu_launcher.py,dubbing.gpu_launcher,module,1,44,,,__future__;os;pathlib;site;sys,__future__;os;pathlib;site;sys,EXTERNAL_OR_UNRESOLVED,,,,,,NO_OR_UNKNOWN,ACTIVE_OR_EXTERNALLY_REACHABLE
dubbing/media.py,dubbing.media,module,1,17,,dubbing/apps/personal_capture/preflight.py;dubbing/diarization/job.py;dubbing/diarization/sherpa.py;dubbing/transcription/job.py;tests/core/test_media.py,__future__;importlib;shutil,__future__;importlib;shutil,STATICALLY_REFERENCED,,,,,,NO_OR_UNKNOWN,ACTIVE_OR_EXTERNALLY_REACHABLE
dubbing/models.py,dubbing.models,module,1,32,,dubbing/aligner.py;dubbing/assembler.py;dubbing/backends/base.py;dubbing/backends/espeak.py;dubbing/backends/piper.py;dubbing/backends/say.py;dubbing/pipeline.py;dubbing/prosody.py;dubbing/srt_parser.py;tests/conftest.py;tests/core/test_adversarial_hardening.py;tests/core/test_aligner.py;tests/core/test_assembler.py;tests/core/test_batch.py;tests/core/test_espeak_backend.py;tests/core/test_mutant_killers.py;tests/core/test_parallel_pipeline.py;tests/core/test_pipeline.py;tests/core/test_piper_backend.py;tests/core/test_prosody.py;tests/core/test_say_backend.py;tests/core/test_srt_parser.py;tests/diarization/test_pipeline.py;tests/support/assertions.py;tests/support/builders.py;tests/web/test_app.py;tests/web/test_result.py;tests/web/test_stream.py;tests/web/test_upload_limit.py,__future__;dataclasses,__future__;dataclasses,STATICALLY_REFERENCED,,,,,,YES,ACTIVE_OR_EXTERNALLY_REACHABLE
dubbing/pipeline.py,dubbing.pipeline,module,1,114,,dubbing/apps/dubbing_web.py;dubbing/batch.py;dubbing/cli/main.py;tests/core/test_parallel_pipeline.py;tests/core/test_pipeline.py;tests/diarization/test_pipeline.py,__future__;concurrent.futures;dubbing.aligner;dubbing.backends.base;dubbing.diarization.attribution;dubbing.diarization.base;dubbing.diarization.models;dubbing.models;dubbing.prosody;dubbing.srt_parser;os;pathlib,__future__;concurrent.futures;dubbing.aligner;dubbing.backends.base;dubbing.diarization.attribution;dubbing.diarization.base;dubbing.diarization.models;dubbing.models;dubbing.prosody;dubbing.srt_parser;os;pathlib,STATICALLY_REFERENCED,,,,,,YES,ACTIVE_OR_EXTERNALLY_REACHABLE
dubbing/prosody.py,dubbing.prosody,module,1,16,,dubbing/pipeline.py;tests/core/test_boundaries.py;tests/core/test_mutant_killers.py;tests/core/test_prosody.py;tests/core/test_srt_parser.py,__future__;dubbing.models;re,__future__;dubbing.models;re,STATICALLY_REFERENCED,,,,,,YES,ACTIVE_OR_EXTERNALLY_REACHABLE
dubbing/srt_parser.py,dubbing.srt_parser,module,1,40,,dubbing/cli/main.py;dubbing/pipeline.py;tests/core/test_boundaries.py;tests/core/test_mutant_killers.py;tests/core/test_srt_parser.py,__future__;dubbing.models;pathlib;re,__future__;dubbing.models;pathlib;re,STATICALLY_REFERENCED,,,,,,NO_OR_UNKNOWN,ACTIVE_OR_EXTERNALLY_REACHABLE
dubbing/transcription/__init__.py,dubbing.transcription.__init__,module,1,39,,dubbing/apps/personal_capture/preflight.py;dubbing/apps/personal_capture/runtime.py;dubbing/apps/personal_capture/service.py;dubbing/cli/factories.py;dubbing/cli/main.py;dubbing/diarization/job.py;dubbing/transcription/__init__.py;dubbing/transcription/attribution.py;dubbing/transcription/base.py;dubbing/transcription/faster_whisper.py;dubbing/transcription/job.py;dubbing/transcription/mlx_whisper.py;dubbing/transcription/pipeline.py;dubbing/transcription/render.py;dubbing/translation/job.py;dubbing/translation/pipeline.py;tests/personal_capture/test_full_day_gate.py;tests/personal_capture/test_service.py;tests/transcription/test_diarization_integration.py;tests/transcription/test_faster_whisper_backend.py;tests/transcription/test_mlx_backend.py;tests/transcription/test_models.py;tests/transcription/test_resumable.py;tests/translation/test_pipeline.py;tests/translation/test_resumable.py,dubbing.transcription.attribution;dubbing.transcription.base;dubbing.transcription.faster_whisper;dubbing.transcription.job;dubbing.transcription.mlx_whisper;dubbing.transcription.models;dubbing.transcription.pipeline;dubbing.transcription.render,dubbing.transcription.attribution;dubbing.transcription.base;dubbing.transcription.faster_whisper;dubbing.transcription.job;dubbing.transcription.mlx_whisper;dubbing.transcription.models;dubbing.transcription.pipeline;dubbing.transcription.render,STATICALLY_REFERENCED,,,,,,NO_OR_UNKNOWN,ACTIVE_OR_EXTERNALLY_REACHABLE
dubbing/transcription/attribution.py,dubbing.transcription.attribution,module,1,60,,dubbing/transcription/__init__.py;dubbing/transcription/pipeline.py,__future__;dataclasses;dubbing.diarization.attribution;dubbing.diarization.models;dubbing.transcription.models,__future__;dataclasses;dubbing.diarization.attribution;dubbing.diarization.models;dubbing.transcription.models,STATICALLY_REFERENCED,,,,,,NO_OR_UNKNOWN,ACTIVE_OR_EXTERNALLY_REACHABLE
dubbing/transcription/base.py,dubbing.transcription.base,module,1,27,,dubbing/transcription/__init__.py;dubbing/transcription/faster_whisper.py;dubbing/transcription/job.py;dubbing/transcription/mlx_whisper.py;dubbing/transcription/pipeline.py,__future__;abc;dubbing.transcription.models;pathlib,__future__;abc;dubbing.transcription.models;pathlib,STATICALLY_REFERENCED,,,,,,NO_OR_UNKNOWN,ACTIVE_OR_EXTERNALLY_REACHABLE
dubbing/transcription/faster_whisper.py,dubbing.transcription.faster_whisper,module,1,215,,dubbing/transcription/__init__.py,__future__;dubbing.transcription.base;dubbing.transcription.models;hashlib;importlib;math;pathlib;typing,__future__;dubbing.transcription.base;dubbing.transcription.models;hashlib;importlib;math;pathlib;typing,STATICALLY_REFERENCED,,,,,,NO_OR_UNKNOWN,ACTIVE_OR_EXTERNALLY_REACHABLE
dubbing/transcription/job.py,dubbing.transcription.job,module,1,297,,dubbing/apps/personal_capture/preflight.py;dubbing/apps/personal_capture/service.py;dubbing/diarization/job.py;dubbing/transcription/__init__.py,__future__;dataclasses;dubbing.media;dubbing.transcription.base;dubbing.transcription.models;hashlib;json;os;pathlib;shutil;subprocess;tempfile,__future__;dataclasses;dubbing.media;dubbing.transcription.base;dubbing.transcription.models;hashlib;json;os;pathlib;shutil;subprocess;tempfile,STATICALLY_REFERENCED,,,,,,NO_OR_UNKNOWN,ACTIVE_OR_EXTERNALLY_REACHABLE
dubbing/transcription/mlx_whisper.py,dubbing.transcription.mlx_whisper,module,1,179,,dubbing/transcription/__init__.py,__future__;dubbing.transcription.base;dubbing.transcription.models;hashlib;importlib;math;pathlib;typing,__future__;dubbing.transcription.base;dubbing.transcription.models;hashlib;importlib;math;pathlib;typing,STATICALLY_REFERENCED,,,,,,NO_OR_UNKNOWN,ACTIVE_OR_EXTERNALLY_REACHABLE
dubbing/transcription/models.py,dubbing.transcription.models,module,1,163,,dubbing/transcription/__init__.py;dubbing/transcription/attribution.py;dubbing/transcription/base.py;dubbing/transcription/faster_whisper.py;dubbing/transcription/job.py;dubbing/transcription/mlx_whisper.py;dubbing/transcription/pipeline.py;dubbing/transcription/render.py;dubbing/translation/job.py;dubbing/translation/pipeline.py,__future__;dataclasses;typing,__future__;dataclasses;typing,STATICALLY_REFERENCED,,,,,,NO_OR_UNKNOWN,ACTIVE_OR_EXTERNALLY_REACHABLE
dubbing/transcription/pipeline.py,dubbing.transcription.pipeline,module,1,31,,dubbing/transcription/__init__.py,__future__;dubbing.diarization.base;dubbing.diarization.models;dubbing.transcription.attribution;dubbing.transcription.base;dubbing.transcription.models;pathlib,__future__;dubbing.diarization.base;dubbing.diarization.models;dubbing.transcription.attribution;dubbing.transcription.base;dubbing.transcription.models;pathlib,STATICALLY_REFERENCED,,,,,,NO_OR_UNKNOWN,ACTIVE_OR_EXTERNALLY_REACHABLE
dubbing/transcription/render.py,dubbing.transcription.render,module,1,38,,dubbing/transcription/__init__.py,__future__;dubbing.transcription.models,__future__;dubbing.transcription.models,STATICALLY_REFERENCED,,,,,,NO_OR_UNKNOWN,ACTIVE_OR_EXTERNALLY_REACHABLE
dubbing/translation/__init__.py,dubbing.translation.__init__,module,1,18,,dubbing/apps/personal_capture/runtime.py;dubbing/apps/personal_capture/service.py;dubbing/cli/main.py;dubbing/translation/__init__.py;dubbing/translation/job.py;dubbing/translation/lingua_detector.py;dubbing/translation/nllb.py;dubbing/translation/pipeline.py;tests/personal_capture/test_service.py;tests/translation/test_pipeline.py;tests/translation/test_resumable.py,dubbing.translation.base;dubbing.translation.job;dubbing.translation.lingua_detector;dubbing.translation.models;dubbing.translation.nllb;dubbing.translation.pipeline,dubbing.translation.base;dubbing.translation.job;dubbing.translation.lingua_detector;dubbing.translation.models;dubbing.translation.nllb;dubbing.translation.pipeline,STATICALLY_REFERENCED,,,,,,NO_OR_UNKNOWN,ACTIVE_OR_EXTERNALLY_REACHABLE
dubbing/translation/base.py,dubbing.translation.base,module,1,27,,dubbing/translation/__init__.py;dubbing/translation/job.py;dubbing/translation/lingua_detector.py;dubbing/translation/nllb.py;dubbing/translation/pipeline.py;tests/personal_capture/test_service.py;tests/translation/test_pipeline.py,__future__;abc,__future__;abc,STATICALLY_REFERENCED,,,,,,NO_OR_UNKNOWN,ACTIVE_OR_EXTERNALLY_REACHABLE
dubbing/translation/job.py,dubbing.translation.job,module,1,133,,dubbing/translation/__init__.py,__future__;dubbing.transcription.models;dubbing.translation.base;dubbing.translation.models;dubbing.translation.pipeline;hashlib;json;os;pathlib,__future__;dubbing.transcription.models;dubbing.translation.base;dubbing.translation.models;dubbing.translation.pipeline;hashlib;json;os;pathlib,STATICALLY_REFERENCED,,,,,,NO_OR_UNKNOWN,ACTIVE_OR_EXTERNALLY_REACHABLE
dubbing/translation/lingua_detector.py,dubbing.translation.lingua_detector,module,1,38,,dubbing/translation/__init__.py;tests/translation/test_pipeline.py,__future__;dubbing.translation.base;lingua,__future__;dubbing.translation.base;lingua,STATICALLY_REFERENCED,,,,,,NO_OR_UNKNOWN,ACTIVE_OR_EXTERNALLY_REACHABLE
dubbing/translation/models.py,dubbing.translation.models,module,1,47,,dubbing/translation/__init__.py;dubbing/translation/job.py;dubbing/translation/pipeline.py,__future__;dataclasses,__future__;dataclasses,STATICALLY_REFERENCED,,,,,,NO_OR_UNKNOWN,ACTIVE_OR_EXTERNALLY_REACHABLE
dubbing/translation/nllb.py,dubbing.translation.nllb,module,1,85,,dubbing/translation/__init__.py,__future__;dubbing.translation.base;torch;transformers,__future__;dubbing.translation.base;torch;transformers,STATICALLY_REFERENCED,,,,,,NO_OR_UNKNOWN,ACTIVE_OR_EXTERNALLY_REACHABLE
dubbing/translation/pipeline.py,dubbing.translation.pipeline,module,1,71,,dubbing/translation/__init__.py;dubbing/translation/job.py;tests/translation/test_pipeline.py,__future__;dubbing.transcription.models;dubbing.translation.base;dubbing.translation.models,__future__;dubbing.transcription.models;dubbing.translation.base;dubbing.translation.models,STATICALLY_REFERENCED,,,,,,NO_OR_UNKNOWN,ACTIVE_OR_EXTERNALLY_REACHABLE
tests/__init__.py,tests.__init__,module,1,1,,tests/conftest.py;tests/core/test_boundaries.py;tests/core/test_mutant_killers.py;tests/personal_capture/test_operations.py;tests/personal_capture/test_preflight.py;tests/personal_capture/test_review_app.py,,,STATICALLY_REFERENCED,,,,,,NO_OR_UNKNOWN,TEST
tests/acceptance/__init__.py,tests.acceptance.__init__,module,1,2,,,,,EXTERNAL_OR_UNRESOLVED,,,,,,NO_OR_UNKNOWN,TEST
tests/acceptance/test_acceptance_cli.py,tests.acceptance.test_acceptance_cli,module,1,143,,,__future__;acceptance;io;json;pathlib;pytest;subprocess;wave,__future__;acceptance;io;json;pathlib;pytest;subprocess;wave,EXTERNAL_OR_UNRESOLVED,,,,,,NO_OR_UNKNOWN,TEST
tests/acceptance/test_acceptance_helpers.py,tests.acceptance.test_acceptance_helpers,module,1,197,,,__future__;acceptance;io;pytest;wave,__future__;acceptance;io;pytest;wave,EXTERNAL_OR_UNRESOLVED,,,,,,NO_OR_UNKNOWN,TEST
tests/acceptance/test_project_structure.py,tests.acceptance.test_project_structure,module,1,204,,,__future__;pathlib;re,__future__;pathlib;re,EXTERNAL_OR_UNRESOLVED,,,,,,NO_OR_UNKNOWN,TEST
tests/cli/__init__.py,tests.cli.__init__,module,1,2,,,,,EXTERNAL_OR_UNRESOLVED,,,,,,NO_OR_UNKNOWN,TEST
tests/cli/test_cli.py,tests.cli.test_cli,module,1,304,,,__future__;io;json;pathlib;shutil;subprocess;sys;wave,__future__;io;json;pathlib;shutil;subprocess;sys;wave,EXTERNAL_OR_UNRESOLVED,,,,,,NO_OR_UNKNOWN,TEST
tests/cli/test_gpu_launcher.py,tests.cli.test_gpu_launcher,module,1,46,,,__future__;dubbing;os;pytest;unittest.mock,__future__;dubbing;os;pytest;unittest.mock,EXTERNAL_OR_UNRESOLVED,,,,,,NO_OR_UNKNOWN,TEST
tests/conftest.py,tests.conftest,module,1,58,,,__future__;dubbing.models;pytest;tests.support.builders,__future__;dubbing.models;pytest;tests.support.builders,EXTERNAL_OR_UNRESOLVED,,,,,,NO_OR_UNKNOWN,TEST
tests/core/__init__.py,tests.core.__init__,module,1,2,,,,,EXTERNAL_OR_UNRESOLVED,,,,,,NO_OR_UNKNOWN,TEST
tests/core/test_adversarial_hardening.py,tests.core.test_adversarial_hardening,module,1,213,,,__future__;dubbing.aligner;dubbing.apps.dubbing_web;dubbing.assembler;dubbing.backends.base;dubbing.backends.say;dubbing.models;io;json;pathlib;pytest;subprocess;sys;wave,__future__;dubbing.aligner;dubbing.apps.dubbing_web;dubbing.assembler;dubbing.backends.base;dubbing.backends.say;dubbing.models;io;json;pathlib;pytest;subprocess;sys;wave,EXTERNAL_OR_UNRESOLVED,,,,,,NO_OR_UNKNOWN,TEST
tests/core/test_aligner.py,tests.core.test_aligner,module,1,296,,,__future__;dubbing.aligner;dubbing.models;pytest,__future__;dubbing.aligner;dubbing.models;pytest,EXTERNAL_OR_UNRESOLVED,,,,,,NO_OR_UNKNOWN,TEST
tests/core/test_assembler.py,tests.core.test_assembler,module,1,264,,,__future__;dubbing.aligner;dubbing.assembler;dubbing.models;io;pytest;wave,__future__;dubbing.aligner;dubbing.assembler;dubbing.models;io;pytest;wave,EXTERNAL_OR_UNRESOLVED,,,,,,NO_OR_UNKNOWN,TEST
tests/core/test_batch.py,tests.core.test_batch,module,1,316,,,__future__;dubbing.aligner;dubbing.backends.base;dubbing.batch;dubbing.models;io;json;pathlib;pytest;wave,__future__;dubbing.aligner;dubbing.backends.base;dubbing.batch;dubbing.models;io;json;pathlib;pytest;wave,EXTERNAL_OR_UNRESOLVED,,,,,,NO_OR_UNKNOWN,TEST
tests/core/test_boundaries.py,tests.core.test_boundaries,module,1,127,,,__future__;dubbing.aligner;dubbing.prosody;dubbing.srt_parser;pytest;tests.support.assertions;tests.support.builders;tests.support.params,__future__;dubbing.aligner;dubbing.prosody;dubbing.srt_parser;pytest;tests.support.assertions;tests.support.builders;tests.support.params,EXTERNAL_OR_UNRESOLVED,,,,,,NO_OR_UNKNOWN,TEST
tests/core/test_espeak_backend.py,tests.core.test_espeak_backend,module,1,38,,,__future__;dubbing.backends.espeak;dubbing.models;io;pytest;shutil;wave,__future__;dubbing.backends.espeak;dubbing.models;io;pytest;shutil;wave,EXTERNAL_OR_UNRESOLVED,,,,,,NO_OR_UNKNOWN,TEST
tests/core/test_media.py,tests.core.test_media,module,1,32,,,__future__;dubbing.media;unittest.mock,__future__;dubbing.media;unittest.mock,EXTERNAL_OR_UNRESOLVED,,,,,,NO_OR_UNKNOWN,TEST
tests/core/test_mutant_killers.py,tests.core.test_mutant_killers,module,1,603,,,__future__;array;dubbing.aligner;dubbing.assembler;dubbing.models;dubbing.prosody;dubbing.srt_parser;io;pytest;tests.support.assertions;tests.support.builders;wave,__future__;array;dubbing.aligner;dubbing.assembler;dubbing.models;dubbing.prosody;dubbing.srt_parser;io;pytest;tests.support.assertions;tests.support.builders;wave,EXTERNAL_OR_UNRESOLVED,,,,,,NO_OR_UNKNOWN,TEST
tests/core/test_parallel_pipeline.py,tests.core.test_parallel_pipeline,module,1,323,,,__future__;dubbing.backends.base;dubbing.models;dubbing.pipeline;io;pytest;time;wave,__future__;dubbing.backends.base;dubbing.models;dubbing.pipeline;io;pytest;time;wave,EXTERNAL_OR_UNRESOLVED,,,,,,NO_OR_UNKNOWN,TEST
tests/core/test_pipeline.py,tests.core.test_pipeline,module,1,388,,,__future__;dubbing.aligner;dubbing.backends.base;dubbing.models;dubbing.pipeline,__future__;dubbing.aligner;dubbing.backends.base;dubbing.models;dubbing.pipeline,EXTERNAL_OR_UNRESOLVED,,,,,,NO_OR_UNKNOWN,TEST
tests/core/test_piper_backend.py,tests.core.test_piper_backend,module,1,631,,,__future__;dubbing.backends;dubbing.backends.base;dubbing.backends.piper;dubbing.models;io;json;pytest;subprocess;unittest.mock;wave,__future__;dubbing.backends;dubbing.backends.base;dubbing.backends.piper;dubbing.models;io;json;pytest;subprocess;unittest.mock;wave,EXTERNAL_OR_UNRESOLVED,,,,,,NO_OR_UNKNOWN,TEST
tests/core/test_prosody.py,tests.core.test_prosody,module,1,191,,,__future__;dubbing.models;dubbing.prosody,__future__;dubbing.models;dubbing.prosody,EXTERNAL_OR_UNRESOLVED,,,,,,NO_OR_UNKNOWN,TEST
tests/core/test_prosody_bounds.py,tests.core.test_prosody_bounds,module,1,185,,,__future__;dubbing.backends.say;io;pathlib;pytest;subprocess;wave,__future__;dubbing.backends.say;io;pathlib;pytest;subprocess;wave,EXTERNAL_OR_UNRESOLVED,,,,,,NO_OR_UNKNOWN,TEST
tests/core/test_say_backend.py,tests.core.test_say_backend,module,1,483,,,__future__;dubbing.backends.base;dubbing.backends.say;dubbing.models;io;pathlib;pytest;shutil;subprocess;unittest.mock;wave,__future__;dubbing.backends.base;dubbing.backends.say;dubbing.models;io;pathlib;pytest;shutil;subprocess;unittest.mock;wave,EXTERNAL_OR_UNRESOLVED,,,,,,NO_OR_UNKNOWN,TEST
tests/core/test_srt_parser.py,tests.core.test_srt_parser,module,1,334,,,__future__;dubbing.models;dubbing.prosody;dubbing.srt_parser,__future__;dubbing.models;dubbing.prosody;dubbing.srt_parser,EXTERNAL_OR_UNRESOLVED,,,,,,NO_OR_UNKNOWN,TEST
tests/diarization/__init__.py,tests.diarization.__init__,module,1,2,,,,,EXTERNAL_OR_UNRESOLVED,,,,,,NO_OR_UNKNOWN,TEST
tests/diarization/test_attribution.py,tests.diarization.test_attribution,module,1,85,,,__future__;dubbing.diarization;pytest,__future__;dubbing.diarization;pytest,EXTERNAL_OR_UNRESOLVED,,,,,,NO_OR_UNKNOWN,TEST
tests/diarization/test_pipeline.py,tests.diarization.test_pipeline,module,1,76,,,__future__;dubbing.backends.base;dubbing.diarization;dubbing.models;dubbing.pipeline;io;wave,__future__;dubbing.backends.base;dubbing.diarization;dubbing.models;dubbing.pipeline;io;wave,EXTERNAL_OR_UNRESOLVED,,,,,,NO_OR_UNKNOWN,TEST
tests/diarization/test_resumable.py,tests.diarization.test_resumable,module,1,82,,,dubbing.diarization;pathlib;pytest;unittest.mock,dubbing.diarization;pathlib;pytest;unittest.mock,EXTERNAL_OR_UNRESOLVED,,,,,,NO_OR_UNKNOWN,TEST
tests/diarization/test_sherpa_backend.py,tests.diarization.test_sherpa_backend,module,1,75,,,__future__;dubbing.diarization;pathlib;pytest;unittest.mock,__future__;dubbing.diarization;pathlib;pytest;unittest.mock,EXTERNAL_OR_UNRESOLVED,,,,,,NO_OR_UNKNOWN,TEST
tests/personal_capture/__init__.py,tests.personal_capture.__init__,module,1,2,,tests/personal_capture/test_operations.py;tests/personal_capture/test_preflight.py;tests/personal_capture/test_review_app.py,,,STATICALLY_REFERENCED,,,,,,NO_OR_UNKNOWN,TEST
tests/personal_capture/test_benchmark.py,tests.personal_capture.test_benchmark,module,1,7,,,dubbing.apps.personal_capture.benchmark,dubbing.apps.personal_capture.benchmark,EXTERNAL_OR_UNRESOLVED,,,,,,NO_OR_UNKNOWN,TEST
tests/personal_capture/test_config.py,tests.personal_capture.test_config,module,1,84,,tests/personal_capture/test_preflight.py;tests/personal_capture/test_review_app.py,dubbing.apps.personal_capture.config;json;pathlib;pytest,dubbing.apps.personal_capture.config;json;pathlib;pytest,STATICALLY_REFERENCED,,,,,,NO_OR_UNKNOWN,TEST
tests/personal_capture/test_full_day_gate.py,tests.personal_capture.test_full_day_gate,module,1,117,,,dubbing.diarization;dubbing.transcription;pathlib;unittest.mock,dubbing.diarization;dubbing.transcription;pathlib;unittest.mock,EXTERNAL_OR_UNRESOLVED,,,,,,NO_OR_UNKNOWN,TEST
tests/personal_capture/test_operations.py,tests.personal_capture.test_operations,module,1,87,,,__future__;dubbing.apps.personal_capture;dubbing.apps.personal_capture.outbox;hashlib;json;tests.personal_capture.test_service,__future__;dubbing.apps.personal_capture;dubbing.apps.personal_capture.outbox;hashlib;json;tests.personal_capture.test_service,EXTERNAL_OR_UNRESOLVED,,,,,,NO_OR_UNKNOWN,TEST
tests/personal_capture/test_preflight.py,tests.personal_capture.test_preflight,module,1,45,,,dubbing.apps.personal_capture.preflight;json;os;tests.personal_capture.test_config;types;unittest.mock,dubbing.apps.personal_capture.preflight;json;os;tests.personal_capture.test_config;types;unittest.mock,EXTERNAL_OR_UNRESOLVED,,,,,,NO_OR_UNKNOWN,TEST
tests/personal_capture/test_review_app.py,tests.personal_capture.test_review_app,module,1,39,,,dubbing.apps.personal_capture.review;json;tests.personal_capture.test_config;unittest.mock,dubbing.apps.personal_capture.review;json;tests.personal_capture.test_config;unittest.mock,EXTERNAL_OR_UNRESOLVED,,,,,,NO_OR_UNKNOWN,TEST
tests/personal_capture/test_service.py,tests.personal_capture.test_service,module,1,249,,tests/personal_capture/test_operations.py,__future__;dubbing.apps.personal_capture;dubbing.transcription;dubbing.translation.base;json;os;pathlib;pytest;shutil;unittest.mock,__future__;dubbing.apps.personal_capture;dubbing.transcription;dubbing.translation.base;json;os;pathlib;pytest;shutil;unittest.mock,STATICALLY_REFERENCED,,,,,,NO_OR_UNKNOWN,TEST
tests/support/__init__.py,tests.support.__init__,module,1,1,,tests/conftest.py;tests/core/test_boundaries.py;tests/core/test_mutant_killers.py,,,STATICALLY_REFERENCED,,,,,,NO_OR_UNKNOWN,TEST
tests/support/assertions.py,tests.support.assertions,module,1,109,,tests/core/test_boundaries.py;tests/core/test_mutant_killers.py,__future__;dubbing.aligner;dubbing.models;io;pytest;typing;wave,__future__;dubbing.aligner;dubbing.models;io;pytest;typing;wave,STATICALLY_REFERENCED,,,,,,NO_OR_UNKNOWN,TEST
tests/support/builders.py,tests.support.builders,module,1,97,,tests/conftest.py;tests/core/test_boundaries.py;tests/core/test_mutant_killers.py,__future__;dubbing.models;io;wave,__future__;dubbing.models;io;wave,STATICALLY_REFERENCED,,,,,,NO_OR_UNKNOWN,TEST
tests/support/params.py,tests.support.params,module,1,83,,tests/core/test_boundaries.py,__future__;pytest,__future__;pytest,STATICALLY_REFERENCED,,,,,,NO_OR_UNKNOWN,TEST
tests/transcription/__init__.py,tests.transcription.__init__,module,1,2,,,,,EXTERNAL_OR_UNRESOLVED,,,,,,NO_OR_UNKNOWN,TEST
tests/transcription/test_diarization_integration.py,tests.transcription.test_diarization_integration,module,1,95,,,__future__;dubbing.diarization;dubbing.transcription,__future__;dubbing.diarization;dubbing.transcription,EXTERNAL_OR_UNRESOLVED,,,,,,NO_OR_UNKNOWN,TEST
tests/transcription/test_faster_whisper_backend.py,tests.transcription.test_faster_whisper_backend,module,1,123,,,__future__;dubbing.transcription;pytest;types;unittest.mock,__future__;dubbing.transcription;pytest;types;unittest.mock,EXTERNAL_OR_UNRESOLVED,,,,,,NO_OR_UNKNOWN,TEST
tests/transcription/test_mlx_backend.py,tests.transcription.test_mlx_backend,module,1,110,,,__future__;dubbing.transcription;pytest;unittest.mock,__future__;dubbing.transcription;pytest;unittest.mock,EXTERNAL_OR_UNRESOLVED,,,,,,NO_OR_UNKNOWN,TEST
tests/transcription/test_models.py,tests.transcription.test_models,module,1,94,,,__future__;dubbing.transcription;pytest,__future__;dubbing.transcription;pytest,EXTERNAL_OR_UNRESOLVED,,,,,,NO_OR_UNKNOWN,TEST
tests/transcription/test_resumable.py,tests.transcription.test_resumable,module,1,115,,,__future__;dubbing.transcription;json;pathlib;pytest;unittest.mock,__future__;dubbing.transcription;json;pathlib;pytest;unittest.mock,EXTERNAL_OR_UNRESOLVED,,,,,,NO_OR_UNKNOWN,TEST
tests/translation/__init__.py,tests.translation.__init__,module,1,2,,,,,EXTERNAL_OR_UNRESOLVED,,,,,,NO_OR_UNKNOWN,TEST
tests/translation/test_pipeline.py,tests.translation.test_pipeline,module,1,91,,,__future__;dubbing.transcription;dubbing.translation.base;dubbing.translation.lingua_detector;dubbing.translation.pipeline,__future__;dubbing.transcription;dubbing.translation.base;dubbing.translation.lingua_detector;dubbing.translation.pipeline,EXTERNAL_OR_UNRESOLVED,,,,,,NO_OR_UNKNOWN,TEST
tests/translation/test_resumable.py,tests.translation.test_resumable,module,1,82,,,dataclasses;dubbing.transcription;dubbing.translation;pytest,dataclasses;dubbing.transcription;dubbing.translation;pytest,EXTERNAL_OR_UNRESOLVED,,,,,,NO_OR_UNKNOWN,TEST
tests/web/__init__.py,tests.web.__init__,module,1,2,,,,,EXTERNAL_OR_UNRESOLVED,,,,,,NO_OR_UNKNOWN,TEST
tests/web/test_app.py,tests.web.test_app,module,1,526,,,__future__;dubbing.apps.dubbing_web;dubbing.backends.base;dubbing.models;io;json;pytest;re;uuid;wave,__future__;dubbing.apps.dubbing_web;dubbing.backends.base;dubbing.models;io;json;pytest;re;uuid;wave,EXTERNAL_OR_UNRESOLVED,,,,,,NO_OR_UNKNOWN,TEST
tests/web/test_result.py,tests.web.test_result,module,1,207,,,__future__;dubbing.apps.dubbing_web;dubbing.backends.base;dubbing.models;io;pytest;re;wave,__future__;dubbing.apps.dubbing_web;dubbing.backends.base;dubbing.models;io;pytest;re;wave,EXTERNAL_OR_UNRESOLVED,,,,,,NO_OR_UNKNOWN,TEST
tests/web/test_stream.py,tests.web.test_stream,module,1,204,,,__future__;dubbing.apps.dubbing_web;dubbing.backends.base;dubbing.models;io;pytest;uuid;wave,__future__;dubbing.apps.dubbing_web;dubbing.backends.base;dubbing.models;io;pytest;uuid;wave,EXTERNAL_OR_UNRESOLVED,,,,,,NO_OR_UNKNOWN,TEST
tests/web/test_upload_limit.py,tests.web.test_upload_limit,module,1,277,,,__future__;dubbing.apps.dubbing_web;dubbing.backends.base;dubbing.models;io;json;pytest;wave,__future__;dubbing.apps.dubbing_web;dubbing.backends.base;dubbing.models;io;json;pytest;wave,EXTERNAL_OR_UNRESOLVED,,,,,,NO_OR_UNKNOWN,TEST
acceptance.py,_wav_duration_ms,function,29,31,,acceptance.py:_wav_duration_ms;dubbing/backends/piper.py:_wav_duration_ms;dubbing/backends/say.py:_wav_duration_ms;tests/core/test_piper_backend.py:_wav_duration_ms,Path;Path.glob;ValueError;_wav_duration_ms;abs;app.run;check_cli;check_web;encode;int;io.BytesIO;json.loads;len;list;match.group;print;re.search;read_text;resp.read;resp.read.decode;str;subprocess.run;sys.exit;tempfile.TemporaryDirectory;thread.start;threading.Thread;time.sleep;urllib.request.Request;urllib.request.urlopen;uuid.uuid4;verify_segments;verify_wav_header;wav.read_bytes;wave.open;wf.getframerate;wf.getnframes,__future__;dubbing.apps.dubbing_web;io;json;pathlib;re;subprocess;sys;tempfile;threading;time;urllib.error;urllib.request;uuid;wave,STATICALLY_REFERENCED,tests/core/test_piper_backend.py,,,,,NO_OR_UNKNOWN,ACTIVE_OR_EXTERNALLY_REACHABLE
acceptance.py,verify_wav_header,function,34,48,,acceptance.py:verify_wav_header;tests/acceptance/test_acceptance_helpers.py:verify_wav_header,Path;Path.glob;ValueError;_wav_duration_ms;abs;app.run;check_cli;check_web;encode;int;io.BytesIO;json.loads;len;list;match.group;print;re.search;read_text;resp.read;resp.read.decode;str;subprocess.run;sys.exit;tempfile.TemporaryDirectory;thread.start;threading.Thread;time.sleep;urllib.request.Request;urllib.request.urlopen;uuid.uuid4;verify_segments;verify_wav_header;wav.read_bytes;wave.open;wf.getframerate;wf.getnframes,__future__;dubbing.apps.dubbing_web;io;json;pathlib;re;subprocess;sys;tempfile;threading;time;urllib.error;urllib.request;uuid;wave,STATICALLY_REFERENCED,tests/acceptance/test_acceptance_helpers.py,,,,,NO_OR_UNKNOWN,ACTIVE_OR_EXTERNALLY_REACHABLE
acceptance.py,verify_segments,function,51,56,,acceptance.py:verify_segments;tests/acceptance/test_acceptance_helpers.py:verify_segments,Path;Path.glob;ValueError;_wav_duration_ms;abs;app.run;check_cli;check_web;encode;int;io.BytesIO;json.loads;len;list;match.group;print;re.search;read_text;resp.read;resp.read.decode;str;subprocess.run;sys.exit;tempfile.TemporaryDirectory;thread.start;threading.Thread;time.sleep;urllib.request.Request;urllib.request.urlopen;uuid.uuid4;verify_segments;verify_wav_header;wav.read_bytes;wave.open;wf.getframerate;wf.getnframes,__future__;dubbing.apps.dubbing_web;io;json;pathlib;re;subprocess;sys;tempfile;threading;time;urllib.error;urllib.request;uuid;wave,STATICALLY_REFERENCED,tests/acceptance/test_acceptance_helpers.py,,,,,NO_OR_UNKNOWN,ACTIVE_OR_EXTERNALLY_REACHABLE
acceptance.py,check_cli,function,59,96,,acceptance.py:check_cli;tests/acceptance/test_acceptance_cli.py:check_cli,Path;Path.glob;ValueError;_wav_duration_ms;abs;app.run;check_cli;check_web;encode;int;io.BytesIO;json.loads;len;list;match.group;print;re.search;read_text;resp.read;resp.read.decode;str;subprocess.run;sys.exit;tempfile.TemporaryDirectory;thread.start;threading.Thread;time.sleep;urllib.request.Request;urllib.request.urlopen;uuid.uuid4;verify_segments;verify_wav_header;wav.read_bytes;wave.open;wf.getframerate;wf.getnframes,__future__;dubbing.apps.dubbing_web;io;json;pathlib;re;subprocess;sys;tempfile;threading;time;urllib.error;urllib.request;uuid;wave,STATICALLY_REFERENCED,tests/acceptance/test_acceptance_cli.py;tests/acceptance/test_acceptance_helpers.py,,,,,NO_OR_UNKNOWN,ACTIVE_OR_EXTERNALLY_REACHABLE
acceptance.py,check_web,function,99,153,,acceptance.py:check_web,Path;Path.glob;ValueError;_wav_duration_ms;abs;app.run;check_cli;check_web;encode;int;io.BytesIO;json.loads;len;list;match.group;print;re.search;read_text;resp.read;resp.read.decode;str;subprocess.run;sys.exit;tempfile.TemporaryDirectory;thread.start;threading.Thread;time.sleep;urllib.request.Request;urllib.request.urlopen;uuid.uuid4;verify_segments;verify_wav_header;wav.read_bytes;wave.open;wf.getframerate;wf.getnframes,__future__;dubbing.apps.dubbing_web;io;json;pathlib;re;subprocess;sys;tempfile;threading;time;urllib.error;urllib.request;uuid;wave,STATICALLY_REFERENCED,,,,,,NO_OR_UNKNOWN,ACTIVE_OR_EXTERNALLY_REACHABLE
dubbing/aligner.py,TimedSegment,class,9,16,dataclass,dubbing/aligner.py:TimedSegment;tests/core/test_adversarial_hardening.py:TimedSegment;tests/core/test_mutant_killers.py:TimedSegment,,__future__;dataclasses;dubbing.models,STATICALLY_REFERENCED,tests/core/test_adversarial_hardening.py;tests/core/test_aligner.py;tests/core/test_batch.py;tests/core/test_mutant_killers.py;tests/core/test_pipeline.py;tests/support/assertions.py,,,,,YES,ACTIVE_OR_EXTERNALLY_REACHABLE
dubbing/aligner.py,segment_plan,function,19,29,,dubbing/batch.py:segment_plan;dubbing/cli/main.py:segment_plan;tests/core/test_mutant_killers.py:segment_plan,TimedSegment;ValueError;len;result.append;zip,__future__;dataclasses;dubbing.models,STATICALLY_REFERENCED,tests/core/test_mutant_killers.py,,,,,NO_OR_UNKNOWN,ACTIVE_OR_EXTERNALLY_REACHABLE
dubbing/aligner.py,TimelineAligner,class,32,93,,dubbing/pipeline.py:TimelineAligner;tests/core/test_aligner.py:TimelineAligner;tests/core/test_assembler.py:TimelineAligner;tests/core/test_boundaries.py:TimelineAligner;tests/core/test_mutant_killers.py:TimelineAligner,,__future__;dataclasses;dubbing.models,STATICALLY_REFERENCED,tests/core/test_aligner.py;tests/core/test_assembler.py;tests/core/test_boundaries.py;tests/core/test_mutant_killers.py;tests/support/params.py,,,,,YES,ACTIVE_OR_EXTERNALLY_REACHABLE
dubbing/aligner.py,TimelineAligner.align,method,42,93,,dubbing/pipeline.py:self._aligner.align;tests/core/test_aligner.py:TimelineAligner.align;tests/core/test_assembler.py:TimelineAligner.align;tests/core/test_boundaries.py:TimelineAligner.align;tests/core/test_mutant_killers.py:TimelineAligner.align,,__future__;dataclasses;dubbing.models,STATICALLY_REFERENCED,tests/core/test_adversarial_hardening.py;tests/core/test_aligner.py;tests/core/test_assembler.py;tests/core/test_batch.py;tests/core/test_boundaries.py;tests/core/test_mutant_killers.py;tests/core/test_parallel_pipeline.py;tests/core/test_pipeline.py;tests/support/assertions.py,,,,,YES,ACTIVE_OR_EXTERNALLY_REACHABLE
dubbing/apps/dubbing_web.py,_store_job,function,59,74,,dubbing/apps/dubbing_web.py:_store_job;tests/web/test_app.py:_store_job;tests/web/test_stream.py:_store_job,DubbingPipeline;Flask;_RESULT_HTML.format;_jobs.pop;_jobs.values;_store_job;app.errorhandler;app.route;app.run;assemble_timeline;chunk.decode;io.BytesIO;iter;jsonify;len;main;next;pipeline.run_full;request.files.get;request.form.get;select_backend;send_file;srt_file.read;str;strip;sum;uuid.uuid4,__future__;dubbing.assembler;dubbing.backends;dubbing.pipeline;flask;io;subprocess;uuid,STATICALLY_REFERENCED,tests/web/test_app.py;tests/web/test_stream.py,,,,,NO_OR_UNKNOWN,ACTIVE_OR_EXTERNALLY_REACHABLE
dubbing/apps/dubbing_web.py,_request_too_large,web_route_or_handler,78,81,app.errorhandler,,DubbingPipeline;Flask;_RESULT_HTML.format;_jobs.pop;_jobs.values;_store_job;app.errorhandler;app.route;app.run;assemble_timeline;chunk.decode;io.BytesIO;iter;jsonify;len;main;next;pipeline.run_full;request.files.get;request.form.get;select_backend;send_file;srt_file.read;str;strip;sum;uuid.uuid4,__future__;dubbing.assembler;dubbing.backends;dubbing.pipeline;flask;io;subprocess;uuid,UNRESOLVED_STATICALLY,,,,,,NO_OR_UNKNOWN,ACTIVE_OR_EXTERNALLY_REACHABLE
dubbing/apps/dubbing_web.py,index,web_route_or_handler,85,86,app.route,tests/acceptance/test_acceptance_cli.py:fake.cmd.index;tests/acceptance/test_acceptance_cli.py:self.cmd.index;tests/core/test_piper_backend.py:index;tests/core/test_prosody_bounds.py:cmd.index;tests/core/test_say_backend.py:say_cmd.index,DubbingPipeline;Flask;_RESULT_HTML.format;_jobs.pop;_jobs.values;_store_job;app.errorhandler;app.route;app.run;assemble_timeline;chunk.decode;io.BytesIO;iter;jsonify;len;main;next;pipeline.run_full;request.files.get;request.form.get;select_backend;send_file;srt_file.read;str;strip;sum;uuid.uuid4,__future__;dubbing.assembler;dubbing.backends;dubbing.pipeline;flask;io;subprocess;uuid,STATICALLY_REFERENCED,tests/acceptance/test_acceptance_cli.py;tests/acceptance/test_acceptance_helpers.py;tests/conftest.py;tests/core/test_adversarial_hardening.py;tests/core/test_aligner.py;tests/core/test_assembler.py;tests/core/test_espeak_backend.py;tests/core/test_mutant_killers.py;tests/core/test_parallel_pipeline.py;tests/core/test_pipeline.py;tests/core/test_piper_backend.py;tests/core/test_prosody_bounds.py;tests/core/test_say_backend.py;tests/core/test_srt_parser.py;tests/support/builders.py;tests/translation/test_pipeline.py;tests/web/test_app.py,,,,,YES,ACTIVE_OR_EXTERNALLY_REACHABLE
dubbing/apps/dubbing_web.py,dub,web_route_or_handler,90,126,app.route,,DubbingPipeline;Flask;_RESULT_HTML.format;_jobs.pop;_jobs.values;_store_job;app.errorhandler;app.route;app.run;assemble_timeline;chunk.decode;io.BytesIO;iter;jsonify;len;main;next;pipeline.run_full;request.files.get;request.form.get;select_backend;send_file;srt_file.read;str;strip;sum;uuid.uuid4,__future__;dubbing.assembler;dubbing.backends;dubbing.pipeline;flask;io;subprocess;uuid,UNRESOLVED_STATICALLY,tests/acceptance/test_acceptance_cli.py;tests/acceptance/test_project_structure.py;tests/cli/test_cli.py;tests/cli/test_gpu_launcher.py;tests/conftest.py;tests/core/__init__.py;tests/core/test_adversarial_hardening.py;tests/core/test_aligner.py;tests/core/test_assembler.py;tests/core/test_batch.py;tests/core/test_boundaries.py;tests/core/test_espeak_backend.py;tests/core/test_media.py;tests/core/test_mutant_killers.py;tests/core/test_parallel_pipeline.py;tests/core/test_pipeline.py;tests/core/test_piper_backend.py;tests/core/test_prosody.py;tests/core/test_prosody_bounds.py;tests/core/test_say_backend.py;tests/core/test_srt_parser.py;tests/diarization/test_attribution.py;tests/diarization/test_pipeline.py;tests/diarization/test_resumable.py;tests/diarization/test_sherpa_backend.py;tests/personal_capture/test_benchmark.py;tests/personal_capture/test_config.py;tests/personal_capture/test_full_day_gate.py;tests/personal_capture/test_operations.py;tests/personal_capture/test_preflight.py;tests/personal_capture/test_review_app.py;tests/personal_capture/test_service.py;tests/support/assertions.py;tests/support/builders.py;tests/transcription/test_diarization_integration.py;tests/transcription/test_faster_whisper_backend.py;tests/transcription/test_mlx_backend.py;tests/transcription/test_models.py;tests/transcription/test_resumable.py;tests/translation/test_pipeline.py;tests/translation/test_resumable.py;tests/web/__init__.py;tests/web/test_app.py;tests/web/test_result.py;tests/web/test_stream.py;tests/web/test_upload_limit.py,,,,,YES,ACTIVE_OR_EXTERNALLY_REACHABLE
dubbing/apps/dubbing_web.py,stream,web_route_or_handler,130,138,app.route,,DubbingPipeline;Flask;_RESULT_HTML.format;_jobs.pop;_jobs.values;_store_job;app.errorhandler;app.route;app.run;assemble_timeline;chunk.decode;io.BytesIO;iter;jsonify;len;main;next;pipeline.run_full;request.files.get;request.form.get;select_backend;send_file;srt_file.read;str;strip;sum;uuid.uuid4,__future__;dubbing.assembler;dubbing.backends;dubbing.pipeline;flask;io;subprocess;uuid,UNRESOLVED_STATICALLY,tests/web/test_app.py;tests/web/test_result.py;tests/web/test_stream.py,,,,,NO_OR_UNKNOWN,ACTIVE_OR_EXTERNALLY_REACHABLE
dubbing/apps/dubbing_web.py,download,web_route_or_handler,142,150,app.route,,DubbingPipeline;Flask;_RESULT_HTML.format;_jobs.pop;_jobs.values;_store_job;app.errorhandler;app.route;app.run;assemble_timeline;chunk.decode;io.BytesIO;iter;jsonify;len;main;next;pipeline.run_full;request.files.get;request.form.get;select_backend;send_file;srt_file.read;str;strip;sum;uuid.uuid4,__future__;dubbing.assembler;dubbing.backends;dubbing.pipeline;flask;io;subprocess;uuid,UNRESOLVED_STATICALLY,tests/web/test_app.py;tests/web/test_result.py;tests/web/test_stream.py,,,,,YES,ACTIVE_OR_EXTERNALLY_REACHABLE
dubbing/apps/dubbing_web.py,main,function,153,154,,dubbing/__main__.py:main;dubbing/apps/dubbing_web.py:main;dubbing/apps/personal_capture/benchmark.py:main;dubbing/apps/personal_capture/preflight.py:main;dubbing/apps/personal_capture/review.py:main;dubbing/apps/personal_capture/watcher.py:main;dubbing/cli/main.py:main;dubbing/gpu_launcher.py:main;tests/cli/test_gpu_launcher.py:gpu_launcher.main,DubbingPipeline;Flask;_RESULT_HTML.format;_jobs.pop;_jobs.values;_store_job;app.errorhandler;app.route;app.run;assemble_timeline;chunk.decode;io.BytesIO;iter;jsonify;len;main;next;pipeline.run_full;request.files.get;request.form.get;select_backend;send_file;srt_file.read;str;strip;sum;uuid.uuid4,__future__;dubbing.assembler;dubbing.backends;dubbing.pipeline;flask;io;subprocess;uuid,STATICALLY_REFERENCED,tests/acceptance/test_project_structure.py;tests/cli/test_gpu_launcher.py;tests/web/test_upload_limit.py,,,,,YES,ACTIVE_OR_EXTERNALLY_REACHABLE
dubbing/apps/personal_capture/benchmark.py,_normalize,function,23,25,,dubbing/apps/personal_capture/benchmark.py:_normalize;tests/personal_capture/test_benchmark.py:_normalize,EXPECTED.items;Path;SequenceMatcher;SequenceMatcher.ratio;_normalize;all;argparse.ArgumentParser;build_service;datetime.now;datetime.now.isoformat;export_approved;item.get;join;json.dumps;json.loads;len;lines.append;load_config;main;output.mkdir;parser.add_argument;parser.parse_args;re.findall;read_text;round;row.get;row.update;rows.append;run_benchmark;service.approve;service.process;sorted;translation_path.is_file;translation_path.read_text;unicodedata.normalize;unicodedata.normalize.casefold;write_text,__future__;argparse;datetime;difflib;dubbing.apps.personal_capture.config;dubbing.apps.personal_capture.outbox;dubbing.apps.personal_capture.runtime;json;pathlib;re;unicodedata,STATICALLY_REFERENCED,tests/personal_capture/test_benchmark.py,,,,,NO_OR_UNKNOWN,ACTIVE_OR_EXTERNALLY_REACHABLE
dubbing/apps/personal_capture/benchmark.py,run_benchmark,function,28,115,,dubbing/apps/personal_capture/benchmark.py:run_benchmark,EXPECTED.items;Path;SequenceMatcher;SequenceMatcher.ratio;_normalize;all;argparse.ArgumentParser;build_service;datetime.now;datetime.now.isoformat;export_approved;item.get;join;json.dumps;json.loads;len;lines.append;load_config;main;output.mkdir;parser.add_argument;parser.parse_args;re.findall;read_text;round;row.get;row.update;rows.append;run_benchmark;service.approve;service.process;sorted;translation_path.is_file;translation_path.read_text;unicodedata.normalize;unicodedata.normalize.casefold;write_text,__future__;argparse;datetime;difflib;dubbing.apps.personal_capture.config;dubbing.apps.personal_capture.outbox;dubbing.apps.personal_capture.runtime;json;pathlib;re;unicodedata,STATICALLY_REFERENCED,,,,,,NO_OR_UNKNOWN,ACTIVE_OR_EXTERNALLY_REACHABLE
dubbing/apps/personal_capture/benchmark.py,main,function,118,124,,dubbing/__main__.py:main;dubbing/apps/dubbing_web.py:main;dubbing/apps/personal_capture/benchmark.py:main;dubbing/apps/personal_capture/preflight.py:main;dubbing/apps/personal_capture/review.py:main;dubbing/apps/personal_capture/watcher.py:main;dubbing/cli/main.py:main;dubbing/gpu_launcher.py:main;tests/cli/test_gpu_launcher.py:gpu_launcher.main,EXPECTED.items;Path;SequenceMatcher;SequenceMatcher.ratio;_normalize;all;argparse.ArgumentParser;build_service;datetime.now;datetime.now.isoformat;export_approved;item.get;join;json.dumps;json.loads;len;lines.append;load_config;main;output.mkdir;parser.add_argument;parser.parse_args;re.findall;read_text;round;row.get;row.update;rows.append;run_benchmark;service.approve;service.process;sorted;translation_path.is_file;translation_path.read_text;unicodedata.normalize;unicodedata.normalize.casefold;write_text,__future__;argparse;datetime;difflib;dubbing.apps.personal_capture.config;dubbing.apps.personal_capture.outbox;dubbing.apps.personal_capture.runtime;json;pathlib;re;unicodedata,STATICALLY_REFERENCED,tests/acceptance/test_project_structure.py;tests/cli/test_gpu_launcher.py;tests/web/test_upload_limit.py,,,,,YES,ACTIVE_OR_EXTERNALLY_REACHABLE
dubbing/apps/personal_capture/config.py,_absolute_path,function,9,16,,dubbing/apps/personal_capture/config.py:_absolute_path,Path;Path.is_absolute;Path.read_text;ValueError;_absolute_path;_workspace_child;boundaries.get;defaults.get;document.get;float;get;int;isinstance;join;json.loads;path.is_absolute;path.resolve;paths.get;resolve;token_file.is_absolute;validate_config,__future__;json;pathlib,STATICALLY_REFERENCED,,,,,,NO_OR_UNKNOWN,ACTIVE_OR_EXTERNALLY_REACHABLE
dubbing/apps/personal_capture/config.py,_workspace_child,function,19,23,,dubbing/apps/personal_capture/config.py:_workspace_child,Path;Path.is_absolute;Path.read_text;ValueError;_absolute_path;_workspace_child;boundaries.get;defaults.get;document.get;float;get;int;isinstance;join;json.loads;path.is_absolute;path.resolve;paths.get;resolve;token_file.is_absolute;validate_config,__future__;json;pathlib,STATICALLY_REFERENCED,,,,,,NO_OR_UNKNOWN,ACTIVE_OR_EXTERNALLY_REACHABLE
dubbing/apps/personal_capture/config.py,validate_config,function,26,114,,dubbing/apps/personal_capture/config.py:validate_config;tests/personal_capture/test_config.py:validate_config,Path;Path.is_absolute;Path.read_text;ValueError;_absolute_path;_workspace_child;boundaries.get;defaults.get;document.get;float;get;int;isinstance;join;json.loads;path.is_absolute;path.resolve;paths.get;resolve;token_file.is_absolute;validate_config,__future__;json;pathlib,STATICALLY_REFERENCED,tests/personal_capture/test_config.py,,,,,NO_OR_UNKNOWN,ACTIVE_OR_EXTERNALLY_REACHABLE
dubbing/apps/personal_capture/config.py,load_config,function,117,124,,dubbing/apps/personal_capture/benchmark.py:load_config;dubbing/apps/personal_capture/preflight.py:load_config;dubbing/apps/personal_capture/review.py:load_config;dubbing/apps/personal_capture/watcher.py:load_config;tests/personal_capture/test_config.py:load_config,Path;Path.is_absolute;Path.read_text;ValueError;_absolute_path;_workspace_child;boundaries.get;defaults.get;document.get;float;get;int;isinstance;join;json.loads;path.is_absolute;path.resolve;paths.get;resolve;token_file.is_absolute;validate_config,__future__;json;pathlib,STATICALLY_REFERENCED,tests/personal_capture/test_config.py,,,,,NO_OR_UNKNOWN,ACTIVE_OR_EXTERNALLY_REACHABLE
dubbing/apps/personal_capture/outbox.py,_sha256,function,11,16,,dubbing/apps/personal_capture/outbox.py:_sha256;dubbing/apps/personal_capture/service.py:_sha256,Path;Path.resolve;ValueError;_sha256;audio.is_file;audio.is_symlink;datetime.now;datetime.now.isoformat;destination.mkdir;digest.hexdigest;digest.update;event.get;event.get.get;event_path.read_bytes;event_path.read_text;handle.read;hashlib.sha256;hashlib.sha256.hexdigest;iter;json.loads;ledger.close;ledger.execute;os.replace;packages.glob;path.open;resolve;sorted;source.get;sqlite3.connect;target.with_suffix;temporary.write_bytes;transcript.is_file,__future__;datetime;hashlib;json;os;pathlib;sqlite3,STATICALLY_REFERENCED,tests/personal_capture/test_service.py;tests/transcription/test_mlx_backend.py;tests/transcription/test_models.py;tests/translation/test_resumable.py,,,,,NO_OR_UNKNOWN,ACTIVE_OR_EXTERNALLY_REACHABLE
dubbing/apps/personal_capture/outbox.py,export_approved,function,19,75,,dubbing/apps/personal_capture/benchmark.py:export_approved;dubbing/apps/personal_capture/service.py:export_approved;tests/personal_capture/test_operations.py:export_approved,Path;Path.resolve;ValueError;_sha256;audio.is_file;audio.is_symlink;datetime.now;datetime.now.isoformat;destination.mkdir;digest.hexdigest;digest.update;event.get;event.get.get;event_path.read_bytes;event_path.read_text;handle.read;hashlib.sha256;hashlib.sha256.hexdigest;iter;json.loads;ledger.close;ledger.execute;os.replace;packages.glob;path.open;resolve;sorted;source.get;sqlite3.connect;target.with_suffix;temporary.write_bytes;transcript.is_file,__future__;datetime;hashlib;json;os;pathlib;sqlite3,STATICALLY_REFERENCED,tests/personal_capture/test_operations.py,,,,,NO_OR_UNKNOWN,ACTIVE_OR_EXTERNALLY_REACHABLE
dubbing/apps/personal_capture/preflight.py,_check,function,16,17,,dubbing/apps/personal_capture/preflight.py:_check,Path;Path.resolve;Path.write_text;SystemExit;_check;any;argparse.ArgumentParser;bool;dependencies.items;ffmpeg_executable;get;importlib.util.find_spec;inspect_environment;int;json.dumps;len;load_config;main;media_duration_ms;model.is_file;os.access;os.chmod;parser.add_argument;parser.parse_args;path.is_dir;path.mkdir;print;process.stderr.strip;process.stdout.strip;report.append;shutil.disk_usage;shutil.which;source.is_file;source.is_symlink;source.stat;str;subprocess.run;token.is_file;token.read_text;token.read_text.strip;token.stat;workspace.exists,__future__;argparse;dubbing.apps.personal_capture.config;dubbing.media;dubbing.transcription.job;importlib.util;json;os;pathlib;shutil;subprocess,STATICALLY_REFERENCED,tests/core/test_say_backend.py;tests/diarization/test_resumable.py;tests/personal_capture/test_full_day_gate.py;tests/transcription/test_resumable.py;tests/translation/test_resumable.py,,,,,NO_OR_UNKNOWN,ACTIVE_OR_EXTERNALLY_REACHABLE
dubbing/apps/personal_capture/preflight.py,inspect_environment,function,20,187,,dubbing/apps/personal_capture/preflight.py:inspect_environment;tests/personal_capture/test_preflight.py:inspect_environment,Path;Path.resolve;Path.write_text;SystemExit;_check;any;argparse.ArgumentParser;bool;dependencies.items;ffmpeg_executable;get;importlib.util.find_spec;inspect_environment;int;json.dumps;len;load_config;main;media_duration_ms;model.is_file;os.access;os.chmod;parser.add_argument;parser.parse_args;path.is_dir;path.mkdir;print;process.stderr.strip;process.stdout.strip;report.append;shutil.disk_usage;shutil.which;source.is_file;source.is_symlink;source.stat;str;subprocess.run;token.is_file;token.read_text;token.read_text.strip;token.stat;workspace.exists,__future__;argparse;dubbing.apps.personal_capture.config;dubbing.media;dubbing.transcription.job;importlib.util;json;os;pathlib;shutil;subprocess,STATICALLY_REFERENCED,tests/personal_capture/test_preflight.py,,,,,NO_OR_UNKNOWN,ACTIVE_OR_EXTERNALLY_REACHABLE
dubbing/apps/personal_capture/preflight.py,main,function,190,208,,dubbing/__main__.py:main;dubbing/apps/dubbing_web.py:main;dubbing/apps/personal_capture/benchmark.py:main;dubbing/apps/personal_capture/preflight.py:main;dubbing/apps/personal_capture/review.py:main;dubbing/apps/personal_capture/watcher.py:main;dubbing/cli/main.py:main;dubbing/gpu_launcher.py:main;tests/cli/test_gpu_launcher.py:gpu_launcher.main,Path;Path.resolve;Path.write_text;SystemExit;_check;any;argparse.ArgumentParser;bool;dependencies.items;ffmpeg_executable;get;importlib.util.find_spec;inspect_environment;int;json.dumps;len;load_config;main;media_duration_ms;model.is_file;os.access;os.chmod;parser.add_argument;parser.parse_args;path.is_dir;path.mkdir;print;process.stderr.strip;process.stdout.strip;report.append;shutil.disk_usage;shutil.which;source.is_file;source.is_symlink;source.stat;str;subprocess.run;token.is_file;token.read_text;token.read_text.strip;token.stat;workspace.exists,__future__;argparse;dubbing.apps.personal_capture.config;dubbing.media;dubbing.transcription.job;importlib.util;json;os;pathlib;shutil;subprocess,STATICALLY_REFERENCED,tests/acceptance/test_project_structure.py;tests/cli/test_gpu_launcher.py;tests/web/test_upload_limit.py,,,,,YES,ACTIVE_OR_EXTERNALLY_REACHABLE
dubbing/apps/personal_capture/review.py,_safe_source,function,33,38,,dubbing/apps/personal_capture/review.py:_safe_source,Flask;Path;Path.suffix.lower;RuntimeError;_CAPTURE_ID.fullmatch;_safe_source;abort;aliases_from_form;app.get;app.post;app.run;argparse.ArgumentParser;build_service;bytes.fromhex;create_capture_app;destination.exists;flash;get;hmac.compare_digest;inbox.resolve;int;is_file;item.save;json.loads;len;line.split;load_config;main;os.replace;parser.add_argument;parser.parse_args;part.strip;partial.unlink;path.is_file;path.is_symlink;path.read_text;range;re.compile;re.fullmatch;read_text;redirect;render_template;request.args.get;request.files.get;request.form.get;request.form.get.splitlines;request.headers.get;request.headers.get.removeprefix;request.headers.get.removeprefix.strip;resolve;reversed;secrets.token_hex;secrets.token_urlsafe;secure_filename;send_file;service.approve;service.records;service.reject;service.store.get;service.store.retry;service.update_review;session.get;session.setdefault;token_path.read_text;token_path.read_text.strip;translation_path.is_file;translation_path.read_text;tuple;url_for,__future__;argparse;dubbing.apps.personal_capture.config;dubbing.apps.personal_capture.runtime;flask;hmac;json;os;pathlib;re;secrets;werkzeug.utils,STATICALLY_REFERENCED,,,,,,NO_OR_UNKNOWN,ACTIVE_OR_EXTERNALLY_REACHABLE
dubbing/apps/personal_capture/review.py,create_capture_app,function,41,191,,dubbing/apps/personal_capture/review.py:create_capture_app;tests/personal_capture/test_review_app.py:create_capture_app,Flask;Path;Path.suffix.lower;RuntimeError;_CAPTURE_ID.fullmatch;_safe_source;abort;aliases_from_form;app.get;app.post;app.run;argparse.ArgumentParser;build_service;bytes.fromhex;create_capture_app;destination.exists;flash;get;hmac.compare_digest;inbox.resolve;int;is_file;item.save;json.loads;len;line.split;load_config;main;os.replace;parser.add_argument;parser.parse_args;part.strip;partial.unlink;path.is_file;path.is_symlink;path.read_text;range;re.compile;re.fullmatch;read_text;redirect;render_template;request.args.get;request.files.get;request.form.get;request.form.get.splitlines;request.headers.get;request.headers.get.removeprefix;request.headers.get.removeprefix.strip;resolve;reversed;secrets.token_hex;secrets.token_urlsafe;secure_filename;send_file;service.approve;service.records;service.reject;service.store.get;service.store.retry;service.update_review;session.get;session.setdefault;token_path.read_text;token_path.read_text.strip;translation_path.is_file;translation_path.read_text;tuple;url_for,__future__;argparse;dubbing.apps.personal_capture.config;dubbing.apps.personal_capture.runtime;flask;hmac;json;os;pathlib;re;secrets;werkzeug.utils,STATICALLY_REFERENCED,tests/personal_capture/test_review_app.py,,,,,NO_OR_UNKNOWN,ACTIVE_OR_EXTERNALLY_REACHABLE
dubbing/apps/personal_capture/review.py,create_capture_app.authenticate,middleware,54,64,app.before_request,,,__future__;argparse;dubbing.apps.personal_capture.config;dubbing.apps.personal_capture.runtime;flask;hmac;json;os;pathlib;re;secrets;werkzeug.utils,UNRESOLVED_STATICALLY,,,,,,NO_OR_UNKNOWN,ACTIVE_OR_EXTERNALLY_REACHABLE
dubbing/apps/personal_capture/review.py,create_capture_app.security_headers,middleware,67,76,app.after_request,,,__future__;argparse;dubbing.apps.personal_capture.config;dubbing.apps.personal_capture.runtime;flask;hmac;json;os;pathlib;re;secrets;werkzeug.utils,UNRESOLVED_STATICALLY,,,,,,NO_OR_UNKNOWN,ACTIVE_OR_EXTERNALLY_REACHABLE
dubbing/apps/personal_capture/review.py,create_capture_app.index,web_route_or_handler,79,86,app.get,tests/acceptance/test_acceptance_cli.py:fake.cmd.index;tests/acceptance/test_acceptance_cli.py:self.cmd.index;tests/core/test_piper_backend.py:index;tests/core/test_prosody_bounds.py:cmd.index;tests/core/test_say_backend.py:say_cmd.index,,__future__;argparse;dubbing.apps.personal_capture.config;dubbing.apps.personal_capture.runtime;flask;hmac;json;os;pathlib;re;secrets;werkzeug.utils,STATICALLY_REFERENCED,tests/acceptance/test_acceptance_cli.py;tests/acceptance/test_acceptance_helpers.py;tests/conftest.py;tests/core/test_adversarial_hardening.py;tests/core/test_aligner.py;tests/core/test_assembler.py;tests/core/test_espeak_backend.py;tests/core/test_mutant_killers.py;tests/core/test_parallel_pipeline.py;tests/core/test_pipeline.py;tests/core/test_piper_backend.py;tests/core/test_prosody_bounds.py;tests/core/test_say_backend.py;tests/core/test_srt_parser.py;tests/support/builders.py;tests/translation/test_pipeline.py;tests/web/test_app.py,,,,,YES,ACTIVE_OR_EXTERNALLY_REACHABLE
dubbing/apps/personal_capture/review.py,create_capture_app.upload,web_route_or_handler,89,106,app.post,,,__future__;argparse;dubbing.apps.personal_capture.config;dubbing.apps.personal_capture.runtime;flask;hmac;json;os;pathlib;re;secrets;werkzeug.utils,UNRESOLVED_STATICALLY,tests/core/test_adversarial_hardening.py;tests/personal_capture/test_config.py;tests/web/test_app.py;tests/web/test_upload_limit.py,,,,,YES,ACTIVE_OR_EXTERNALLY_REACHABLE
dubbing/apps/personal_capture/review.py,create_capture_app.detail,web_route_or_handler,109,130,app.get,,,__future__;argparse;dubbing.apps.personal_capture.config;dubbing.apps.personal_capture.runtime;flask;hmac;json;os;pathlib;re;secrets;werkzeug.utils,UNRESOLVED_STATICALLY,tests/acceptance/test_acceptance_cli.py;tests/core/test_prosody_bounds.py,,,,,YES,ACTIVE_OR_EXTERNALLY_REACHABLE
dubbing/apps/personal_capture/review.py,create_capture_app.audio,web_route_or_handler,133,137,app.get,,,__future__;argparse;dubbing.apps.personal_capture.config;dubbing.apps.personal_capture.runtime;flask;hmac;json;os;pathlib;re;secrets;werkzeug.utils,UNRESOLVED_STATICALLY,tests/acceptance/test_acceptance_cli.py;tests/cli/test_gpu_launcher.py;tests/conftest.py;tests/core/test_adversarial_hardening.py;tests/core/test_aligner.py;tests/core/test_assembler.py;tests/core/test_batch.py;tests/core/test_espeak_backend.py;tests/core/test_mutant_killers.py;tests/core/test_parallel_pipeline.py;tests/core/test_pipeline.py;tests/core/test_piper_backend.py;tests/core/test_say_backend.py;tests/diarization/test_pipeline.py;tests/diarization/test_resumable.py;tests/diarization/test_sherpa_backend.py;tests/personal_capture/test_config.py;tests/personal_capture/test_full_day_gate.py;tests/personal_capture/test_review_app.py;tests/personal_capture/test_service.py;tests/support/assertions.py;tests/support/builders.py;tests/transcription/test_diarization_integration.py;tests/transcription/test_faster_whisper_backend.py;tests/transcription/test_mlx_backend.py;tests/transcription/test_resumable.py;tests/web/test_app.py;tests/web/test_result.py;tests/web/test_stream.py;tests/web/test_upload_limit.py,,,,,YES,ACTIVE_OR_EXTERNALLY_REACHABLE
dubbing/apps/personal_capture/review.py,create_capture_app.aliases_from_form,method,139,147,,dubbing/apps/personal_capture/review.py:aliases_from_form,,__future__;argparse;dubbing.apps.personal_capture.config;dubbing.apps.personal_capture.runtime;flask;hmac;json;os;pathlib;re;secrets;werkzeug.utils,STATICALLY_REFERENCED,,,,,,NO_OR_UNKNOWN,ACTIVE_OR_EXTERNALLY_REACHABLE
dubbing/apps/personal_capture/review.py,create_capture_app.save,web_route_or_handler,150,178,app.post,dubbing/apps/personal_capture/review.py:item.save,,__future__;argparse;dubbing.apps.personal_capture.config;dubbing.apps.personal_capture.runtime;flask;hmac;json;os;pathlib;re;secrets;werkzeug.utils,STATICALLY_REFERENCED,,,,,,NO_OR_UNKNOWN,ACTIVE_OR_EXTERNALLY_REACHABLE
dubbing/apps/personal_capture/review.py,create_capture_app.retry,web_route_or_handler,181,184,app.post,dubbing/apps/personal_capture/review.py:service.store.retry;tests/personal_capture/test_operations.py:service.store.retry,,__future__;argparse;dubbing.apps.personal_capture.config;dubbing.apps.personal_capture.runtime;flask;hmac;json;os;pathlib;re;secrets;werkzeug.utils,STATICALLY_REFERENCED,tests/personal_capture/test_operations.py;tests/personal_capture/test_service.py,,,,,YES,ACTIVE_OR_EXTERNALLY_REACHABLE
dubbing/apps/personal_capture/review.py,create_capture_app.health,web_route_or_handler,187,189,app.get,,,__future__;argparse;dubbing.apps.personal_capture.config;dubbing.apps.personal_capture.runtime;flask;hmac;json;os;pathlib;re;secrets;werkzeug.utils,UNRESOLVED_STATICALLY,,,,,,YES,ACTIVE_OR_EXTERNALLY_REACHABLE
dubbing/apps/personal_capture/review.py,main,function,194,205,,dubbing/__main__.py:main;dubbing/apps/dubbing_web.py:main;dubbing/apps/personal_capture/benchmark.py:main;dubbing/apps/personal_capture/preflight.py:main;dubbing/apps/personal_capture/review.py:main;dubbing/apps/personal_capture/watcher.py:main;dubbing/cli/main.py:main;dubbing/gpu_launcher.py:main;tests/cli/test_gpu_launcher.py:gpu_launcher.main,Flask;Path;Path.suffix.lower;RuntimeError;_CAPTURE_ID.fullmatch;_safe_source;abort;aliases_from_form;app.get;app.post;app.run;argparse.ArgumentParser;build_service;bytes.fromhex;create_capture_app;destination.exists;flash;get;hmac.compare_digest;inbox.resolve;int;is_file;item.save;json.loads;len;line.split;load_config;main;os.replace;parser.add_argument;parser.parse_args;part.strip;partial.unlink;path.is_file;path.is_symlink;path.read_text;range;re.compile;re.fullmatch;read_text;redirect;render_template;request.args.get;request.files.get;request.form.get;request.form.get.splitlines;request.headers.get;request.headers.get.removeprefix;request.headers.get.removeprefix.strip;resolve;reversed;secrets.token_hex;secrets.token_urlsafe;secure_filename;send_file;service.approve;service.records;service.reject;service.store.get;service.store.retry;service.update_review;session.get;session.setdefault;token_path.read_text;token_path.read_text.strip;translation_path.is_file;translation_path.read_text;tuple;url_for,__future__;argparse;dubbing.apps.personal_capture.config;dubbing.apps.personal_capture.runtime;flask;hmac;json;os;pathlib;re;secrets;werkzeug.utils,STATICALLY_REFERENCED,tests/acceptance/test_project_structure.py;tests/cli/test_gpu_launcher.py;tests/web/test_upload_limit.py,,,,,YES,ACTIVE_OR_EXTERNALLY_REACHABLE
dubbing/apps/personal_capture/runtime.py,build_service,function,9,50,,dubbing/apps/personal_capture/benchmark.py:build_service;dubbing/apps/personal_capture/review.py:build_service;dubbing/apps/personal_capture/watcher.py:build_service,CaptureService;FasterWhisperTranscriptionBackend;LinguaLanguageDetector;NLLBTranslationBackend;SherpaOnnxDiarizationBackend;config.get;config.get.get;defaults.get;paths.get,__future__;dubbing.apps.personal_capture.service;dubbing.diarization;dubbing.transcription;dubbing.translation,STATICALLY_REFERENCED,tests/personal_capture/test_review_app.py,,,,,NO_OR_UNKNOWN,ACTIVE_OR_EXTERNALLY_REACHABLE
dubbing/apps/personal_capture/service.py,_sha256,function,43,48,,dubbing/apps/personal_capture/outbox.py:_sha256;dubbing/apps/personal_capture/service.py:_sha256,AudioUnderstandingPipeline;AudioUnderstandingPipeline.run;CaptureOutcome;CaptureStore;KeyError;OSError;Path;Path.resolve;ResumableDiarizationJob;ResumableDiarizationJob.run;ResumableTranscriptionJob;ResumableTranscriptionJob.run;ResumableTranslationJob;ResumableTranslationJob.run;RuntimeError;TranscriptionOptions;ValueError;_atomic_text;_json;_sha256;attribute_transcript;candidate.is_file;candidate.is_symlink;candidate.stat;candidate.suffix.lower;connection.execute;connection.execute.fetchall;dataclass;datetime.now;datetime.now.isoformat;destination.exists;dict;digest.hexdigest;digest.update;discovered.append;edit.get;existing_event.is_file;export_approved;handle.read;hashlib.sha256;is_file;items;iter;join;join.rstrip;join.strip;json.dumps;json.loads;len;manifest_path.read_text;media_duration_ms;os.getpid;os.replace;path.is_file;path.is_symlink;path.open;path.parent.mkdir;path.stat;path.with_name;read_text;resolve;root.is_dir;root.iterdir;self._publish_approved;self._workspace_path;self._write_package;self.discover;self.process;self.store._connect;self.store._record;self.store.claim;self.store.find_by_source_snapshot;self.store.get;self.store.transition;shutil.disk_usage;shutil.rmtree;sorted;speaker_aliases.items;staging.exists;staging.mkdir;state.mkdir;str;str.strip;temporary.unlink;temporary.write_text;time.time;transcript.get;transcript.to_dict;transcript_path.read_text;transcript_to_srt;transcript_to_text;translate_transcript;translation.get;translation.to_dict;translation_path.is_file;translation_path.read_text;tuple;type;write_text;zip,__future__;dataclasses;datetime;dubbing.apps.personal_capture.outbox;dubbing.apps.personal_capture.store;dubbing.diarization.base;dubbing.diarization.job;dubbing.diarization.models;dubbing.transcription;dubbing.transcription.job;dubbing.translation;hashlib;json;os;pathlib;shutil;time;typing,STATICALLY_REFERENCED,tests/personal_capture/test_service.py;tests/transcription/test_mlx_backend.py;tests/transcription/test_models.py;tests/translation/test_resumable.py,,,,,NO_OR_UNKNOWN,ACTIVE_OR_EXTERNALLY_REACHABLE
dubbing/apps/personal_capture/service.py,_atomic_text,function,51,58,,dubbing/apps/personal_capture/service.py:_atomic_text,AudioUnderstandingPipeline;AudioUnderstandingPipeline.run;CaptureOutcome;CaptureStore;KeyError;OSError;Path;Path.resolve;ResumableDiarizationJob;ResumableDiarizationJob.run;ResumableTranscriptionJob;ResumableTranscriptionJob.run;ResumableTranslationJob;ResumableTranslationJob.run;RuntimeError;TranscriptionOptions;ValueError;_atomic_text;_json;_sha256;attribute_transcript;candidate.is_file;candidate.is_symlink;candidate.stat;candidate.suffix.lower;connection.execute;connection.execute.fetchall;dataclass;datetime.now;datetime.now.isoformat;destination.exists;dict;digest.hexdigest;digest.update;discovered.append;edit.get;existing_event.is_file;export_approved;handle.read;hashlib.sha256;is_file;items;iter;join;join.rstrip;join.strip;json.dumps;json.loads;len;manifest_path.read_text;media_duration_ms;os.getpid;os.replace;path.is_file;path.is_symlink;path.open;path.parent.mkdir;path.stat;path.with_name;read_text;resolve;root.is_dir;root.iterdir;self._publish_approved;self._workspace_path;self._write_package;self.discover;self.process;self.store._connect;self.store._record;self.store.claim;self.store.find_by_source_snapshot;self.store.get;self.store.transition;shutil.disk_usage;shutil.rmtree;sorted;speaker_aliases.items;staging.exists;staging.mkdir;state.mkdir;str;str.strip;temporary.unlink;temporary.write_text;time.time;transcript.get;transcript.to_dict;transcript_path.read_text;transcript_to_srt;transcript_to_text;translate_transcript;translation.get;translation.to_dict;translation_path.is_file;translation_path.read_text;tuple;type;write_text;zip,__future__;dataclasses;datetime;dubbing.apps.personal_capture.outbox;dubbing.apps.personal_capture.store;dubbing.diarization.base;dubbing.diarization.job;dubbing.diarization.models;dubbing.transcription;dubbing.transcription.job;dubbing.translation;hashlib;json;os;pathlib;shutil;time;typing,STATICALLY_REFERENCED,,,,,,NO_OR_UNKNOWN,ACTIVE_OR_EXTERNALLY_REACHABLE
dubbing/apps/personal_capture/service.py,_json,function,61,62,,dubbing/apps/personal_capture/service.py:_json,AudioUnderstandingPipeline;AudioUnderstandingPipeline.run;CaptureOutcome;CaptureStore;KeyError;OSError;Path;Path.resolve;ResumableDiarizationJob;ResumableDiarizationJob.run;ResumableTranscriptionJob;ResumableTranscriptionJob.run;ResumableTranslationJob;ResumableTranslationJob.run;RuntimeError;TranscriptionOptions;ValueError;_atomic_text;_json;_sha256;attribute_transcript;candidate.is_file;candidate.is_symlink;candidate.stat;candidate.suffix.lower;connection.execute;connection.execute.fetchall;dataclass;datetime.now;datetime.now.isoformat;destination.exists;dict;digest.hexdigest;digest.update;discovered.append;edit.get;existing_event.is_file;export_approved;handle.read;hashlib.sha256;is_file;items;iter;join;join.rstrip;join.strip;json.dumps;json.loads;len;manifest_path.read_text;media_duration_ms;os.getpid;os.replace;path.is_file;path.is_symlink;path.open;path.parent.mkdir;path.stat;path.with_name;read_text;resolve;root.is_dir;root.iterdir;self._publish_approved;self._workspace_path;self._write_package;self.discover;self.process;self.store._connect;self.store._record;self.store.claim;self.store.find_by_source_snapshot;self.store.get;self.store.transition;shutil.disk_usage;shutil.rmtree;sorted;speaker_aliases.items;staging.exists;staging.mkdir;state.mkdir;str;str.strip;temporary.unlink;temporary.write_text;time.time;transcript.get;transcript.to_dict;transcript_path.read_text;transcript_to_srt;transcript_to_text;translate_transcript;translation.get;translation.to_dict;translation_path.is_file;translation_path.read_text;tuple;type;write_text;zip,__future__;dataclasses;datetime;dubbing.apps.personal_capture.outbox;dubbing.apps.personal_capture.store;dubbing.diarization.base;dubbing.diarization.job;dubbing.diarization.models;dubbing.transcription;dubbing.transcription.job;dubbing.translation;hashlib;json;os;pathlib;shutil;time;typing,STATICALLY_REFERENCED,tests/cli/test_cli.py;tests/core/test_batch.py;tests/core/test_piper_backend.py;tests/transcription/test_models.py;tests/web/test_app.py;tests/web/test_upload_limit.py,,,,,NO_OR_UNKNOWN,ACTIVE_OR_EXTERNALLY_REACHABLE
dubbing/apps/personal_capture/service.py,CaptureOutcome,class,66,72,dataclass,dubbing/apps/personal_capture/service.py:CaptureOutcome,,__future__;dataclasses;datetime;dubbing.apps.personal_capture.outbox;dubbing.apps.personal_capture.store;dubbing.diarization.base;dubbing.diarization.job;dubbing.diarization.models;dubbing.transcription;dubbing.transcription.job;dubbing.translation;hashlib;json;os;pathlib;shutil;time;typing,STATICALLY_REFERENCED,,,,,,NO_OR_UNKNOWN,ACTIVE_OR_EXTERNALLY_REACHABLE
dubbing/apps/personal_capture/service.py,CaptureService,class,75,536,,dubbing/apps/personal_capture/runtime.py:CaptureService;dubbing/cli/main.py:CaptureService;tests/personal_capture/test_operations.py:CaptureService;tests/personal_capture/test_service.py:CaptureService,,__future__;dataclasses;datetime;dubbing.apps.personal_capture.outbox;dubbing.apps.personal_capture.store;dubbing.diarization.base;dubbing.diarization.job;dubbing.diarization.models;dubbing.transcription;dubbing.transcription.job;dubbing.translation;hashlib;json;os;pathlib;shutil;time;typing,STATICALLY_REFERENCED,tests/personal_capture/test_operations.py;tests/personal_capture/test_service.py,,,,,NO_OR_UNKNOWN,ACTIVE_OR_EXTERNALLY_REACHABLE
dubbing/apps/personal_capture/service.py,CaptureService.__init__,method,78,130,,,,__future__;dataclasses;datetime;dubbing.apps.personal_capture.outbox;dubbing.apps.personal_capture.store;dubbing.diarization.base;dubbing.diarization.job;dubbing.diarization.models;dubbing.transcription;dubbing.transcription.job;dubbing.translation;hashlib;json;os;pathlib;shutil;time;typing,UNRESOLVED_STATICALLY,tests/acceptance/test_acceptance_cli.py;tests/core/test_pipeline.py;tests/diarization/test_pipeline.py;tests/diarization/test_resumable.py;tests/diarization/test_sherpa_backend.py;tests/personal_capture/test_full_day_gate.py;tests/personal_capture/test_service.py;tests/transcription/test_faster_whisper_backend.py;tests/transcription/test_resumable.py;tests/translation/test_resumable.py,,,,,NO_OR_UNKNOWN,AMBIGUOUS_NO_STATIC_CALLER
dubbing/apps/personal_capture/service.py,CaptureService._workspace_path,method,132,136,,dubbing/apps/personal_capture/service.py:self._workspace_path,,__future__;dataclasses;datetime;dubbing.apps.personal_capture.outbox;dubbing.apps.personal_capture.store;dubbing.diarization.base;dubbing.diarization.job;dubbing.diarization.models;dubbing.transcription;dubbing.transcription.job;dubbing.translation;hashlib;json;os;pathlib;shutil;time;typing,STATICALLY_REFERENCED,,,,,,NO_OR_UNKNOWN,ACTIVE_OR_EXTERNALLY_REACHABLE
dubbing/apps/personal_capture/service.py,CaptureService.discover,method,139,158,staticmethod,dubbing/apps/personal_capture/service.py:self.discover;tests/personal_capture/test_service.py:CaptureService.discover,,__future__;dataclasses;datetime;dubbing.apps.personal_capture.outbox;dubbing.apps.personal_capture.store;dubbing.diarization.base;dubbing.diarization.job;dubbing.diarization.models;dubbing.transcription;dubbing.transcription.job;dubbing.translation;hashlib;json;os;pathlib;shutil;time;typing,STATICALLY_REFERENCED,tests/personal_capture/test_service.py,,,,,NO_OR_UNKNOWN,ACTIVE_OR_EXTERNALLY_REACHABLE
dubbing/apps/personal_capture/service.py,CaptureService._write_package,method,160,249,,dubbing/apps/personal_capture/service.py:self._write_package,,__future__;dataclasses;datetime;dubbing.apps.personal_capture.outbox;dubbing.apps.personal_capture.store;dubbing.diarization.base;dubbing.diarization.job;dubbing.diarization.models;dubbing.transcription;dubbing.transcription.job;dubbing.translation;hashlib;json;os;pathlib;shutil;time;typing,STATICALLY_REFERENCED,,,,,,NO_OR_UNKNOWN,ACTIVE_OR_EXTERNALLY_REACHABLE
dubbing/apps/personal_capture/service.py,CaptureService.process,method,251,379,,dubbing/apps/personal_capture/benchmark.py:service.process;dubbing/apps/personal_capture/service.py:self.process;dubbing/diarization/sherpa.py:diarizer.process;tests/personal_capture/test_operations.py:service.process;tests/personal_capture/test_service.py:CaptureService.process;tests/personal_capture/test_service.py:service.process,,__future__;dataclasses;datetime;dubbing.apps.personal_capture.outbox;dubbing.apps.personal_capture.store;dubbing.diarization.base;dubbing.diarization.job;dubbing.diarization.models;dubbing.transcription;dubbing.transcription.job;dubbing.translation;hashlib;json;os;pathlib;shutil;time;typing,STATICALLY_REFERENCED,tests/acceptance/test_acceptance_cli.py;tests/acceptance/test_acceptance_helpers.py;tests/acceptance/test_project_structure.py;tests/cli/test_cli.py;tests/core/test_adversarial_hardening.py;tests/core/test_batch.py;tests/core/test_parallel_pipeline.py;tests/core/test_piper_backend.py;tests/core/test_prosody_bounds.py;tests/core/test_say_backend.py;tests/personal_capture/test_config.py;tests/personal_capture/test_full_day_gate.py;tests/personal_capture/test_operations.py;tests/personal_capture/test_preflight.py;tests/personal_capture/test_review_app.py;tests/personal_capture/test_service.py;tests/web/test_app.py;tests/web/test_result.py;tests/web/test_upload_limit.py,,,,,YES,ACTIVE_OR_EXTERNALLY_REACHABLE
dubbing/apps/personal_capture/service.py,CaptureService.scan,method,381,390,,dubbing/apps/personal_capture/watcher.py:service.scan;dubbing/cli/main.py:service.scan;tests/personal_capture/test_service.py:service.scan,,__future__;dataclasses;datetime;dubbing.apps.personal_capture.outbox;dubbing.apps.personal_capture.store;dubbing.diarization.base;dubbing.diarization.job;dubbing.diarization.models;dubbing.transcription;dubbing.transcription.job;dubbing.translation;hashlib;json;os;pathlib;shutil;time;typing,STATICALLY_REFERENCED,tests/acceptance/test_project_structure.py;tests/personal_capture/test_service.py;tests/web/test_upload_limit.py,,,,,YES,ACTIVE_OR_EXTERNALLY_REACHABLE
dubbing/apps/personal_capture/service.py,CaptureService._publish_approved,method,392,402,,dubbing/apps/personal_capture/service.py:self._publish_approved,,__future__;dataclasses;datetime;dubbing.apps.personal_capture.outbox;dubbing.apps.personal_capture.store;dubbing.diarization.base;dubbing.diarization.job;dubbing.diarization.models;dubbing.transcription;dubbing.transcription.job;dubbing.translation;hashlib;json;os;pathlib;shutil;time;typing,STATICALLY_REFERENCED,,,,,,NO_OR_UNKNOWN,ACTIVE_OR_EXTERNALLY_REACHABLE
dubbing/apps/personal_capture/service.py,CaptureService.approve,method,404,463,,dubbing/apps/personal_capture/benchmark.py:service.approve;dubbing/apps/personal_capture/review.py:service.approve;dubbing/cli/main.py:CaptureService.approve;tests/personal_capture/test_operations.py:service.approve;tests/personal_capture/test_service.py:service.approve,,__future__;dataclasses;datetime;dubbing.apps.personal_capture.outbox;dubbing.apps.personal_capture.store;dubbing.diarization.base;dubbing.diarization.job;dubbing.diarization.models;dubbing.transcription;dubbing.transcription.job;dubbing.translation;hashlib;json;os;pathlib;shutil;time;typing,STATICALLY_REFERENCED,tests/personal_capture/test_operations.py;tests/personal_capture/test_service.py,,,,,YES,ACTIVE_OR_EXTERNALLY_REACHABLE
dubbing/apps/personal_capture/service.py,CaptureService.reject,method,465,483,,dubbing/apps/personal_capture/review.py:service.reject;tests/personal_capture/test_operations.py:service.reject,,__future__;dataclasses;datetime;dubbing.apps.personal_capture.outbox;dubbing.apps.personal_capture.store;dubbing.diarization.base;dubbing.diarization.job;dubbing.diarization.models;dubbing.transcription;dubbing.transcription.job;dubbing.translation;hashlib;json;os;pathlib;shutil;time;typing,STATICALLY_REFERENCED,tests/acceptance/test_acceptance_helpers.py;tests/core/test_adversarial_hardening.py;tests/diarization/test_attribution.py;tests/diarization/test_resumable.py;tests/diarization/test_sherpa_backend.py;tests/personal_capture/test_config.py;tests/personal_capture/test_operations.py;tests/transcription/test_faster_whisper_backend.py;tests/transcription/test_models.py;tests/transcription/test_resumable.py;tests/translation/test_resumable.py;tests/web/test_app.py;tests/web/test_upload_limit.py,,,,,YES,ACTIVE_OR_EXTERNALLY_REACHABLE
dubbing/apps/personal_capture/service.py,CaptureService.update_review,method,485,529,,dubbing/apps/personal_capture/review.py:service.update_review;tests/personal_capture/test_operations.py:service.update_review,,__future__;dataclasses;datetime;dubbing.apps.personal_capture.outbox;dubbing.apps.personal_capture.store;dubbing.diarization.base;dubbing.diarization.job;dubbing.diarization.models;dubbing.transcription;dubbing.transcription.job;dubbing.translation;hashlib;json;os;pathlib;shutil;time;typing,STATICALLY_REFERENCED,tests/personal_capture/test_operations.py,,,,,NO_OR_UNKNOWN,ACTIVE_OR_EXTERNALLY_REACHABLE
dubbing/apps/personal_capture/service.py,CaptureService.records,method,531,536,,dubbing/apps/personal_capture/review.py:service.records;dubbing/cli/main.py:CaptureService.records,,__future__;dataclasses;datetime;dubbing.apps.personal_capture.outbox;dubbing.apps.personal_capture.store;dubbing.diarization.base;dubbing.diarization.job;dubbing.diarization.models;dubbing.transcription;dubbing.transcription.job;dubbing.translation;hashlib;json;os;pathlib;shutil;time;typing,STATICALLY_REFERENCED,tests/acceptance/test_acceptance_cli.py;tests/core/test_pipeline.py;tests/personal_capture/test_review_app.py,,,,,YES,ACTIVE_OR_EXTERNALLY_REACHABLE
dubbing/apps/personal_capture/store.py,CaptureRecord,class,10,21,dataclass,dubbing/apps/personal_capture/store.py:CaptureRecord,,__future__;dataclasses;datetime;pathlib;sqlite3,STATICALLY_REFERENCED,,,,,,NO_OR_UNKNOWN,ACTIVE_OR_EXTERNALLY_REACHABLE
dubbing/apps/personal_capture/store.py,CaptureStore,class,24,235,,dubbing/apps/personal_capture/service.py:CaptureStore,,__future__;dataclasses;datetime;pathlib;sqlite3,STATICALLY_REFERENCED,,,,,,NO_OR_UNKNOWN,ACTIVE_OR_EXTERNALLY_REACHABLE
dubbing/apps/personal_capture/store.py,CaptureStore.__init__,method,27,30,,,,__future__;dataclasses;datetime;pathlib;sqlite3,UNRESOLVED_STATICALLY,tests/acceptance/test_acceptance_cli.py;tests/core/test_pipeline.py;tests/diarization/test_pipeline.py;tests/diarization/test_resumable.py;tests/diarization/test_sherpa_backend.py;tests/personal_capture/test_full_day_gate.py;tests/personal_capture/test_service.py;tests/transcription/test_faster_whisper_backend.py;tests/transcription/test_resumable.py;tests/translation/test_resumable.py,,,,,NO_OR_UNKNOWN,AMBIGUOUS_NO_STATIC_CALLER
dubbing/apps/personal_capture/store.py,CaptureStore._connect,method,32,37,,dubbing/apps/personal_capture/service.py:self.store._connect;dubbing/apps/personal_capture/store.py:self._connect,,__future__;dataclasses;datetime;pathlib;sqlite3,STATICALLY_REFERENCED,,,,,,NO_OR_UNKNOWN,ACTIVE_OR_EXTERNALLY_REACHABLE
dubbing/apps/personal_capture/store.py,CaptureStore._initialize,method,39,85,,dubbing/apps/personal_capture/store.py:self._initialize,,__future__;dataclasses;datetime;pathlib;sqlite3,STATICALLY_REFERENCED,,,,,,NO_OR_UNKNOWN,ACTIVE_OR_EXTERNALLY_REACHABLE
dubbing/apps/personal_capture/store.py,CaptureStore._record,method,88,103,staticmethod,dubbing/apps/personal_capture/service.py:self.store._record;dubbing/apps/personal_capture/store.py:self._record,,__future__;dataclasses;datetime;pathlib;sqlite3,STATICALLY_REFERENCED,,,,,,NO_OR_UNKNOWN,ACTIVE_OR_EXTERNALLY_REACHABLE
dubbing/apps/personal_capture/store.py,CaptureStore.get,method,105,111,,dubbing/apps/dubbing_web.py:request.files.get;dubbing/apps/dubbing_web.py:request.form.get;dubbing/apps/personal_capture/benchmark.py:item.get;dubbing/apps/personal_capture/benchmark.py:row.get;dubbing/apps/personal_capture/config.py:boundaries.get;dubbing/apps/personal_capture/config.py:defaults.get;dubbing/apps/personal_capture/config.py:document.get;dubbing/apps/personal_capture/config.py:get;dubbing/apps/personal_capture/config.py:paths.get;dubbing/apps/personal_capture/outbox.py:event.get;dubbing/apps/personal_capture/outbox.py:event.get.get;dubbing/apps/personal_capture/outbox.py:source.get;dubbing/apps/personal_capture/preflight.py:get;dubbing/apps/personal_capture/review.py:app.get;dubbing/apps/personal_capture/review.py:get;dubbing/apps/personal_capture/review.py:request.args.get;dubbing/apps/personal_capture/review.py:request.files.get;dubbing/apps/personal_capture/review.py:request.form.get;dubbing/apps/personal_capture/review.py:request.headers.get;dubbing/apps/personal_capture/review.py:service.store.get;dubbing/apps/personal_capture/review.py:session.get;dubbing/apps/personal_capture/runtime.py:config.get;dubbing/apps/personal_capture/runtime.py:config.get.get;dubbing/apps/personal_capture/runtime.py:defaults.get;dubbing/apps/personal_capture/runtime.py:paths.get;dubbing/apps/personal_capture/service.py:edit.get;dubbing/apps/personal_capture/service.py:self.store.get;dubbing/apps/personal_capture/service.py:transcript.get;dubbing/apps/personal_capture/service.py:translation.get;dubbing/apps/personal_capture/store.py:self.get;dubbing/apps/personal_capture/watcher.py:config.get;dubbing/apps/personal_capture/watcher.py:config.get.get;dubbing/apps/personal_capture/watcher.py:get;dubbing/backends/__init__.py:os.environ.get;dubbing/backends/espeak.py:_EMOTION_WPM.get;dubbing/backends/espeak.py:_PITCH.get;dubbing/backends/espeak.py:_RATE_WPM.get;dubbing/backends/piper.py:get;dubbing/backends/piper.py:os.environ.get;dubbing/backends/say.py:_EMOTION_WPM.get;dubbing/cli/factories.py:os.environ.get;dubbing/diarization/job.py:document.get;dubbing/diarization/job.py:item.get;dubbing/gpu_launcher.py:env.get;dubbing/transcription/job.py:document.get;dubbing/transcription/job.py:item.get;dubbing/transcription/job.py:word.get;dubbing/transcription/mlx_whisper.py:item.get;dubbing/transcription/mlx_whisper.py:raw.get;dubbing/translation/job.py:document.get;tests/core/test_piper_backend.py:get;tests/core/test_prosody_bounds.py:kwargs.get;tests/personal_capture/test_operations.py:service.store.get;tests/personal_capture/test_review_app.py:client.get;tests/personal_capture/test_service.py:service.store.get;tests/support/assertions.py:by_name.get;tests/translation/test_pipeline.py:languages.get;tests/web/test_app.py:client.get;tests/web/test_stream.py:client.get;tests/web/test_stream.py:download_resp.headers.get;tests/web/test_stream.py:resp.headers.get;tests/web/test_stream.py:stream_resp.headers.get,,__future__;dataclasses;datetime;pathlib;sqlite3,STATICALLY_REFERENCED,tests/acceptance/test_acceptance_cli.py;tests/acceptance/test_acceptance_helpers.py;tests/cli/test_cli.py;tests/cli/test_gpu_launcher.py;tests/core/test_adversarial_hardening.py;tests/core/test_aligner.py;tests/core/test_assembler.py;tests/core/test_batch.py;tests/core/test_boundaries.py;tests/core/test_espeak_backend.py;tests/core/test_media.py;tests/core/test_mutant_killers.py;tests/core/test_parallel_pipeline.py;tests/core/test_piper_backend.py;tests/core/test_prosody_bounds.py;tests/core/test_say_backend.py;tests/diarization/test_pipeline.py;tests/personal_capture/test_config.py;tests/personal_capture/test_operations.py;tests/personal_capture/test_review_app.py;tests/personal_capture/test_service.py;tests/support/assertions.py;tests/support/builders.py;tests/support/params.py;tests/translation/test_pipeline.py;tests/translation/test_resumable.py;tests/web/test_app.py;tests/web/test_result.py;tests/web/test_stream.py;tests/web/test_upload_limit.py,,,,,YES,ACTIVE_OR_EXTERNALLY_REACHABLE
dubbing/apps/personal_capture/store.py,CaptureStore.find_by_source_snapshot,method,113,129,,dubbing/apps/personal_capture/service.py:self.store.find_by_source_snapshot,,__future__;dataclasses;datetime;pathlib;sqlite3,STATICALLY_REFERENCED,,,,,,NO_OR_UNKNOWN,ACTIVE_OR_EXTERNALLY_REACHABLE
dubbing/apps/personal_capture/store.py,CaptureStore.claim,method,131,187,,dubbing/apps/personal_capture/service.py:self.store.claim,,__future__;dataclasses;datetime;pathlib;sqlite3,STATICALLY_REFERENCED,,,,,,YES,ACTIVE_OR_EXTERNALLY_REACHABLE
dubbing/apps/personal_capture/store.py,CaptureStore.transition,method,189,218,,dubbing/apps/personal_capture/service.py:self.store.transition,,__future__;dataclasses;datetime;pathlib;sqlite3,STATICALLY_REFERENCED,,,,,,NO_OR_UNKNOWN,ACTIVE_OR_EXTERNALLY_REACHABLE
dubbing/apps/personal_capture/store.py,CaptureStore.retry,method,220,235,,dubbing/apps/personal_capture/review.py:service.store.retry;tests/personal_capture/test_operations.py:service.store.retry,,__future__;dataclasses;datetime;pathlib;sqlite3,STATICALLY_REFERENCED,tests/personal_capture/test_operations.py;tests/personal_capture/test_service.py,,,,,YES,ACTIVE_OR_EXTERNALLY_REACHABLE
dubbing/apps/personal_capture/watcher.py,_atomic_json,function,17,21,,dubbing/apps/personal_capture/watcher.py:_atomic_json;dubbing/diarization/job.py:_atomic_json;dubbing/transcription/job.py:_atomic_json;dubbing/translation/job.py:_atomic_json,Path;SystemExit;_atomic_json;argparse.ArgumentParser;build_service;config.get;config.get.get;datetime.now;datetime.now.isoformat;fcntl.flock;float;get;json.dumps;len;list;load_config;lock.flush;lock.write;logging.FileHandler;logging.StreamHandler;logging.basicConfig;logging.error;logging.exception;logging.info;main;max;min;open;os.chmod;os.getpid;os.replace;parser.add_argument;parser.parse_args;path.parent.mkdir;path.with_suffix;service.scan;signal.signal;str;temporary.write_text;time.monotonic;time.sleep;type;watch;workspace.mkdir,__future__;argparse;datetime;dubbing.apps.personal_capture.config;dubbing.apps.personal_capture.runtime;fcntl;json;logging;os;pathlib;signal;time,STATICALLY_REFERENCED,,,,,,NO_OR_UNKNOWN,ACTIVE_OR_EXTERNALLY_REACHABLE
dubbing/apps/personal_capture/watcher.py,watch,function,24,88,,dubbing/apps/personal_capture/watcher.py:watch,Path;SystemExit;_atomic_json;argparse.ArgumentParser;build_service;config.get;config.get.get;datetime.now;datetime.now.isoformat;fcntl.flock;float;get;json.dumps;len;list;load_config;lock.flush;lock.write;logging.FileHandler;logging.StreamHandler;logging.basicConfig;logging.error;logging.exception;logging.info;main;max;min;open;os.chmod;os.getpid;os.replace;parser.add_argument;parser.parse_args;path.parent.mkdir;path.with_suffix;service.scan;signal.signal;str;temporary.write_text;time.monotonic;time.sleep;type;watch;workspace.mkdir,__future__;argparse;datetime;dubbing.apps.personal_capture.config;dubbing.apps.personal_capture.runtime;fcntl;json;logging;os;pathlib;signal;time,STATICALLY_REFERENCED,tests/acceptance/test_project_structure.py,,,,,YES,ACTIVE_OR_EXTERNALLY_REACHABLE
dubbing/apps/personal_capture/watcher.py,watch.stop,method,44,46,,,,__future__;argparse;datetime;dubbing.apps.personal_capture.config;dubbing.apps.personal_capture.runtime;fcntl;json;logging;os;pathlib;signal;time,UNRESOLVED_STATICALLY,,,,,,YES,AMBIGUOUS_NO_STATIC_CALLER
dubbing/apps/personal_capture/watcher.py,main,function,91,96,,dubbing/__main__.py:main;dubbing/apps/dubbing_web.py:main;dubbing/apps/personal_capture/benchmark.py:main;dubbing/apps/personal_capture/preflight.py:main;dubbing/apps/personal_capture/review.py:main;dubbing/apps/personal_capture/watcher.py:main;dubbing/cli/main.py:main;dubbing/gpu_launcher.py:main;tests/cli/test_gpu_launcher.py:gpu_launcher.main,Path;SystemExit;_atomic_json;argparse.ArgumentParser;build_service;config.get;config.get.get;datetime.now;datetime.now.isoformat;fcntl.flock;float;get;json.dumps;len;list;load_config;lock.flush;lock.write;logging.FileHandler;logging.StreamHandler;logging.basicConfig;logging.error;logging.exception;logging.info;main;max;min;open;os.chmod;os.getpid;os.replace;parser.add_argument;parser.parse_args;path.parent.mkdir;path.with_suffix;service.scan;signal.signal;str;temporary.write_text;time.monotonic;time.sleep;type;watch;workspace.mkdir,__future__;argparse;datetime;dubbing.apps.personal_capture.config;dubbing.apps.personal_capture.runtime;fcntl;json;logging;os;pathlib;signal;time,STATICALLY_REFERENCED,tests/acceptance/test_project_structure.py;tests/cli/test_gpu_launcher.py;tests/web/test_upload_limit.py,,,,,YES,ACTIVE_OR_EXTERNALLY_REACHABLE
dubbing/assembler.py,_ms_to_frames,function,36,37,,dubbing/assembler.py:_ms_to_frames;tests/core/test_mutant_killers.py:_ms_to_frames,ValueError;_decode_wav;_encode_wav;_fit;_mix_into;_ms_to_frames;_resample;_silence;array;buf.getvalue;bytes;enumerate;int;io.BytesIO;len;max;out.extend;range;round;samples.byteswap;samples.frombytes;samples.tobytes;sorted;sum;wave.open;wf.getframerate;wf.getnchannels;wf.getnframes;wf.getsampwidth;wf.readframes;wf.setframerate;wf.setnchannels;wf.setsampwidth;wf.writeframes;zip,__future__;array;dubbing.aligner;dubbing.models;io;sys;wave,STATICALLY_REFERENCED,tests/core/test_mutant_killers.py,,,,,NO_OR_UNKNOWN,ACTIVE_OR_EXTERNALLY_REACHABLE
dubbing/assembler.py,_decode_wav,function,40,65,,dubbing/assembler.py:_decode_wav;tests/core/test_mutant_killers.py:_decode_wav,ValueError;_decode_wav;_encode_wav;_fit;_mix_into;_ms_to_frames;_resample;_silence;array;buf.getvalue;bytes;enumerate;int;io.BytesIO;len;max;out.extend;range;round;samples.byteswap;samples.frombytes;samples.tobytes;sorted;sum;wave.open;wf.getframerate;wf.getnchannels;wf.getnframes;wf.getsampwidth;wf.readframes;wf.setframerate;wf.setnchannels;wf.setsampwidth;wf.writeframes;zip,__future__;array;dubbing.aligner;dubbing.models;io;sys;wave,STATICALLY_REFERENCED,tests/core/test_mutant_killers.py,,,,,NO_OR_UNKNOWN,ACTIVE_OR_EXTERNALLY_REACHABLE
dubbing/assembler.py,_fit,function,68,85,,dubbing/assembler.py:_fit;tests/core/test_mutant_killers.py:_fit,ValueError;_decode_wav;_encode_wav;_fit;_mix_into;_ms_to_frames;_resample;_silence;array;buf.getvalue;bytes;enumerate;int;io.BytesIO;len;max;out.extend;range;round;samples.byteswap;samples.frombytes;samples.tobytes;sorted;sum;wave.open;wf.getframerate;wf.getnchannels;wf.getnframes;wf.getsampwidth;wf.readframes;wf.setframerate;wf.setnchannels;wf.setsampwidth;wf.writeframes;zip,__future__;array;dubbing.aligner;dubbing.models;io;sys;wave,STATICALLY_REFERENCED,tests/core/test_aligner.py;tests/core/test_assembler.py;tests/core/test_mutant_killers.py,,,,,NO_OR_UNKNOWN,ACTIVE_OR_EXTERNALLY_REACHABLE
dubbing/assembler.py,_resample,function,88,91,,dubbing/assembler.py:_resample;tests/core/test_mutant_killers.py:_resample,ValueError;_decode_wav;_encode_wav;_fit;_mix_into;_ms_to_frames;_resample;_silence;array;buf.getvalue;bytes;enumerate;int;io.BytesIO;len;max;out.extend;range;round;samples.byteswap;samples.frombytes;samples.tobytes;sorted;sum;wave.open;wf.getframerate;wf.getnchannels;wf.getnframes;wf.getsampwidth;wf.readframes;wf.setframerate;wf.setnchannels;wf.setsampwidth;wf.writeframes;zip,__future__;array;dubbing.aligner;dubbing.models;io;sys;wave,STATICALLY_REFERENCED,tests/core/test_assembler.py;tests/core/test_mutant_killers.py,,,,,NO_OR_UNKNOWN,ACTIVE_OR_EXTERNALLY_REACHABLE
dubbing/assembler.py,_encode_wav,function,94,104,,dubbing/assembler.py:_encode_wav;tests/core/test_mutant_killers.py:_encode_wav,ValueError;_decode_wav;_encode_wav;_fit;_mix_into;_ms_to_frames;_resample;_silence;array;buf.getvalue;bytes;enumerate;int;io.BytesIO;len;max;out.extend;range;round;samples.byteswap;samples.frombytes;samples.tobytes;sorted;sum;wave.open;wf.getframerate;wf.getnchannels;wf.getnframes;wf.getsampwidth;wf.readframes;wf.setframerate;wf.setnchannels;wf.setsampwidth;wf.writeframes;zip,__future__;array;dubbing.aligner;dubbing.models;io;sys;wave,STATICALLY_REFERENCED,tests/core/test_mutant_killers.py,,,,,NO_OR_UNKNOWN,ACTIVE_OR_EXTERNALLY_REACHABLE
dubbing/assembler.py,_silence,function,107,108,,dubbing/assembler.py:_silence;tests/core/test_mutant_killers.py:_silence,ValueError;_decode_wav;_encode_wav;_fit;_mix_into;_ms_to_frames;_resample;_silence;array;buf.getvalue;bytes;enumerate;int;io.BytesIO;len;max;out.extend;range;round;samples.byteswap;samples.frombytes;samples.tobytes;sorted;sum;wave.open;wf.getframerate;wf.getnchannels;wf.getnframes;wf.getsampwidth;wf.readframes;wf.setframerate;wf.setnchannels;wf.setsampwidth;wf.writeframes;zip,__future__;array;dubbing.aligner;dubbing.models;io;sys;wave,STATICALLY_REFERENCED,tests/core/test_assembler.py;tests/core/test_mutant_killers.py;tests/core/test_say_backend.py;tests/diarization/test_attribution.py;tests/support/assertions.py;tests/web/test_app.py,,,,,NO_OR_UNKNOWN,ACTIVE_OR_EXTERNALLY_REACHABLE
dubbing/assembler.py,_mix_into,function,115,130,,dubbing/assembler.py:_mix_into,ValueError;_decode_wav;_encode_wav;_fit;_mix_into;_ms_to_frames;_resample;_silence;array;buf.getvalue;bytes;enumerate;int;io.BytesIO;len;max;out.extend;range;round;samples.byteswap;samples.frombytes;samples.tobytes;sorted;sum;wave.open;wf.getframerate;wf.getnchannels;wf.getnframes;wf.getsampwidth;wf.readframes;wf.setframerate;wf.setnchannels;wf.setsampwidth;wf.writeframes;zip,__future__;array;dubbing.aligner;dubbing.models;io;sys;wave,STATICALLY_REFERENCED,,,,,,NO_OR_UNKNOWN,ACTIVE_OR_EXTERNALLY_REACHABLE
dubbing/assembler.py,assemble_timeline,function,133,206,,dubbing/apps/dubbing_web.py:assemble_timeline;dubbing/batch.py:assemble_timeline;dubbing/cli/main.py:assemble_timeline;tests/core/test_adversarial_hardening.py:assemble_timeline;tests/core/test_assembler.py:assemble_timeline;tests/core/test_mutant_killers.py:assemble_timeline,ValueError;_decode_wav;_encode_wav;_fit;_mix_into;_ms_to_frames;_resample;_silence;array;buf.getvalue;bytes;enumerate;int;io.BytesIO;len;max;out.extend;range;round;samples.byteswap;samples.frombytes;samples.tobytes;sorted;sum;wave.open;wf.getframerate;wf.getnchannels;wf.getnframes;wf.getsampwidth;wf.readframes;wf.setframerate;wf.setnchannels;wf.setsampwidth;wf.writeframes;zip,__future__;array;dubbing.aligner;dubbing.models;io;sys;wave,STATICALLY_REFERENCED,tests/core/test_adversarial_hardening.py;tests/core/test_assembler.py;tests/core/test_mutant_killers.py,,,,,YES,ACTIVE_OR_EXTERNALLY_REACHABLE
dubbing/backends/__init__.py,select_backend,function,17,28,,dubbing/apps/dubbing_web.py:select_backend;dubbing/cli/factories.py:select_backend;tests/core/test_piper_backend.py:select_backend,RuntimeError;_espeak_mod.EspeakTTSBackend;_piper_mod.PiperTTSBackend;_say_mod.SayTTSBackend;os.environ.get;shutil.which,__future__;dubbing.backends.base;dubbing.backends.espeak;dubbing.backends.piper;dubbing.backends.say;os;shutil,STATICALLY_REFERENCED,tests/core/test_adversarial_hardening.py;tests/core/test_piper_backend.py;tests/web/test_app.py,,,,,NO_OR_UNKNOWN,ACTIVE_OR_EXTERNALLY_REACHABLE
dubbing/backends/base.py,TTSBackend,class,8,11,,,,__future__;abc;dubbing.models,UNRESOLVED_STATICALLY,tests/core/test_adversarial_hardening.py;tests/core/test_batch.py;tests/core/test_espeak_backend.py;tests/core/test_parallel_pipeline.py;tests/core/test_pipeline.py;tests/core/test_piper_backend.py;tests/core/test_say_backend.py;tests/diarization/test_pipeline.py;tests/web/test_app.py;tests/web/test_result.py;tests/web/test_stream.py;tests/web/test_upload_limit.py,,,,,YES,AMBIGUOUS_NO_STATIC_CALLER
dubbing/backends/base.py,TTSBackend.synthesize,method,10,11,abstractmethod,tests/core/test_espeak_backend.py:backend.synthesize;tests/core/test_piper_backend.py:PiperTTSBackend.synthesize;tests/core/test_say_backend.py:SayTTSBackend.synthesize;tests/core/test_say_backend.py:backend.synthesize;tests/web/test_app.py:super.synthesize;tests/web/test_upload_limit.py:super.synthesize,,__future__;abc;dubbing.models,STATICALLY_REFERENCED,tests/core/test_adversarial_hardening.py;tests/core/test_batch.py;tests/core/test_espeak_backend.py;tests/core/test_parallel_pipeline.py;tests/core/test_pipeline.py;tests/core/test_piper_backend.py;tests/core/test_prosody_bounds.py;tests/core/test_say_backend.py;tests/diarization/test_pipeline.py;tests/web/test_app.py;tests/web/test_result.py;tests/web/test_stream.py;tests/web/test_upload_limit.py,,,,,YES,ACTIVE_OR_EXTERNALLY_REACHABLE
dubbing/backends/espeak.py,_duration_ms,function,38,40,,dubbing/backends/espeak.py:_duration_ms;tests/core/test_assembler.py:_duration_ms,RuntimeError;TTSResult;_EMOTION_WPM.get;_LANGUAGE_RE.match;_PITCH.get;_RATE_WPM.get;_duration_ms;_integer;_pitch;_rate;command.extend;int;io.BytesIO;join;language.replace;language.replace.lower;language.split;languages.add;match.group;match.group.replace;match.group.replace.lower;max;min;normalized.split;proc.stdout.splitlines;re.compile;results.append;round;segment.entry.text.encode;self._available_languages;self._require_executable;self._voice;set;shutil.which;sorted;str;subprocess.run;tag.name.lower;tag.value.lower;wav.getframerate;wav.getnframes;wave.open,__future__;dubbing.backends.base;dubbing.models;io;re;shutil;subprocess;wave,STATICALLY_REFERENCED,tests/core/test_assembler.py;tests/core/test_piper_backend.py;tests/core/test_say_backend.py;tests/diarization/test_resumable.py;tests/personal_capture/test_service.py;tests/transcription/test_resumable.py,,,,,NO_OR_UNKNOWN,ACTIVE_OR_EXTERNALLY_REACHABLE
dubbing/backends/espeak.py,_integer,function,43,47,,dubbing/backends/espeak.py:_integer,RuntimeError;TTSResult;_EMOTION_WPM.get;_LANGUAGE_RE.match;_PITCH.get;_RATE_WPM.get;_duration_ms;_integer;_pitch;_rate;command.extend;int;io.BytesIO;join;language.replace;language.replace.lower;language.split;languages.add;match.group;match.group.replace;match.group.replace.lower;max;min;normalized.split;proc.stdout.splitlines;re.compile;results.append;round;segment.entry.text.encode;self._available_languages;self._require_executable;self._voice;set;shutil.which;sorted;str;subprocess.run;tag.name.lower;tag.value.lower;wav.getframerate;wav.getnframes;wave.open,__future__;dubbing.backends.base;dubbing.models;io;re;shutil;subprocess;wave,STATICALLY_REFERENCED,tests/core/test_say_backend.py;tests/core/test_srt_parser.py,,,,,NO_OR_UNKNOWN,ACTIVE_OR_EXTERNALLY_REACHABLE
dubbing/backends/espeak.py,_rate,function,50,59,,dubbing/backends/espeak.py:_rate,RuntimeError;TTSResult;_EMOTION_WPM.get;_LANGUAGE_RE.match;_PITCH.get;_RATE_WPM.get;_duration_ms;_integer;_pitch;_rate;command.extend;int;io.BytesIO;join;language.replace;language.replace.lower;language.split;languages.add;match.group;match.group.replace;match.group.replace.lower;max;min;normalized.split;proc.stdout.splitlines;re.compile;results.append;round;segment.entry.text.encode;self._available_languages;self._require_executable;self._voice;set;shutil.which;sorted;str;subprocess.run;tag.name.lower;tag.value.lower;wav.getframerate;wav.getnframes;wave.open,__future__;dubbing.backends.base;dubbing.models;io;re;shutil;subprocess;wave,STATICALLY_REFERENCED,tests/acceptance/test_acceptance_helpers.py;tests/core/test_adversarial_hardening.py;tests/core/test_assembler.py;tests/core/test_boundaries.py;tests/core/test_mutant_killers.py;tests/core/test_piper_backend.py;tests/core/test_prosody.py;tests/core/test_prosody_bounds.py;tests/core/test_say_backend.py;tests/web/test_app.py,,,,,NO_OR_UNKNOWN,ACTIVE_OR_EXTERNALLY_REACHABLE
dubbing/backends/espeak.py,_pitch,function,62,68,,dubbing/backends/espeak.py:_pitch,RuntimeError;TTSResult;_EMOTION_WPM.get;_LANGUAGE_RE.match;_PITCH.get;_RATE_WPM.get;_duration_ms;_integer;_pitch;_rate;command.extend;int;io.BytesIO;join;language.replace;language.replace.lower;language.split;languages.add;match.group;match.group.replace;match.group.replace.lower;max;min;normalized.split;proc.stdout.splitlines;re.compile;results.append;round;segment.entry.text.encode;self._available_languages;self._require_executable;self._voice;set;shutil.which;sorted;str;subprocess.run;tag.name.lower;tag.value.lower;wav.getframerate;wav.getnframes;wave.open,__future__;dubbing.backends.base;dubbing.models;io;re;shutil;subprocess;wave,STATICALLY_REFERENCED,tests/core/test_adversarial_hardening.py;tests/core/test_prosody_bounds.py;tests/core/test_say_backend.py,,,,,NO_OR_UNKNOWN,ACTIVE_OR_EXTERNALLY_REACHABLE
dubbing/backends/espeak.py,EspeakTTSBackend,class,71,149,,dubbing/backends/__init__.py:_espeak_mod.EspeakTTSBackend;dubbing/cli/factories.py:EspeakTTSBackend;tests/core/test_espeak_backend.py:EspeakTTSBackend,,__future__;dubbing.backends.base;dubbing.models;io;re;shutil;subprocess;wave,STATICALLY_REFERENCED,tests/core/test_espeak_backend.py;tests/core/test_piper_backend.py,,,,,YES,ACTIVE_OR_EXTERNALLY_REACHABLE
dubbing/backends/espeak.py,EspeakTTSBackend.__init__,method,74,76,,,,__future__;dubbing.backends.base;dubbing.models;io;re;shutil;subprocess;wave,UNRESOLVED_STATICALLY,tests/acceptance/test_acceptance_cli.py;tests/core/test_pipeline.py;tests/diarization/test_pipeline.py;tests/diarization/test_resumable.py;tests/diarization/test_sherpa_backend.py;tests/personal_capture/test_full_day_gate.py;tests/personal_capture/test_service.py;tests/transcription/test_faster_whisper_backend.py;tests/transcription/test_resumable.py;tests/translation/test_resumable.py,,,,,NO_OR_UNKNOWN,AMBIGUOUS_NO_STATIC_CALLER
dubbing/backends/espeak.py,EspeakTTSBackend._require_executable,method,78,84,,dubbing/backends/espeak.py:self._require_executable,,__future__;dubbing.backends.base;dubbing.models;io;re;shutil;subprocess;wave,STATICALLY_REFERENCED,,,,,,NO_OR_UNKNOWN,ACTIVE_OR_EXTERNALLY_REACHABLE
dubbing/backends/espeak.py,EspeakTTSBackend._available_languages,method,86,103,,dubbing/backends/espeak.py:self._available_languages,,__future__;dubbing.backends.base;dubbing.models;io;re;shutil;subprocess;wave,STATICALLY_REFERENCED,tests/core/test_say_backend.py,,,,,NO_OR_UNKNOWN,ACTIVE_OR_EXTERNALLY_REACHABLE
dubbing/backends/espeak.py,EspeakTTSBackend._voice,method,105,117,,dubbing/backends/espeak.py:self._voice,,__future__;dubbing.backends.base;dubbing.models;io;re;shutil;subprocess;wave,STATICALLY_REFERENCED,tests/core/test_espeak_backend.py;tests/core/test_say_backend.py,,,,,NO_OR_UNKNOWN,ACTIVE_OR_EXTERNALLY_REACHABLE
dubbing/backends/espeak.py,EspeakTTSBackend.synthesize,method,119,149,,tests/core/test_espeak_backend.py:backend.synthesize;tests/core/test_piper_backend.py:PiperTTSBackend.synthesize;tests/core/test_say_backend.py:SayTTSBackend.synthesize;tests/core/test_say_backend.py:backend.synthesize;tests/web/test_app.py:super.synthesize;tests/web/test_upload_limit.py:super.synthesize,,__future__;dubbing.backends.base;dubbing.models;io;re;shutil;subprocess;wave,STATICALLY_REFERENCED,tests/core/test_adversarial_hardening.py;tests/core/test_batch.py;tests/core/test_espeak_backend.py;tests/core/test_parallel_pipeline.py;tests/core/test_pipeline.py;tests/core/test_piper_backend.py;tests/core/test_prosody_bounds.py;tests/core/test_say_backend.py;tests/diarization/test_pipeline.py;tests/web/test_app.py;tests/web/test_result.py;tests/web/test_stream.py;tests/web/test_upload_limit.py,,,,,YES,ACTIVE_OR_EXTERNALLY_REACHABLE
dubbing/backends/piper.py,_raw_to_wav,function,18,25,,dubbing/backends/piper.py:_raw_to_wav;tests/core/test_piper_backend.py:_raw_to_wav,RuntimeError;TTSResult;_raw_to_wav;_wav_duration_ms;buf.getvalue;get;int;io.BytesIO;isinstance;json.loads;os.environ.get;proc.stderr.splitlines;results.append;self._synthesize_one;shutil.which;subprocess.run;text.encode;wave.open;wf.getframerate;wf.getnframes;wf.setframerate;wf.setnchannels;wf.setsampwidth;wf.writeframes,__future__;dubbing.backends.base;dubbing.models;io;json;os;shutil;subprocess;wave,STATICALLY_REFERENCED,tests/core/test_piper_backend.py,,,,,NO_OR_UNKNOWN,ACTIVE_OR_EXTERNALLY_REACHABLE
dubbing/backends/piper.py,_wav_duration_ms,function,28,30,,acceptance.py:_wav_duration_ms;dubbing/backends/piper.py:_wav_duration_ms;dubbing/backends/say.py:_wav_duration_ms;tests/core/test_piper_backend.py:_wav_duration_ms,RuntimeError;TTSResult;_raw_to_wav;_wav_duration_ms;buf.getvalue;get;int;io.BytesIO;isinstance;json.loads;os.environ.get;proc.stderr.splitlines;results.append;self._synthesize_one;shutil.which;subprocess.run;text.encode;wave.open;wf.getframerate;wf.getnframes;wf.setframerate;wf.setnchannels;wf.setsampwidth;wf.writeframes,__future__;dubbing.backends.base;dubbing.models;io;json;os;shutil;subprocess;wave,STATICALLY_REFERENCED,tests/core/test_piper_backend.py,,,,,NO_OR_UNKNOWN,ACTIVE_OR_EXTERNALLY_REACHABLE
dubbing/backends/piper.py,PiperTTSBackend,class,33,81,,dubbing/backends/__init__.py:_piper_mod.PiperTTSBackend;dubbing/cli/factories.py:PiperTTSBackend;tests/core/test_piper_backend.py:PiperTTSBackend,,__future__;dubbing.backends.base;dubbing.models;io;json;os;shutil;subprocess;wave,STATICALLY_REFERENCED,tests/core/test_piper_backend.py,,,,,NO_OR_UNKNOWN,ACTIVE_OR_EXTERNALLY_REACHABLE
dubbing/backends/piper.py,PiperTTSBackend.__init__,method,41,42,,,,__future__;dubbing.backends.base;dubbing.models;io;json;os;shutil;subprocess;wave,UNRESOLVED_STATICALLY,tests/acceptance/test_acceptance_cli.py;tests/core/test_pipeline.py;tests/diarization/test_pipeline.py;tests/diarization/test_resumable.py;tests/diarization/test_sherpa_backend.py;tests/personal_capture/test_full_day_gate.py;tests/personal_capture/test_service.py;tests/transcription/test_faster_whisper_backend.py;tests/transcription/test_resumable.py;tests/translation/test_resumable.py,,,,,NO_OR_UNKNOWN,AMBIGUOUS_NO_STATIC_CALLER
dubbing/backends/piper.py,PiperTTSBackend.synthesize,method,44,61,,tests/core/test_espeak_backend.py:backend.synthesize;tests/core/test_piper_backend.py:PiperTTSBackend.synthesize;tests/core/test_say_backend.py:SayTTSBackend.synthesize;tests/core/test_say_backend.py:backend.synthesize;tests/web/test_app.py:super.synthesize;tests/web/test_upload_limit.py:super.synthesize,,__future__;dubbing.backends.base;dubbing.models;io;json;os;shutil;subprocess;wave,STATICALLY_REFERENCED,tests/core/test_adversarial_hardening.py;tests/core/test_batch.py;tests/core/test_espeak_backend.py;tests/core/test_parallel_pipeline.py;tests/core/test_pipeline.py;tests/core/test_piper_backend.py;tests/core/test_prosody_bounds.py;tests/core/test_say_backend.py;tests/diarization/test_pipeline.py;tests/web/test_app.py;tests/web/test_result.py;tests/web/test_stream.py;tests/web/test_upload_limit.py,,,,,YES,ACTIVE_OR_EXTERNALLY_REACHABLE
dubbing/backends/piper.py,PiperTTSBackend._synthesize_one,method,63,81,,dubbing/backends/piper.py:self._synthesize_one,,__future__;dubbing.backends.base;dubbing.models;io;json;os;shutil;subprocess;wave,STATICALLY_REFERENCED,,,,,,NO_OR_UNKNOWN,ACTIVE_OR_EXTERNALLY_REACHABLE
dubbing/backends/say.py,_wav_duration_ms,function,62,64,,acceptance.py:_wav_duration_ms;dubbing/backends/piper.py:_wav_duration_ms;dubbing/backends/say.py:_wav_duration_ms;tests/core/test_piper_backend.py:_wav_duration_ms,Path;RuntimeError;TTSResult;_EMOTION_WPM.get;_VOICE_LINE_RE.match;_installed_voices;_parse_int;_pbas_for_tags;_rate_for_tags;_require_commands;_synthesize_with_say;_voice_for_language;_wav_duration_ms;int;io.BytesIO;join;language.replace;language.replace.lower;loc.replace;loc.replace.split;locale.replace;locale.replace.lower;locale.replace.lower.split;lower;m.group;m.group.strip;max;min;norm.split;proc.stdout.splitlines;re.compile;results.append;shutil.which;sorted;spoken.encode;str;subprocess.run;tag.name.lower;tag.value.lower;tempfile.TemporaryDirectory;voices.append;wav_path.read_bytes;wave.open;wf.getframerate;wf.getnframes,__future__;dubbing.backends.base;dubbing.models;io;pathlib;re;shutil;subprocess;tempfile;wave,STATICALLY_REFERENCED,tests/core/test_piper_backend.py,,,,,NO_OR_UNKNOWN,ACTIVE_OR_EXTERNALLY_REACHABLE
dubbing/backends/say.py,_installed_voices,function,67,83,,dubbing/backends/say.py:_installed_voices,Path;RuntimeError;TTSResult;_EMOTION_WPM.get;_VOICE_LINE_RE.match;_installed_voices;_parse_int;_pbas_for_tags;_rate_for_tags;_require_commands;_synthesize_with_say;_voice_for_language;_wav_duration_ms;int;io.BytesIO;join;language.replace;language.replace.lower;loc.replace;loc.replace.split;locale.replace;locale.replace.lower;locale.replace.lower.split;lower;m.group;m.group.strip;max;min;norm.split;proc.stdout.splitlines;re.compile;results.append;shutil.which;sorted;spoken.encode;str;subprocess.run;tag.name.lower;tag.value.lower;tempfile.TemporaryDirectory;voices.append;wav_path.read_bytes;wave.open;wf.getframerate;wf.getnframes,__future__;dubbing.backends.base;dubbing.models;io;pathlib;re;shutil;subprocess;tempfile;wave,STATICALLY_REFERENCED,,,,,,NO_OR_UNKNOWN,ACTIVE_OR_EXTERNALLY_REACHABLE
dubbing/backends/say.py,_voice_for_language,function,86,109,,dubbing/backends/say.py:_voice_for_language;tests/core/test_say_backend.py:_voice_for_language,Path;RuntimeError;TTSResult;_EMOTION_WPM.get;_VOICE_LINE_RE.match;_installed_voices;_parse_int;_pbas_for_tags;_rate_for_tags;_require_commands;_synthesize_with_say;_voice_for_language;_wav_duration_ms;int;io.BytesIO;join;language.replace;language.replace.lower;loc.replace;loc.replace.split;locale.replace;locale.replace.lower;locale.replace.lower.split;lower;m.group;m.group.strip;max;min;norm.split;proc.stdout.splitlines;re.compile;results.append;shutil.which;sorted;spoken.encode;str;subprocess.run;tag.name.lower;tag.value.lower;tempfile.TemporaryDirectory;voices.append;wav_path.read_bytes;wave.open;wf.getframerate;wf.getnframes,__future__;dubbing.backends.base;dubbing.models;io;pathlib;re;shutil;subprocess;tempfile;wave,STATICALLY_REFERENCED,tests/core/test_say_backend.py,,,,,NO_OR_UNKNOWN,ACTIVE_OR_EXTERNALLY_REACHABLE
dubbing/backends/say.py,_parse_int,function,112,122,,dubbing/backends/say.py:_parse_int;tests/core/test_adversarial_hardening.py:_parse_int,Path;RuntimeError;TTSResult;_EMOTION_WPM.get;_VOICE_LINE_RE.match;_installed_voices;_parse_int;_pbas_for_tags;_rate_for_tags;_require_commands;_synthesize_with_say;_voice_for_language;_wav_duration_ms;int;io.BytesIO;join;language.replace;language.replace.lower;loc.replace;loc.replace.split;locale.replace;locale.replace.lower;locale.replace.lower.split;lower;m.group;m.group.strip;max;min;norm.split;proc.stdout.splitlines;re.compile;results.append;shutil.which;sorted;spoken.encode;str;subprocess.run;tag.name.lower;tag.value.lower;tempfile.TemporaryDirectory;voices.append;wav_path.read_bytes;wave.open;wf.getframerate;wf.getnframes,__future__;dubbing.backends.base;dubbing.models;io;pathlib;re;shutil;subprocess;tempfile;wave,STATICALLY_REFERENCED,tests/core/test_adversarial_hardening.py,,,,,NO_OR_UNKNOWN,ACTIVE_OR_EXTERNALLY_REACHABLE
dubbing/backends/say.py,_rate_for_tags,function,125,144,,dubbing/backends/say.py:_rate_for_tags;tests/core/test_adversarial_hardening.py:_rate_for_tags;tests/core/test_say_backend.py:_rate_for_tags,Path;RuntimeError;TTSResult;_EMOTION_WPM.get;_VOICE_LINE_RE.match;_installed_voices;_parse_int;_pbas_for_tags;_rate_for_tags;_require_commands;_synthesize_with_say;_voice_for_language;_wav_duration_ms;int;io.BytesIO;join;language.replace;language.replace.lower;loc.replace;loc.replace.split;locale.replace;locale.replace.lower;locale.replace.lower.split;lower;m.group;m.group.strip;max;min;norm.split;proc.stdout.splitlines;re.compile;results.append;shutil.which;sorted;spoken.encode;str;subprocess.run;tag.name.lower;tag.value.lower;tempfile.TemporaryDirectory;voices.append;wav_path.read_bytes;wave.open;wf.getframerate;wf.getnframes,__future__;dubbing.backends.base;dubbing.models;io;pathlib;re;shutil;subprocess;tempfile;wave,STATICALLY_REFERENCED,tests/core/test_adversarial_hardening.py;tests/core/test_say_backend.py,,,,,NO_OR_UNKNOWN,ACTIVE_OR_EXTERNALLY_REACHABLE
dubbing/backends/say.py,_pbas_for_tags,function,147,159,,dubbing/backends/say.py:_pbas_for_tags;tests/core/test_adversarial_hardening.py:_pbas_for_tags;tests/core/test_say_backend.py:_pbas_for_tags,Path;RuntimeError;TTSResult;_EMOTION_WPM.get;_VOICE_LINE_RE.match;_installed_voices;_parse_int;_pbas_for_tags;_rate_for_tags;_require_commands;_synthesize_with_say;_voice_for_language;_wav_duration_ms;int;io.BytesIO;join;language.replace;language.replace.lower;loc.replace;loc.replace.split;locale.replace;locale.replace.lower;locale.replace.lower.split;lower;m.group;m.group.strip;max;min;norm.split;proc.stdout.splitlines;re.compile;results.append;shutil.which;sorted;spoken.encode;str;subprocess.run;tag.name.lower;tag.value.lower;tempfile.TemporaryDirectory;voices.append;wav_path.read_bytes;wave.open;wf.getframerate;wf.getnframes,__future__;dubbing.backends.base;dubbing.models;io;pathlib;re;shutil;subprocess;tempfile;wave,STATICALLY_REFERENCED,tests/core/test_adversarial_hardening.py;tests/core/test_say_backend.py,,,,,NO_OR_UNKNOWN,ACTIVE_OR_EXTERNALLY_REACHABLE
dubbing/backends/say.py,_synthesize_with_say,function,162,203,,dubbing/backends/say.py:_synthesize_with_say;tests/core/test_prosody_bounds.py:_synthesize_with_say;tests/core/test_say_backend.py:_synthesize_with_say,Path;RuntimeError;TTSResult;_EMOTION_WPM.get;_VOICE_LINE_RE.match;_installed_voices;_parse_int;_pbas_for_tags;_rate_for_tags;_require_commands;_synthesize_with_say;_voice_for_language;_wav_duration_ms;int;io.BytesIO;join;language.replace;language.replace.lower;loc.replace;loc.replace.split;locale.replace;locale.replace.lower;locale.replace.lower.split;lower;m.group;m.group.strip;max;min;norm.split;proc.stdout.splitlines;re.compile;results.append;shutil.which;sorted;spoken.encode;str;subprocess.run;tag.name.lower;tag.value.lower;tempfile.TemporaryDirectory;voices.append;wav_path.read_bytes;wave.open;wf.getframerate;wf.getnframes,__future__;dubbing.backends.base;dubbing.models;io;pathlib;re;shutil;subprocess;tempfile;wave,STATICALLY_REFERENCED,tests/core/test_prosody_bounds.py;tests/core/test_say_backend.py,,,,,NO_OR_UNKNOWN,ACTIVE_OR_EXTERNALLY_REACHABLE
dubbing/backends/say.py,_require_commands,function,206,210,,dubbing/backends/say.py:_require_commands,Path;RuntimeError;TTSResult;_EMOTION_WPM.get;_VOICE_LINE_RE.match;_installed_voices;_parse_int;_pbas_for_tags;_rate_for_tags;_require_commands;_synthesize_with_say;_voice_for_language;_wav_duration_ms;int;io.BytesIO;join;language.replace;language.replace.lower;loc.replace;loc.replace.split;locale.replace;locale.replace.lower;locale.replace.lower.split;lower;m.group;m.group.strip;max;min;norm.split;proc.stdout.splitlines;re.compile;results.append;shutil.which;sorted;spoken.encode;str;subprocess.run;tag.name.lower;tag.value.lower;tempfile.TemporaryDirectory;voices.append;wav_path.read_bytes;wave.open;wf.getframerate;wf.getnframes,__future__;dubbing.backends.base;dubbing.models;io;pathlib;re;shutil;subprocess;tempfile;wave,STATICALLY_REFERENCED,,,,,,NO_OR_UNKNOWN,ACTIVE_OR_EXTERNALLY_REACHABLE
dubbing/backends/say.py,SayTTSBackend,class,213,238,,dubbing/backends/__init__.py:_say_mod.SayTTSBackend;dubbing/cli/factories.py:SayTTSBackend;tests/core/test_say_backend.py:SayTTSBackend,,__future__;dubbing.backends.base;dubbing.models;io;pathlib;re;shutil;subprocess;tempfile;wave,STATICALLY_REFERENCED,tests/core/test_adversarial_hardening.py;tests/core/test_piper_backend.py;tests/core/test_say_backend.py;tests/web/test_app.py;tests/web/test_result.py;tests/web/test_stream.py;tests/web/test_upload_limit.py,,,,,YES,ACTIVE_OR_EXTERNALLY_REACHABLE
dubbing/backends/say.py,SayTTSBackend.synthesize,method,222,238,,tests/core/test_espeak_backend.py:backend.synthesize;tests/core/test_piper_backend.py:PiperTTSBackend.synthesize;tests/core/test_say_backend.py:SayTTSBackend.synthesize;tests/core/test_say_backend.py:backend.synthesize;tests/web/test_app.py:super.synthesize;tests/web/test_upload_limit.py:super.synthesize,,__future__;dubbing.backends.base;dubbing.models;io;pathlib;re;shutil;subprocess;tempfile;wave,STATICALLY_REFERENCED,tests/core/test_adversarial_hardening.py;tests/core/test_batch.py;tests/core/test_espeak_backend.py;tests/core/test_parallel_pipeline.py;tests/core/test_pipeline.py;tests/core/test_piper_backend.py;tests/core/test_prosody_bounds.py;tests/core/test_say_backend.py;tests/diarization/test_pipeline.py;tests/web/test_app.py;tests/web/test_result.py;tests/web/test_stream.py;tests/web/test_upload_limit.py,,,,,YES,ACTIVE_OR_EXTERNALLY_REACHABLE
dubbing/batch.py,batch_dub,function,12,36,,dubbing/cli/main.py:batch_dub;tests/core/test_batch.py:batch_dub,DubbingPipeline;Path;assemble_timeline;json.dumps;json_path.write_text;output_dir.mkdir;pipeline.run_full;segment_plan;wav_path.write_bytes,__future__;dubbing.aligner;dubbing.assembler;dubbing.backends.base;dubbing.pipeline;json;pathlib,STATICALLY_REFERENCED,tests/core/test_batch.py,,,,,YES,ACTIVE_OR_EXTERNALLY_REACHABLE
dubbing/cli/factories.py,make_tts_backend,function,16,33,,dubbing/cli/main.py:make_tts_backend,EspeakTTSBackend;FasterWhisperTranscriptionBackend;MLXWhisperTranscriptionBackend;PiperTTSBackend;SayTTSBackend;SherpaOnnxDiarizationBackend;SpeakerConstraints;SystemExit;ValueError;key.strip;name.strip;os.environ.get;select_backend;value.partition,__future__;argparse;dubbing.backends;dubbing.backends.base;dubbing.backends.espeak;dubbing.backends.piper;dubbing.backends.say;dubbing.diarization;dubbing.transcription;os,STATICALLY_REFERENCED,,,,,,NO_OR_UNKNOWN,ACTIVE_OR_EXTERNALLY_REACHABLE
dubbing/cli/factories.py,make_diarizer,function,36,57,,dubbing/cli/main.py:make_diarizer,EspeakTTSBackend;FasterWhisperTranscriptionBackend;MLXWhisperTranscriptionBackend;PiperTTSBackend;SayTTSBackend;SherpaOnnxDiarizationBackend;SpeakerConstraints;SystemExit;ValueError;key.strip;name.strip;os.environ.get;select_backend;value.partition,__future__;argparse;dubbing.backends;dubbing.backends.base;dubbing.backends.espeak;dubbing.backends.piper;dubbing.backends.say;dubbing.diarization;dubbing.transcription;os,STATICALLY_REFERENCED,,,,,,NO_OR_UNKNOWN,ACTIVE_OR_EXTERNALLY_REACHABLE
dubbing/cli/factories.py,speaker_constraints,function,60,65,,dubbing/cli/main.py:speaker_constraints,EspeakTTSBackend;FasterWhisperTranscriptionBackend;MLXWhisperTranscriptionBackend;PiperTTSBackend;SayTTSBackend;SherpaOnnxDiarizationBackend;SpeakerConstraints;SystemExit;ValueError;key.strip;name.strip;os.environ.get;select_backend;value.partition,__future__;argparse;dubbing.backends;dubbing.backends.base;dubbing.backends.espeak;dubbing.backends.piper;dubbing.backends.say;dubbing.diarization;dubbing.transcription;os,STATICALLY_REFERENCED,tests/diarization/test_attribution.py,,,,,NO_OR_UNKNOWN,ACTIVE_OR_EXTERNALLY_REACHABLE
dubbing/cli/factories.py,make_transcriber,function,68,86,,dubbing/cli/main.py:make_transcriber,EspeakTTSBackend;FasterWhisperTranscriptionBackend;MLXWhisperTranscriptionBackend;PiperTTSBackend;SayTTSBackend;SherpaOnnxDiarizationBackend;SpeakerConstraints;SystemExit;ValueError;key.strip;name.strip;os.environ.get;select_backend;value.partition,__future__;argparse;dubbing.backends;dubbing.backends.base;dubbing.backends.espeak;dubbing.backends.piper;dubbing.backends.say;dubbing.diarization;dubbing.transcription;os,STATICALLY_REFERENCED,,,,,,NO_OR_UNKNOWN,ACTIVE_OR_EXTERNALLY_REACHABLE
dubbing/cli/factories.py,speaker_aliases,function,89,96,,dubbing/cli/main.py:speaker_aliases,EspeakTTSBackend;FasterWhisperTranscriptionBackend;MLXWhisperTranscriptionBackend;PiperTTSBackend;SayTTSBackend;SherpaOnnxDiarizationBackend;SpeakerConstraints;SystemExit;ValueError;key.strip;name.strip;os.environ.get;select_backend;value.partition,__future__;argparse;dubbing.backends;dubbing.backends.base;dubbing.backends.espeak;dubbing.backends.piper;dubbing.backends.say;dubbing.diarization;dubbing.transcription;os,STATICALLY_REFERENCED,tests/personal_capture/test_operations.py;tests/personal_capture/test_service.py,,,,,NO_OR_UNKNOWN,ACTIVE_OR_EXTERNALLY_REACHABLE
dubbing/cli/main.py,_cmd_dub,function,39,88,,dubbing/cli/main.py:_cmd_dub,AudioUnderstandingPipeline;AudioUnderstandingPipeline.run;CaptureService;CaptureService.approve;CaptureService.records;DubbingPipeline;LinguaLanguageDetector;NLLBTranslationBackend;Path;ResumableDiarizationJob;ResumableDiarizationJob.run;ResumableTranscriptionJob;ResumableTranscriptionJob.run;SystemExit;TranscriptionOptions;_add_diarization_options;_build_parser;_cmd_batch;_cmd_capture;_cmd_diarize;_cmd_dub;_cmd_transcribe;_glob.glob;argparse.ArgumentParser;assemble_timeline;attribute_transcript;attribute_window;attributed.append;attributed_segment_plan;attribution.status.upper;attribution.to_dict;batch_dub;batch_p.add_argument;capture_approve.add_argument;capture_list.add_argument;capture_p.add_subparsers;capture_scan.add_argument;capture_sub.add_parser;diarization.to_dict;diarization_file.write_text;diarize_p.add_argument;diarizer.diarize;dub_p.add_argument;enumerate;json.dumps;len;main;make_diarizer;make_transcriber;make_tts_backend;out_file.write_text;output.mkdir;output.parent.mkdir;output.write_text;parse_srt;parser.add_argument;parser.add_subparsers;parser.parse_args;pipeline.run_full;pipeline.run_full_with_diarization;print;result.to_dict;results.items;segment_plan;service.scan;speaker_aliases;speaker_constraints;sub.add_parser;sys.exit;transcribe_p.add_argument;transcript_to_srt;transcript_to_text;wav_path.write_bytes,__future__;argparse;dubbing.aligner;dubbing.apps.personal_capture;dubbing.assembler;dubbing.batch;dubbing.cli.factories;dubbing.diarization;dubbing.pipeline;dubbing.srt_parser;dubbing.transcription;dubbing.translation;glob;json;pathlib;subprocess;sys,STATICALLY_REFERENCED,,,,,,NO_OR_UNKNOWN,ACTIVE_OR_EXTERNALLY_REACHABLE
dubbing/cli/main.py,_cmd_batch,function,91,100,,dubbing/cli/main.py:_cmd_batch,AudioUnderstandingPipeline;AudioUnderstandingPipeline.run;CaptureService;CaptureService.approve;CaptureService.records;DubbingPipeline;LinguaLanguageDetector;NLLBTranslationBackend;Path;ResumableDiarizationJob;ResumableDiarizationJob.run;ResumableTranscriptionJob;ResumableTranscriptionJob.run;SystemExit;TranscriptionOptions;_add_diarization_options;_build_parser;_cmd_batch;_cmd_capture;_cmd_diarize;_cmd_dub;_cmd_transcribe;_glob.glob;argparse.ArgumentParser;assemble_timeline;attribute_transcript;attribute_window;attributed.append;attributed_segment_plan;attribution.status.upper;attribution.to_dict;batch_dub;batch_p.add_argument;capture_approve.add_argument;capture_list.add_argument;capture_p.add_subparsers;capture_scan.add_argument;capture_sub.add_parser;diarization.to_dict;diarization_file.write_text;diarize_p.add_argument;diarizer.diarize;dub_p.add_argument;enumerate;json.dumps;len;main;make_diarizer;make_transcriber;make_tts_backend;out_file.write_text;output.mkdir;output.parent.mkdir;output.write_text;parse_srt;parser.add_argument;parser.add_subparsers;parser.parse_args;pipeline.run_full;pipeline.run_full_with_diarization;print;result.to_dict;results.items;segment_plan;service.scan;speaker_aliases;speaker_constraints;sub.add_parser;sys.exit;transcribe_p.add_argument;transcript_to_srt;transcript_to_text;wav_path.write_bytes,__future__;argparse;dubbing.aligner;dubbing.apps.personal_capture;dubbing.assembler;dubbing.batch;dubbing.cli.factories;dubbing.diarization;dubbing.pipeline;dubbing.srt_parser;dubbing.transcription;dubbing.translation;glob;json;pathlib;subprocess;sys,STATICALLY_REFERENCED,,,,,,NO_OR_UNKNOWN,ACTIVE_OR_EXTERNALLY_REACHABLE
dubbing/cli/main.py,_cmd_diarize,function,103,137,,dubbing/cli/main.py:_cmd_diarize,AudioUnderstandingPipeline;AudioUnderstandingPipeline.run;CaptureService;CaptureService.approve;CaptureService.records;DubbingPipeline;LinguaLanguageDetector;NLLBTranslationBackend;Path;ResumableDiarizationJob;ResumableDiarizationJob.run;ResumableTranscriptionJob;ResumableTranscriptionJob.run;SystemExit;TranscriptionOptions;_add_diarization_options;_build_parser;_cmd_batch;_cmd_capture;_cmd_diarize;_cmd_dub;_cmd_transcribe;_glob.glob;argparse.ArgumentParser;assemble_timeline;attribute_transcript;attribute_window;attributed.append;attributed_segment_plan;attribution.status.upper;attribution.to_dict;batch_dub;batch_p.add_argument;capture_approve.add_argument;capture_list.add_argument;capture_p.add_subparsers;capture_scan.add_argument;capture_sub.add_parser;diarization.to_dict;diarization_file.write_text;diarize_p.add_argument;diarizer.diarize;dub_p.add_argument;enumerate;json.dumps;len;main;make_diarizer;make_transcriber;make_tts_backend;out_file.write_text;output.mkdir;output.parent.mkdir;output.write_text;parse_srt;parser.add_argument;parser.add_subparsers;parser.parse_args;pipeline.run_full;pipeline.run_full_with_diarization;print;result.to_dict;results.items;segment_plan;service.scan;speaker_aliases;speaker_constraints;sub.add_parser;sys.exit;transcribe_p.add_argument;transcript_to_srt;transcript_to_text;wav_path.write_bytes,__future__;argparse;dubbing.aligner;dubbing.apps.personal_capture;dubbing.assembler;dubbing.batch;dubbing.cli.factories;dubbing.diarization;dubbing.pipeline;dubbing.srt_parser;dubbing.transcription;dubbing.translation;glob;json;pathlib;subprocess;sys,STATICALLY_REFERENCED,,,,,,NO_OR_UNKNOWN,ACTIVE_OR_EXTERNALLY_REACHABLE
dubbing/cli/main.py,_cmd_transcribe,function,140,189,,dubbing/cli/main.py:_cmd_transcribe,AudioUnderstandingPipeline;AudioUnderstandingPipeline.run;CaptureService;CaptureService.approve;CaptureService.records;DubbingPipeline;LinguaLanguageDetector;NLLBTranslationBackend;Path;ResumableDiarizationJob;ResumableDiarizationJob.run;ResumableTranscriptionJob;ResumableTranscriptionJob.run;SystemExit;TranscriptionOptions;_add_diarization_options;_build_parser;_cmd_batch;_cmd_capture;_cmd_diarize;_cmd_dub;_cmd_transcribe;_glob.glob;argparse.ArgumentParser;assemble_timeline;attribute_transcript;attribute_window;attributed.append;attributed_segment_plan;attribution.status.upper;attribution.to_dict;batch_dub;batch_p.add_argument;capture_approve.add_argument;capture_list.add_argument;capture_p.add_subparsers;capture_scan.add_argument;capture_sub.add_parser;diarization.to_dict;diarization_file.write_text;diarize_p.add_argument;diarizer.diarize;dub_p.add_argument;enumerate;json.dumps;len;main;make_diarizer;make_transcriber;make_tts_backend;out_file.write_text;output.mkdir;output.parent.mkdir;output.write_text;parse_srt;parser.add_argument;parser.add_subparsers;parser.parse_args;pipeline.run_full;pipeline.run_full_with_diarization;print;result.to_dict;results.items;segment_plan;service.scan;speaker_aliases;speaker_constraints;sub.add_parser;sys.exit;transcribe_p.add_argument;transcript_to_srt;transcript_to_text;wav_path.write_bytes,__future__;argparse;dubbing.aligner;dubbing.apps.personal_capture;dubbing.assembler;dubbing.batch;dubbing.cli.factories;dubbing.diarization;dubbing.pipeline;dubbing.srt_parser;dubbing.transcription;dubbing.translation;glob;json;pathlib;subprocess;sys,STATICALLY_REFERENCED,,,,,,NO_OR_UNKNOWN,ACTIVE_OR_EXTERNALLY_REACHABLE
dubbing/cli/main.py,_cmd_capture,function,192,243,,dubbing/cli/main.py:_cmd_capture,AudioUnderstandingPipeline;AudioUnderstandingPipeline.run;CaptureService;CaptureService.approve;CaptureService.records;DubbingPipeline;LinguaLanguageDetector;NLLBTranslationBackend;Path;ResumableDiarizationJob;ResumableDiarizationJob.run;ResumableTranscriptionJob;ResumableTranscriptionJob.run;SystemExit;TranscriptionOptions;_add_diarization_options;_build_parser;_cmd_batch;_cmd_capture;_cmd_diarize;_cmd_dub;_cmd_transcribe;_glob.glob;argparse.ArgumentParser;assemble_timeline;attribute_transcript;attribute_window;attributed.append;attributed_segment_plan;attribution.status.upper;attribution.to_dict;batch_dub;batch_p.add_argument;capture_approve.add_argument;capture_list.add_argument;capture_p.add_subparsers;capture_scan.add_argument;capture_sub.add_parser;diarization.to_dict;diarization_file.write_text;diarize_p.add_argument;diarizer.diarize;dub_p.add_argument;enumerate;json.dumps;len;main;make_diarizer;make_transcriber;make_tts_backend;out_file.write_text;output.mkdir;output.parent.mkdir;output.write_text;parse_srt;parser.add_argument;parser.add_subparsers;parser.parse_args;pipeline.run_full;pipeline.run_full_with_diarization;print;result.to_dict;results.items;segment_plan;service.scan;speaker_aliases;speaker_constraints;sub.add_parser;sys.exit;transcribe_p.add_argument;transcript_to_srt;transcript_to_text;wav_path.write_bytes,__future__;argparse;dubbing.aligner;dubbing.apps.personal_capture;dubbing.assembler;dubbing.batch;dubbing.cli.factories;dubbing.diarization;dubbing.pipeline;dubbing.srt_parser;dubbing.transcription;dubbing.translation;glob;json;pathlib;subprocess;sys,STATICALLY_REFERENCED,,,,,,NO_OR_UNKNOWN,ACTIVE_OR_EXTERNALLY_REACHABLE
dubbing/cli/main.py,_add_diarization_options,function,246,271,,dubbing/cli/main.py:_add_diarization_options,AudioUnderstandingPipeline;AudioUnderstandingPipeline.run;CaptureService;CaptureService.approve;CaptureService.records;DubbingPipeline;LinguaLanguageDetector;NLLBTranslationBackend;Path;ResumableDiarizationJob;ResumableDiarizationJob.run;ResumableTranscriptionJob;ResumableTranscriptionJob.run;SystemExit;TranscriptionOptions;_add_diarization_options;_build_parser;_cmd_batch;_cmd_capture;_cmd_diarize;_cmd_dub;_cmd_transcribe;_glob.glob;argparse.ArgumentParser;assemble_timeline;attribute_transcript;attribute_window;attributed.append;attributed_segment_plan;attribution.status.upper;attribution.to_dict;batch_dub;batch_p.add_argument;capture_approve.add_argument;capture_list.add_argument;capture_p.add_subparsers;capture_scan.add_argument;capture_sub.add_parser;diarization.to_dict;diarization_file.write_text;diarize_p.add_argument;diarizer.diarize;dub_p.add_argument;enumerate;json.dumps;len;main;make_diarizer;make_transcriber;make_tts_backend;out_file.write_text;output.mkdir;output.parent.mkdir;output.write_text;parse_srt;parser.add_argument;parser.add_subparsers;parser.parse_args;pipeline.run_full;pipeline.run_full_with_diarization;print;result.to_dict;results.items;segment_plan;service.scan;speaker_aliases;speaker_constraints;sub.add_parser;sys.exit;transcribe_p.add_argument;transcript_to_srt;transcript_to_text;wav_path.write_bytes,__future__;argparse;dubbing.aligner;dubbing.apps.personal_capture;dubbing.assembler;dubbing.batch;dubbing.cli.factories;dubbing.diarization;dubbing.pipeline;dubbing.srt_parser;dubbing.transcription;dubbing.translation;glob;json;pathlib;subprocess;sys,STATICALLY_REFERENCED,,,,,,NO_OR_UNKNOWN,ACTIVE_OR_EXTERNALLY_REACHABLE
dubbing/cli/main.py,_build_parser,function,274,480,,dubbing/cli/main.py:_build_parser,AudioUnderstandingPipeline;AudioUnderstandingPipeline.run;CaptureService;CaptureService.approve;CaptureService.records;DubbingPipeline;LinguaLanguageDetector;NLLBTranslationBackend;Path;ResumableDiarizationJob;ResumableDiarizationJob.run;ResumableTranscriptionJob;ResumableTranscriptionJob.run;SystemExit;TranscriptionOptions;_add_diarization_options;_build_parser;_cmd_batch;_cmd_capture;_cmd_diarize;_cmd_dub;_cmd_transcribe;_glob.glob;argparse.ArgumentParser;assemble_timeline;attribute_transcript;attribute_window;attributed.append;attributed_segment_plan;attribution.status.upper;attribution.to_dict;batch_dub;batch_p.add_argument;capture_approve.add_argument;capture_list.add_argument;capture_p.add_subparsers;capture_scan.add_argument;capture_sub.add_parser;diarization.to_dict;diarization_file.write_text;diarize_p.add_argument;diarizer.diarize;dub_p.add_argument;enumerate;json.dumps;len;main;make_diarizer;make_transcriber;make_tts_backend;out_file.write_text;output.mkdir;output.parent.mkdir;output.write_text;parse_srt;parser.add_argument;parser.add_subparsers;parser.parse_args;pipeline.run_full;pipeline.run_full_with_diarization;print;result.to_dict;results.items;segment_plan;service.scan;speaker_aliases;speaker_constraints;sub.add_parser;sys.exit;transcribe_p.add_argument;transcript_to_srt;transcript_to_text;wav_path.write_bytes,__future__;argparse;dubbing.aligner;dubbing.apps.personal_capture;dubbing.assembler;dubbing.batch;dubbing.cli.factories;dubbing.diarization;dubbing.pipeline;dubbing.srt_parser;dubbing.transcription;dubbing.translation;glob;json;pathlib;subprocess;sys,STATICALLY_REFERENCED,,,,,,NO_OR_UNKNOWN,ACTIVE_OR_EXTERNALLY_REACHABLE
dubbing/cli/main.py,main,function,483,501,,dubbing/__main__.py:main;dubbing/apps/dubbing_web.py:main;dubbing/apps/personal_capture/benchmark.py:main;dubbing/apps/personal_capture/preflight.py:main;dubbing/apps/personal_capture/review.py:main;dubbing/apps/personal_capture/watcher.py:main;dubbing/cli/main.py:main;dubbing/gpu_launcher.py:main;tests/cli/test_gpu_launcher.py:gpu_launcher.main,AudioUnderstandingPipeline;AudioUnderstandingPipeline.run;CaptureService;CaptureService.approve;CaptureService.records;DubbingPipeline;LinguaLanguageDetector;NLLBTranslationBackend;Path;ResumableDiarizationJob;ResumableDiarizationJob.run;ResumableTranscriptionJob;ResumableTranscriptionJob.run;SystemExit;TranscriptionOptions;_add_diarization_options;_build_parser;_cmd_batch;_cmd_capture;_cmd_diarize;_cmd_dub;_cmd_transcribe;_glob.glob;argparse.ArgumentParser;assemble_timeline;attribute_transcript;attribute_window;attributed.append;attributed_segment_plan;attribution.status.upper;attribution.to_dict;batch_dub;batch_p.add_argument;capture_approve.add_argument;capture_list.add_argument;capture_p.add_subparsers;capture_scan.add_argument;capture_sub.add_parser;diarization.to_dict;diarization_file.write_text;diarize_p.add_argument;diarizer.diarize;dub_p.add_argument;enumerate;json.dumps;len;main;make_diarizer;make_transcriber;make_tts_backend;out_file.write_text;output.mkdir;output.parent.mkdir;output.write_text;parse_srt;parser.add_argument;parser.add_subparsers;parser.parse_args;pipeline.run_full;pipeline.run_full_with_diarization;print;result.to_dict;results.items;segment_plan;service.scan;speaker_aliases;speaker_constraints;sub.add_parser;sys.exit;transcribe_p.add_argument;transcript_to_srt;transcript_to_text;wav_path.write_bytes,__future__;argparse;dubbing.aligner;dubbing.apps.personal_capture;dubbing.assembler;dubbing.batch;dubbing.cli.factories;dubbing.diarization;dubbing.pipeline;dubbing.srt_parser;dubbing.transcription;dubbing.translation;glob;json;pathlib;subprocess;sys,STATICALLY_REFERENCED,tests/acceptance/test_project_structure.py;tests/cli/test_gpu_launcher.py;tests/web/test_upload_limit.py,,,,,YES,ACTIVE_OR_EXTERNALLY_REACHABLE
dubbing/diarization/attribution.py,_merged_duration,function,13,25,,dubbing/diarization/attribution.py:_merged_duration,SegmentAttribution;SpeakerContribution;ValueError;_cross_speaker_overlap;_merged_duration;all_intervals.append;append;attribute_window;contribution.to_dict;defaultdict;enumerate;intervals.items;item.update;len;list;max;min;result.append;sorted;tuple;zip,__future__;collections;dubbing.aligner;dubbing.diarization.models,STATICALLY_REFERENCED,,,,,,NO_OR_UNKNOWN,ACTIVE_OR_EXTERNALLY_REACHABLE
dubbing/diarization/attribution.py,_cross_speaker_overlap,function,28,38,,dubbing/diarization/attribution.py:_cross_speaker_overlap,SegmentAttribution;SpeakerContribution;ValueError;_cross_speaker_overlap;_merged_duration;all_intervals.append;append;attribute_window;contribution.to_dict;defaultdict;enumerate;intervals.items;item.update;len;list;max;min;result.append;sorted;tuple;zip,__future__;collections;dubbing.aligner;dubbing.diarization.models,STATICALLY_REFERENCED,,,,,,NO_OR_UNKNOWN,ACTIVE_OR_EXTERNALLY_REACHABLE
dubbing/diarization/attribution.py,attribute_window,function,41,93,,dubbing/cli/main.py:attribute_window;dubbing/diarization/attribution.py:attribute_window;dubbing/transcription/attribution.py:attribute_window;tests/diarization/test_attribution.py:attribute_window,SegmentAttribution;SpeakerContribution;ValueError;_cross_speaker_overlap;_merged_duration;all_intervals.append;append;attribute_window;contribution.to_dict;defaultdict;enumerate;intervals.items;item.update;len;list;max;min;result.append;sorted;tuple;zip,__future__;collections;dubbing.aligner;dubbing.diarization.models,STATICALLY_REFERENCED,tests/diarization/test_attribution.py,,,,,NO_OR_UNKNOWN,ACTIVE_OR_EXTERNALLY_REACHABLE
dubbing/diarization/attribution.py,attribute_timed_segments,function,96,101,,dubbing/pipeline.py:attribute_timed_segments,SegmentAttribution;SpeakerContribution;ValueError;_cross_speaker_overlap;_merged_duration;all_intervals.append;append;attribute_window;contribution.to_dict;defaultdict;enumerate;intervals.items;item.update;len;list;max;min;result.append;sorted;tuple;zip,__future__;collections;dubbing.aligner;dubbing.diarization.models,STATICALLY_REFERENCED,,,,,,YES,ACTIVE_OR_EXTERNALLY_REACHABLE
dubbing/diarization/attribution.py,attributed_segment_plan,function,104,134,,dubbing/cli/main.py:attributed_segment_plan,SegmentAttribution;SpeakerContribution;ValueError;_cross_speaker_overlap;_merged_duration;all_intervals.append;append;attribute_window;contribution.to_dict;defaultdict;enumerate;intervals.items;item.update;len;list;max;min;result.append;sorted;tuple;zip,__future__;collections;dubbing.aligner;dubbing.diarization.models,STATICALLY_REFERENCED,,,,,,NO_OR_UNKNOWN,ACTIVE_OR_EXTERNALLY_REACHABLE
dubbing/diarization/base.py,DiarizationBackend,class,9,18,,,,__future__;abc;dubbing.diarization.models;pathlib,UNRESOLVED_STATICALLY,tests/diarization/test_pipeline.py;tests/diarization/test_resumable.py;tests/diarization/test_sherpa_backend.py;tests/personal_capture/test_full_day_gate.py,,,,,YES,AMBIGUOUS_NO_STATIC_CALLER
dubbing/diarization/base.py,DiarizationBackend.diarize,method,13,18,abstractmethod,dubbing/cli/main.py:diarizer.diarize;dubbing/diarization/job.py:self.backend.diarize;dubbing/pipeline.py:diarizer.diarize;dubbing/transcription/pipeline.py:diarizer.diarize;tests/diarization/test_sherpa_backend.py:backend.diarize,,__future__;abc;dubbing.diarization.models;pathlib,STATICALLY_REFERENCED,tests/diarization/test_pipeline.py;tests/diarization/test_resumable.py;tests/diarization/test_sherpa_backend.py;tests/personal_capture/test_full_day_gate.py;tests/transcription/test_diarization_integration.py,,,,,YES,ACTIVE_OR_EXTERNALLY_REACHABLE
dubbing/diarization/job.py,_atomic_json,function,22,32,,dubbing/apps/personal_capture/watcher.py:_atomic_json;dubbing/diarization/job.py:_atomic_json;dubbing/transcription/job.py:_atomic_json;dubbing/translation/job.py:_atomic_json,DiarizationError;DiarizationResult;Path;SpeakerConstraints;SpeakerTurn;ValueError;_atomic_json;_result_from_dict;checkpoint.exists;checkpoint.read_text;document.get;enumerate;exc.stderr.strip;ffmpeg_executable;final.to_dict;getattr;item.get;json.dumps;json.loads;max;media_duration_ms;min;os.getpid;os.replace;path.exists;path.parent.mkdir;path.read_text;path.with_name;range;result.to_dict;self._admit_manifest;self._extract_chunk;self._manifest;self.backend.diarize;self.checkpoint_dir.mkdir;sorted;source.is_file;source_sha256;str;subprocess.run;tempfile.TemporaryDirectory;temporary.unlink;temporary.write_text;tuple;turns.extend;type,__future__;dubbing.diarization.base;dubbing.diarization.models;dubbing.media;dubbing.transcription.job;json;os;pathlib;subprocess;tempfile,STATICALLY_REFERENCED,,,,,,NO_OR_UNKNOWN,ACTIVE_OR_EXTERNALLY_REACHABLE
dubbing/diarization/job.py,_result_from_dict,function,35,50,,dubbing/diarization/job.py:_result_from_dict;dubbing/transcription/job.py:_result_from_dict,DiarizationError;DiarizationResult;Path;SpeakerConstraints;SpeakerTurn;ValueError;_atomic_json;_result_from_dict;checkpoint.exists;checkpoint.read_text;document.get;enumerate;exc.stderr.strip;ffmpeg_executable;final.to_dict;getattr;item.get;json.dumps;json.loads;max;media_duration_ms;min;os.getpid;os.replace;path.exists;path.parent.mkdir;path.read_text;path.with_name;range;result.to_dict;self._admit_manifest;self._extract_chunk;self._manifest;self.backend.diarize;self.checkpoint_dir.mkdir;sorted;source.is_file;source_sha256;str;subprocess.run;tempfile.TemporaryDirectory;temporary.unlink;temporary.write_text;tuple;turns.extend;type,__future__;dubbing.diarization.base;dubbing.diarization.models;dubbing.media;dubbing.transcription.job;json;os;pathlib;subprocess;tempfile,STATICALLY_REFERENCED,,,,,,NO_OR_UNKNOWN,ACTIVE_OR_EXTERNALLY_REACHABLE
dubbing/diarization/job.py,ResumableDiarizationJob,class,53,238,,dubbing/apps/personal_capture/service.py:ResumableDiarizationJob;dubbing/cli/main.py:ResumableDiarizationJob;tests/diarization/test_resumable.py:ResumableDiarizationJob;tests/personal_capture/test_full_day_gate.py:ResumableDiarizationJob,,__future__;dubbing.diarization.base;dubbing.diarization.models;dubbing.media;dubbing.transcription.job;json;os;pathlib;subprocess;tempfile,STATICALLY_REFERENCED,tests/diarization/test_resumable.py;tests/personal_capture/test_full_day_gate.py,,,,,NO_OR_UNKNOWN,ACTIVE_OR_EXTERNALLY_REACHABLE
dubbing/diarization/job.py,ResumableDiarizationJob.__init__,method,56,67,,,,__future__;dubbing.diarization.base;dubbing.diarization.models;dubbing.media;dubbing.transcription.job;json;os;pathlib;subprocess;tempfile,UNRESOLVED_STATICALLY,tests/acceptance/test_acceptance_cli.py;tests/core/test_pipeline.py;tests/diarization/test_pipeline.py;tests/diarization/test_resumable.py;tests/diarization/test_sherpa_backend.py;tests/personal_capture/test_full_day_gate.py;tests/personal_capture/test_service.py;tests/transcription/test_faster_whisper_backend.py;tests/transcription/test_resumable.py;tests/translation/test_resumable.py,,,,,NO_OR_UNKNOWN,AMBIGUOUS_NO_STATIC_CALLER
dubbing/diarization/job.py,ResumableDiarizationJob.backend_identity,method,70,78,property,,,__future__;dubbing.diarization.base;dubbing.diarization.models;dubbing.media;dubbing.transcription.job;json;os;pathlib;subprocess;tempfile,UNRESOLVED_STATICALLY,,,,,,NO_OR_UNKNOWN,AMBIGUOUS_NO_STATIC_CALLER
dubbing/diarization/job.py,ResumableDiarizationJob._extract_chunk,method,81,116,staticmethod,dubbing/diarization/job.py:self._extract_chunk;dubbing/transcription/job.py:self._extract_chunk,,__future__;dubbing.diarization.base;dubbing.diarization.models;dubbing.media;dubbing.transcription.job;json;os;pathlib;subprocess;tempfile,STATICALLY_REFERENCED,tests/diarization/test_resumable.py;tests/personal_capture/test_full_day_gate.py;tests/transcription/test_resumable.py,,,,,NO_OR_UNKNOWN,ACTIVE_OR_EXTERNALLY_REACHABLE
dubbing/diarization/job.py,ResumableDiarizationJob._manifest,method,118,138,,dubbing/diarization/job.py:self._manifest;dubbing/transcription/job.py:self._manifest;dubbing/translation/job.py:self._manifest,,__future__;dubbing.diarization.base;dubbing.diarization.models;dubbing.media;dubbing.transcription.job;json;os;pathlib;subprocess;tempfile,STATICALLY_REFERENCED,tests/transcription/test_resumable.py,,,,,NO_OR_UNKNOWN,ACTIVE_OR_EXTERNALLY_REACHABLE
dubbing/diarization/job.py,ResumableDiarizationJob._admit_manifest,method,140,152,,dubbing/diarization/job.py:self._admit_manifest;dubbing/transcription/job.py:self._admit_manifest;dubbing/translation/job.py:self._admit_manifest,,__future__;dubbing.diarization.base;dubbing.diarization.models;dubbing.media;dubbing.transcription.job;json;os;pathlib;subprocess;tempfile,STATICALLY_REFERENCED,,,,,,NO_OR_UNKNOWN,ACTIVE_OR_EXTERNALLY_REACHABLE
dubbing/diarization/job.py,ResumableDiarizationJob.run,method,154,238,,acceptance.py:app.run;acceptance.py:subprocess.run;dubbing/apps/dubbing_web.py:app.run;dubbing/apps/personal_capture/preflight.py:subprocess.run;dubbing/apps/personal_capture/review.py:app.run;dubbing/apps/personal_capture/service.py:AudioUnderstandingPipeline.run;dubbing/apps/personal_capture/service.py:ResumableDiarizationJob.run;dubbing/apps/personal_capture/service.py:ResumableTranscriptionJob.run;dubbing/apps/personal_capture/service.py:ResumableTranslationJob.run;dubbing/backends/espeak.py:subprocess.run;dubbing/backends/piper.py:subprocess.run;dubbing/backends/say.py:subprocess.run;dubbing/cli/main.py:AudioUnderstandingPipeline.run;dubbing/cli/main.py:ResumableDiarizationJob.run;dubbing/cli/main.py:ResumableTranscriptionJob.run;dubbing/diarization/job.py:subprocess.run;dubbing/diarization/sherpa.py:subprocess.run;dubbing/transcription/job.py:subprocess.run;tests/cli/test_cli.py:subprocess.run;tests/core/test_adversarial_hardening.py:subprocess.run;tests/core/test_pipeline.py:DubbingPipeline.run;tests/diarization/test_resumable.py:job.run;tests/personal_capture/test_full_day_gate.py:diarization.run;tests/personal_capture/test_full_day_gate.py:transcription.run;tests/transcription/test_diarization_integration.py:AudioUnderstandingPipeline.run;tests/transcription/test_resumable.py:job.run;tests/translation/test_resumable.py:job.run,,__future__;dubbing.diarization.base;dubbing.diarization.models;dubbing.media;dubbing.transcription.job;json;os;pathlib;subprocess;tempfile,STATICALLY_REFERENCED,tests/acceptance/test_acceptance_cli.py;tests/acceptance/test_acceptance_helpers.py;tests/acceptance/test_project_structure.py;tests/cli/test_cli.py;tests/cli/test_gpu_launcher.py;tests/core/test_adversarial_hardening.py;tests/core/test_batch.py;tests/core/test_mutant_killers.py;tests/core/test_parallel_pipeline.py;tests/core/test_pipeline.py;tests/core/test_piper_backend.py;tests/core/test_prosody_bounds.py;tests/core/test_say_backend.py;tests/diarization/test_pipeline.py;tests/diarization/test_resumable.py;tests/personal_capture/test_full_day_gate.py;tests/personal_capture/test_preflight.py;tests/personal_capture/test_service.py;tests/transcription/test_diarization_integration.py;tests/transcription/test_resumable.py;tests/translation/test_resumable.py,,,,,YES,ACTIVE_OR_EXTERNALLY_REACHABLE
dubbing/diarization/models.py,DiarizationError,class,7,8,,dubbing/diarization/job.py:DiarizationError;dubbing/diarization/sherpa.py:DiarizationError,,__future__;dataclasses;typing,STATICALLY_REFERENCED,tests/diarization/test_resumable.py;tests/diarization/test_sherpa_backend.py,,,,,NO_OR_UNKNOWN,ACTIVE_OR_EXTERNALLY_REACHABLE
dubbing/diarization/models.py,UnsupportedSpeakerConstraintError,class,11,12,,dubbing/diarization/sherpa.py:UnsupportedSpeakerConstraintError,,__future__;dataclasses;typing,STATICALLY_REFERENCED,tests/diarization/test_sherpa_backend.py,,,,,NO_OR_UNKNOWN,ACTIVE_OR_EXTERNALLY_REACHABLE
dubbing/diarization/models.py,SpeakerConstraints,class,16,41,dataclass,dubbing/cli/factories.py:SpeakerConstraints;dubbing/diarization/job.py:SpeakerConstraints;dubbing/diarization/sherpa.py:SpeakerConstraints;tests/diarization/test_attribution.py:SpeakerConstraints;tests/diarization/test_pipeline.py:SpeakerConstraints;tests/diarization/test_sherpa_backend.py:SpeakerConstraints,,__future__;dataclasses;typing,STATICALLY_REFERENCED,tests/diarization/test_attribution.py;tests/diarization/test_pipeline.py;tests/diarization/test_sherpa_backend.py,,,,,YES,ACTIVE_OR_EXTERNALLY_REACHABLE
dubbing/diarization/models.py,SpeakerConstraints.__post_init__,method,23,41,,,,__future__;dataclasses;typing,UNRESOLVED_STATICALLY,,,,,,NO_OR_UNKNOWN,AMBIGUOUS_NO_STATIC_CALLER
dubbing/diarization/models.py,SpeakerTurn,class,45,69,dataclass,dubbing/diarization/job.py:SpeakerTurn;dubbing/diarization/sherpa.py:SpeakerTurn;tests/diarization/test_attribution.py:SpeakerTurn;tests/diarization/test_pipeline.py:SpeakerTurn;tests/diarization/test_resumable.py:SpeakerTurn;tests/personal_capture/test_full_day_gate.py:SpeakerTurn;tests/transcription/test_diarization_integration.py:SpeakerTurn,,__future__;dataclasses;typing,STATICALLY_REFERENCED,tests/diarization/test_attribution.py;tests/diarization/test_pipeline.py;tests/diarization/test_resumable.py;tests/personal_capture/test_full_day_gate.py;tests/transcription/test_diarization_integration.py,,,,,YES,ACTIVE_OR_EXTERNALLY_REACHABLE
dubbing/diarization/models.py,SpeakerTurn.__post_init__,method,53,61,,,,__future__;dataclasses;typing,UNRESOLVED_STATICALLY,,,,,,NO_OR_UNKNOWN,AMBIGUOUS_NO_STATIC_CALLER
dubbing/diarization/models.py,SpeakerTurn.to_dict,method,63,69,,dubbing/apps/personal_capture/service.py:transcript.to_dict;dubbing/apps/personal_capture/service.py:translation.to_dict;dubbing/cli/main.py:attribution.to_dict;dubbing/cli/main.py:diarization.to_dict;dubbing/cli/main.py:result.to_dict;dubbing/diarization/attribution.py:contribution.to_dict;dubbing/diarization/job.py:final.to_dict;dubbing/diarization/job.py:result.to_dict;dubbing/diarization/models.py:item.to_dict;dubbing/diarization/models.py:turn.to_dict;dubbing/transcription/attribution.py:diarization.to_dict;dubbing/transcription/job.py:final.to_dict;dubbing/transcription/job.py:result.to_dict;dubbing/transcription/models.py:segment.to_dict;dubbing/transcription/models.py:word.to_dict;dubbing/translation/job.py:item.to_dict;dubbing/translation/job.py:result.to_dict;dubbing/translation/job.py:transcript.to_dict;dubbing/translation/models.py:segment.to_dict;tests/diarization/test_resumable.py:first.to_dict;tests/diarization/test_resumable.py:second.to_dict;tests/personal_capture/test_full_day_gate.py:diarization_first.to_dict;tests/personal_capture/test_full_day_gate.py:diarization_second.to_dict;tests/personal_capture/test_full_day_gate.py:transcript_first.to_dict;tests/personal_capture/test_full_day_gate.py:transcript_second.to_dict;tests/transcription/test_models.py:_result.to_dict;tests/transcription/test_resumable.py:first.to_dict;tests/transcription/test_resumable.py:second.to_dict;tests/translation/test_resumable.py:first.to_dict;tests/translation/test_resumable.py:second.to_dict,,__future__;dataclasses;typing,STATICALLY_REFERENCED,tests/diarization/test_resumable.py;tests/personal_capture/test_full_day_gate.py;tests/transcription/test_models.py;tests/transcription/test_resumable.py;tests/translation/test_resumable.py,,,,,NO_OR_UNKNOWN,ACTIVE_OR_EXTERNALLY_REACHABLE
dubbing/diarization/models.py,DiarizationResult,class,73,99,dataclass,dubbing/diarization/job.py:DiarizationResult;dubbing/diarization/sherpa.py:DiarizationResult;tests/diarization/test_pipeline.py:DiarizationResult;tests/diarization/test_resumable.py:DiarizationResult;tests/personal_capture/test_full_day_gate.py:DiarizationResult;tests/transcription/test_diarization_integration.py:DiarizationResult,,__future__;dataclasses;typing,STATICALLY_REFERENCED,tests/diarization/test_pipeline.py;tests/diarization/test_resumable.py;tests/personal_capture/test_full_day_gate.py;tests/transcription/test_diarization_integration.py,,,,,YES,ACTIVE_OR_EXTERNALLY_REACHABLE
dubbing/diarization/models.py,DiarizationResult.__post_init__,method,82,85,,,,__future__;dataclasses;typing,UNRESOLVED_STATICALLY,,,,,,NO_OR_UNKNOWN,AMBIGUOUS_NO_STATIC_CALLER
dubbing/diarization/models.py,DiarizationResult.speakers,method,88,89,property,,,__future__;dataclasses;typing,UNRESOLVED_STATICALLY,tests/diarization/test_attribution.py;tests/diarization/test_pipeline.py;tests/diarization/test_sherpa_backend.py;tests/transcription/test_models.py,,,,,YES,AMBIGUOUS_NO_STATIC_CALLER
dubbing/diarization/models.py,DiarizationResult.to_dict,method,91,99,,dubbing/apps/personal_capture/service.py:transcript.to_dict;dubbing/apps/personal_capture/service.py:translation.to_dict;dubbing/cli/main.py:attribution.to_dict;dubbing/cli/main.py:diarization.to_dict;dubbing/cli/main.py:result.to_dict;dubbing/diarization/attribution.py:contribution.to_dict;dubbing/diarization/job.py:final.to_dict;dubbing/diarization/job.py:result.to_dict;dubbing/diarization/models.py:item.to_dict;dubbing/diarization/models.py:turn.to_dict;dubbing/transcription/attribution.py:diarization.to_dict;dubbing/transcription/job.py:final.to_dict;dubbing/transcription/job.py:result.to_dict;dubbing/transcription/models.py:segment.to_dict;dubbing/transcription/models.py:word.to_dict;dubbing/translation/job.py:item.to_dict;dubbing/translation/job.py:result.to_dict;dubbing/translation/job.py:transcript.to_dict;dubbing/translation/models.py:segment.to_dict;tests/diarization/test_resumable.py:first.to_dict;tests/diarization/test_resumable.py:second.to_dict;tests/personal_capture/test_full_day_gate.py:diarization_first.to_dict;tests/personal_capture/test_full_day_gate.py:diarization_second.to_dict;tests/personal_capture/test_full_day_gate.py:transcript_first.to_dict;tests/personal_capture/test_full_day_gate.py:transcript_second.to_dict;tests/transcription/test_models.py:_result.to_dict;tests/transcription/test_resumable.py:first.to_dict;tests/transcription/test_resumable.py:second.to_dict;tests/translation/test_resumable.py:first.to_dict;tests/translation/test_resumable.py:second.to_dict,,__future__;dataclasses;typing,STATICALLY_REFERENCED,tests/diarization/test_resumable.py;tests/personal_capture/test_full_day_gate.py;tests/transcription/test_models.py;tests/transcription/test_resumable.py;tests/translation/test_resumable.py,,,,,NO_OR_UNKNOWN,ACTIVE_OR_EXTERNALLY_REACHABLE
dubbing/diarization/models.py,SpeakerContribution,class,103,108,dataclass,dubbing/diarization/attribution.py:SpeakerContribution,,__future__;dataclasses;typing,STATICALLY_REFERENCED,,,,,,NO_OR_UNKNOWN,ACTIVE_OR_EXTERNALLY_REACHABLE
dubbing/diarization/models.py,SpeakerContribution.to_dict,method,107,108,,dubbing/apps/personal_capture/service.py:transcript.to_dict;dubbing/apps/personal_capture/service.py:translation.to_dict;dubbing/cli/main.py:attribution.to_dict;dubbing/cli/main.py:diarization.to_dict;dubbing/cli/main.py:result.to_dict;dubbing/diarization/attribution.py:contribution.to_dict;dubbing/diarization/job.py:final.to_dict;dubbing/diarization/job.py:result.to_dict;dubbing/diarization/models.py:item.to_dict;dubbing/diarization/models.py:turn.to_dict;dubbing/transcription/attribution.py:diarization.to_dict;dubbing/transcription/job.py:final.to_dict;dubbing/transcription/job.py:result.to_dict;dubbing/transcription/models.py:segment.to_dict;dubbing/transcription/models.py:word.to_dict;dubbing/translation/job.py:item.to_dict;dubbing/translation/job.py:result.to_dict;dubbing/translation/job.py:transcript.to_dict;dubbing/translation/models.py:segment.to_dict;tests/diarization/test_resumable.py:first.to_dict;tests/diarization/test_resumable.py:second.to_dict;tests/personal_capture/test_full_day_gate.py:diarization_first.to_dict;tests/personal_capture/test_full_day_gate.py:diarization_second.to_dict;tests/personal_capture/test_full_day_gate.py:transcript_first.to_dict;tests/personal_capture/test_full_day_gate.py:transcript_second.to_dict;tests/transcription/test_models.py:_result.to_dict;tests/transcription/test_resumable.py:first.to_dict;tests/transcription/test_resumable.py:second.to_dict;tests/translation/test_resumable.py:first.to_dict;tests/translation/test_resumable.py:second.to_dict,,__future__;dataclasses;typing,STATICALLY_REFERENCED,tests/diarization/test_resumable.py;tests/personal_capture/test_full_day_gate.py;tests/transcription/test_models.py;tests/transcription/test_resumable.py;tests/translation/test_resumable.py,,,,,NO_OR_UNKNOWN,ACTIVE_OR_EXTERNALLY_REACHABLE
dubbing/diarization/models.py,SegmentAttribution,class,112,134,dataclass,dubbing/diarization/attribution.py:SegmentAttribution,,__future__;dataclasses;typing,STATICALLY_REFERENCED,,,,,,NO_OR_UNKNOWN,ACTIVE_OR_EXTERNALLY_REACHABLE
dubbing/diarization/models.py,SegmentAttribution.to_dict,method,124,134,,dubbing/apps/personal_capture/service.py:transcript.to_dict;dubbing/apps/personal_capture/service.py:translation.to_dict;dubbing/cli/main.py:attribution.to_dict;dubbing/cli/main.py:diarization.to_dict;dubbing/cli/main.py:result.to_dict;dubbing/diarization/attribution.py:contribution.to_dict;dubbing/diarization/job.py:final.to_dict;dubbing/diarization/job.py:result.to_dict;dubbing/diarization/models.py:item.to_dict;dubbing/diarization/models.py:turn.to_dict;dubbing/transcription/attribution.py:diarization.to_dict;dubbing/transcription/job.py:final.to_dict;dubbing/transcription/job.py:result.to_dict;dubbing/transcription/models.py:segment.to_dict;dubbing/transcription/models.py:word.to_dict;dubbing/translation/job.py:item.to_dict;dubbing/translation/job.py:result.to_dict;dubbing/translation/job.py:transcript.to_dict;dubbing/translation/models.py:segment.to_dict;tests/diarization/test_resumable.py:first.to_dict;tests/diarization/test_resumable.py:second.to_dict;tests/personal_capture/test_full_day_gate.py:diarization_first.to_dict;tests/personal_capture/test_full_day_gate.py:diarization_second.to_dict;tests/personal_capture/test_full_day_gate.py:transcript_first.to_dict;tests/personal_capture/test_full_day_gate.py:transcript_second.to_dict;tests/transcription/test_models.py:_result.to_dict;tests/transcription/test_resumable.py:first.to_dict;tests/transcription/test_resumable.py:second.to_dict;tests/translation/test_resumable.py:first.to_dict;tests/translation/test_resumable.py:second.to_dict,,__future__;dataclasses;typing,STATICALLY_REFERENCED,tests/diarization/test_resumable.py;tests/personal_capture/test_full_day_gate.py;tests/transcription/test_models.py;tests/transcription/test_resumable.py;tests/translation/test_resumable.py,,,,,NO_OR_UNKNOWN,ACTIVE_OR_EXTERNALLY_REACHABLE
dubbing/diarization/sherpa.py,SherpaOnnxDiarizationBackend,class,25,307,,dubbing/apps/personal_capture/runtime.py:SherpaOnnxDiarizationBackend;dubbing/cli/factories.py:SherpaOnnxDiarizationBackend;tests/diarization/test_sherpa_backend.py:SherpaOnnxDiarizationBackend,,__future__;dubbing.diarization.base;dubbing.diarization.models;dubbing.media;importlib;pathlib;shutil;subprocess;tempfile;wave,STATICALLY_REFERENCED,tests/diarization/test_sherpa_backend.py,,,,,YES,ACTIVE_OR_EXTERNALLY_REACHABLE
dubbing/diarization/sherpa.py,SherpaOnnxDiarizationBackend.__init__,method,28,53,,,,__future__;dubbing.diarization.base;dubbing.diarization.models;dubbing.media;importlib;pathlib;shutil;subprocess;tempfile;wave,UNRESOLVED_STATICALLY,tests/acceptance/test_acceptance_cli.py;tests/core/test_pipeline.py;tests/diarization/test_pipeline.py;tests/diarization/test_resumable.py;tests/diarization/test_sherpa_backend.py;tests/personal_capture/test_full_day_gate.py;tests/personal_capture/test_service.py;tests/transcription/test_faster_whisper_backend.py;tests/transcription/test_resumable.py;tests/translation/test_resumable.py,,,,,NO_OR_UNKNOWN,AMBIGUOUS_NO_STATIC_CALLER
dubbing/diarization/sherpa.py,SherpaOnnxDiarizationBackend.identity,method,56,60,property,,,__future__;dubbing.diarization.base;dubbing.diarization.models;dubbing.media;importlib;pathlib;shutil;subprocess;tempfile;wave,UNRESOLVED_STATICALLY,tests/core/test_mutant_killers.py;tests/core/test_say_backend.py;tests/diarization/test_resumable.py;tests/personal_capture/test_full_day_gate.py;tests/personal_capture/test_service.py;tests/transcription/test_diarization_integration.py;tests/transcription/test_resumable.py;tests/translation/test_pipeline.py;tests/translation/test_resumable.py,,,,,YES,AMBIGUOUS_NO_STATIC_CALLER
dubbing/diarization/sherpa.py,SherpaOnnxDiarizationBackend._dependencies,method,62,84,,dubbing/diarization/sherpa.py:self._dependencies;tests/diarization/test_sherpa_backend.py:backend._dependencies,,__future__;dubbing.diarization.base;dubbing.diarization.models;dubbing.media;importlib;pathlib;shutil;subprocess;tempfile;wave,STATICALLY_REFERENCED,tests/diarization/test_sherpa_backend.py,,,,,NO_OR_UNKNOWN,ACTIVE_OR_EXTERNALLY_REACHABLE
dubbing/diarization/sherpa.py,SherpaOnnxDiarizationBackend._validate_models,method,86,95,,dubbing/diarization/sherpa.py:self._validate_models,,__future__;dubbing.diarization.base;dubbing.diarization.models;dubbing.media;importlib;pathlib;shutil;subprocess;tempfile;wave,STATICALLY_REFERENCED,,,,,,NO_OR_UNKNOWN,ACTIVE_OR_EXTERNALLY_REACHABLE
dubbing/diarization/sherpa.py,SherpaOnnxDiarizationBackend._validate_constraints,method,98,106,staticmethod,dubbing/diarization/sherpa.py:self._validate_constraints,,__future__;dubbing.diarization.base;dubbing.diarization.models;dubbing.media;importlib;pathlib;shutil;subprocess;tempfile;wave,STATICALLY_REFERENCED,,,,,,NO_OR_UNKNOWN,ACTIVE_OR_EXTERNALLY_REACHABLE
dubbing/diarization/sherpa.py,SherpaOnnxDiarizationBackend._media_duration,method,109,134,staticmethod,dubbing/diarization/sherpa.py:self._media_duration,,__future__;dubbing.diarization.base;dubbing.diarization.models;dubbing.media;importlib;pathlib;shutil;subprocess;tempfile;wave,STATICALLY_REFERENCED,,,,,,NO_OR_UNKNOWN,ACTIVE_OR_EXTERNALLY_REACHABLE
dubbing/diarization/sherpa.py,SherpaOnnxDiarizationBackend._decode_media,method,137,175,staticmethod,dubbing/diarization/sherpa.py:self._decode_media,,__future__;dubbing.diarization.base;dubbing.diarization.models;dubbing.media;importlib;pathlib;shutil;subprocess;tempfile;wave,STATICALLY_REFERENCED,,,,,,NO_OR_UNKNOWN,ACTIVE_OR_EXTERNALLY_REACHABLE
dubbing/diarization/sherpa.py,SherpaOnnxDiarizationBackend._load_audio,method,177,225,,dubbing/diarization/sherpa.py:self._load_audio,,__future__;dubbing.diarization.base;dubbing.diarization.models;dubbing.media;importlib;pathlib;shutil;subprocess;tempfile;wave,STATICALLY_REFERENCED,,,,,,NO_OR_UNKNOWN,ACTIVE_OR_EXTERNALLY_REACHABLE
dubbing/diarization/sherpa.py,SherpaOnnxDiarizationBackend.diarize,method,227,307,,dubbing/cli/main.py:diarizer.diarize;dubbing/diarization/job.py:self.backend.diarize;dubbing/pipeline.py:diarizer.diarize;dubbing/transcription/pipeline.py:diarizer.diarize;tests/diarization/test_sherpa_backend.py:backend.diarize,,__future__;dubbing.diarization.base;dubbing.diarization.models;dubbing.media;importlib;pathlib;shutil;subprocess;tempfile;wave,STATICALLY_REFERENCED,tests/diarization/test_pipeline.py;tests/diarization/test_resumable.py;tests/diarization/test_sherpa_backend.py;tests/personal_capture/test_full_day_gate.py;tests/transcription/test_diarization_integration.py,,,,,YES,ACTIVE_OR_EXTERNALLY_REACHABLE
dubbing/gpu_launcher.py,nvidia_library_directories,function,9,18,,dubbing/gpu_launcher.py:nvidia_library_directories;tests/cli/test_gpu_launcher.py:gpu_launcher.nvidia_library_directories,Path;SystemExit;candidate.is_dir;directories.append;env.get;main;nvidia_library_directories;os.environ.copy;os.execve;os.pathsep.join;site.getsitepackages;str;tuple;values.append,__future__;os;pathlib;site;sys,STATICALLY_REFERENCED,tests/cli/test_gpu_launcher.py,,,,,NO_OR_UNKNOWN,ACTIVE_OR_EXTERNALLY_REACHABLE
dubbing/gpu_launcher.py,main,function,21,39,,dubbing/__main__.py:main;dubbing/apps/dubbing_web.py:main;dubbing/apps/personal_capture/benchmark.py:main;dubbing/apps/personal_capture/preflight.py:main;dubbing/apps/personal_capture/review.py:main;dubbing/apps/personal_capture/watcher.py:main;dubbing/cli/main.py:main;dubbing/gpu_launcher.py:main;tests/cli/test_gpu_launcher.py:gpu_launcher.main,Path;SystemExit;candidate.is_dir;directories.append;env.get;main;nvidia_library_directories;os.environ.copy;os.execve;os.pathsep.join;site.getsitepackages;str;tuple;values.append,__future__;os;pathlib;site;sys,STATICALLY_REFERENCED,tests/acceptance/test_project_structure.py;tests/cli/test_gpu_launcher.py;tests/web/test_upload_limit.py,,,,,YES,ACTIVE_OR_EXTERNALLY_REACHABLE
dubbing/media.py,ffmpeg_executable,function,7,16,,dubbing/apps/personal_capture/preflight.py:ffmpeg_executable;dubbing/diarization/job.py:ffmpeg_executable;dubbing/diarization/sherpa.py:ffmpeg_executable;dubbing/transcription/job.py:ffmpeg_executable;tests/core/test_media.py:ffmpeg_executable,imageio_ffmpeg.get_ffmpeg_exe;importlib.import_module;shutil.which;str,__future__;importlib;shutil,STATICALLY_REFERENCED,tests/core/test_media.py;tests/personal_capture/test_preflight.py,,,,,NO_OR_UNKNOWN,ACTIVE_OR_EXTERNALLY_REACHABLE
dubbing/models.py,SRTEntry,class,7,11,dataclass,dubbing/pipeline.py:SRTEntry;dubbing/srt_parser.py:SRTEntry;tests/core/test_adversarial_hardening.py:SRTEntry;tests/core/test_aligner.py:SRTEntry;tests/core/test_assembler.py:SRTEntry;tests/core/test_espeak_backend.py:SRTEntry;tests/core/test_piper_backend.py:SRTEntry;tests/core/test_say_backend.py:SRTEntry;tests/core/test_srt_parser.py:SRTEntry;tests/support/builders.py:SRTEntry,,__future__;dataclasses,STATICALLY_REFERENCED,tests/core/test_adversarial_hardening.py;tests/core/test_aligner.py;tests/core/test_assembler.py;tests/core/test_espeak_backend.py;tests/core/test_piper_backend.py;tests/core/test_say_backend.py;tests/core/test_srt_parser.py;tests/support/builders.py,,,,,NO_OR_UNKNOWN,ACTIVE_OR_EXTERNALLY_REACHABLE
dubbing/models.py,ProsodyTag,class,15,17,dataclass,dubbing/prosody.py:ProsodyTag;tests/core/test_adversarial_hardening.py:ProsodyTag;tests/core/test_piper_backend.py:ProsodyTag;tests/core/test_say_backend.py:ProsodyTag,,__future__;dataclasses,STATICALLY_REFERENCED,tests/core/test_adversarial_hardening.py;tests/core/test_mutant_killers.py;tests/core/test_pipeline.py;tests/core/test_piper_backend.py;tests/core/test_prosody.py;tests/core/test_say_backend.py;tests/support/assertions.py;tests/support/builders.py,,,,,YES,ACTIVE_OR_EXTERNALLY_REACHABLE
dubbing/models.py,Segment,class,21,24,dataclass,dubbing/pipeline.py:Segment;tests/core/test_adversarial_hardening.py:Segment;tests/core/test_aligner.py:Segment;tests/core/test_assembler.py:Segment;tests/core/test_espeak_backend.py:Segment;tests/core/test_piper_backend.py:Segment;tests/core/test_say_backend.py:Segment;tests/core/test_srt_parser.py:Segment;tests/support/builders.py:Segment,,__future__;dataclasses,STATICALLY_REFERENCED,tests/acceptance/test_acceptance_helpers.py;tests/conftest.py;tests/core/test_adversarial_hardening.py;tests/core/test_aligner.py;tests/core/test_assembler.py;tests/core/test_batch.py;tests/core/test_espeak_backend.py;tests/core/test_mutant_killers.py;tests/core/test_parallel_pipeline.py;tests/core/test_pipeline.py;tests/core/test_piper_backend.py;tests/core/test_say_backend.py;tests/core/test_srt_parser.py;tests/personal_capture/test_full_day_gate.py;tests/personal_capture/test_service.py;tests/support/assertions.py;tests/support/builders.py;tests/transcription/test_diarization_integration.py;tests/transcription/test_models.py;tests/transcription/test_resumable.py;tests/translation/test_pipeline.py;tests/translation/test_resumable.py;tests/web/test_app.py;tests/web/test_result.py;tests/web/test_stream.py;tests/web/test_upload_limit.py,,,,,YES,ACTIVE_OR_EXTERNALLY_REACHABLE
dubbing/models.py,TTSResult,class,28,31,dataclass,dubbing/backends/espeak.py:TTSResult;dubbing/backends/piper.py:TTSResult;dubbing/backends/say.py:TTSResult;tests/core/test_adversarial_hardening.py:TTSResult;tests/core/test_assembler.py:TTSResult;tests/core/test_batch.py:TTSResult;tests/core/test_mutant_killers.py:TTSResult;tests/core/test_parallel_pipeline.py:TTSResult;tests/core/test_pipeline.py:TTSResult;tests/diarization/test_pipeline.py:TTSResult;tests/support/builders.py:TTSResult;tests/web/test_app.py:TTSResult;tests/web/test_result.py:TTSResult;tests/web/test_stream.py:TTSResult;tests/web/test_upload_limit.py:TTSResult,,__future__;dataclasses,STATICALLY_REFERENCED,tests/core/test_adversarial_hardening.py;tests/core/test_assembler.py;tests/core/test_batch.py;tests/core/test_mutant_killers.py;tests/core/test_parallel_pipeline.py;tests/core/test_pipeline.py;tests/core/test_piper_backend.py;tests/core/test_say_backend.py;tests/diarization/test_pipeline.py;tests/support/builders.py;tests/web/test_app.py;tests/web/test_result.py;tests/web/test_stream.py;tests/web/test_upload_limit.py,,,,,YES,ACTIVE_OR_EXTERNALLY_REACHABLE
dubbing/pipeline.py,DubbingPipeline,class,21,113,,dubbing/apps/dubbing_web.py:DubbingPipeline;dubbing/batch.py:DubbingPipeline;dubbing/cli/main.py:DubbingPipeline;tests/core/test_parallel_pipeline.py:DubbingPipeline;tests/core/test_pipeline.py:DubbingPipeline;tests/diarization/test_pipeline.py:DubbingPipeline,,__future__;concurrent.futures;dubbing.aligner;dubbing.backends.base;dubbing.diarization.attribution;dubbing.diarization.base;dubbing.diarization.models;dubbing.models;dubbing.prosody;dubbing.srt_parser;os;pathlib,STATICALLY_REFERENCED,tests/core/test_parallel_pipeline.py;tests/core/test_pipeline.py;tests/diarization/test_pipeline.py,,,,,YES,ACTIVE_OR_EXTERNALLY_REACHABLE
dubbing/pipeline.py,DubbingPipeline.__init__,method,22,24,,,,__future__;concurrent.futures;dubbing.aligner;dubbing.backends.base;dubbing.diarization.attribution;dubbing.diarization.base;dubbing.diarization.models;dubbing.models;dubbing.prosody;dubbing.srt_parser;os;pathlib,UNRESOLVED_STATICALLY,tests/acceptance/test_acceptance_cli.py;tests/core/test_pipeline.py;tests/diarization/test_pipeline.py;tests/diarization/test_resumable.py;tests/diarization/test_sherpa_backend.py;tests/personal_capture/test_full_day_gate.py;tests/personal_capture/test_service.py;tests/transcription/test_faster_whisper_backend.py;tests/transcription/test_resumable.py;tests/translation/test_resumable.py,,,,,NO_OR_UNKNOWN,AMBIGUOUS_NO_STATIC_CALLER
dubbing/pipeline.py,DubbingPipeline.run_full,method,26,55,,dubbing/apps/dubbing_web.py:pipeline.run_full;dubbing/batch.py:pipeline.run_full;dubbing/cli/main.py:pipeline.run_full;dubbing/pipeline.py:self.run_full;tests/core/test_parallel_pipeline.py:pipeline.run_full;tests/core/test_pipeline.py:DubbingPipeline.run_full,,__future__;concurrent.futures;dubbing.aligner;dubbing.backends.base;dubbing.diarization.attribution;dubbing.diarization.base;dubbing.diarization.models;dubbing.models;dubbing.prosody;dubbing.srt_parser;os;pathlib,STATICALLY_REFERENCED,tests/core/test_parallel_pipeline.py;tests/core/test_pipeline.py;tests/diarization/test_pipeline.py,,,,,YES,ACTIVE_OR_EXTERNALLY_REACHABLE
dubbing/pipeline.py,DubbingPipeline._synthesize_parallel,method,57,89,,dubbing/pipeline.py:self._synthesize_parallel;tests/core/test_parallel_pipeline.py:pipeline._synthesize_parallel,,__future__;concurrent.futures;dubbing.aligner;dubbing.backends.base;dubbing.diarization.attribution;dubbing.diarization.base;dubbing.diarization.models;dubbing.models;dubbing.prosody;dubbing.srt_parser;os;pathlib,STATICALLY_REFERENCED,tests/core/test_parallel_pipeline.py,,,,,NO_OR_UNKNOWN,ACTIVE_OR_EXTERNALLY_REACHABLE
dubbing/pipeline.py,DubbingPipeline.run,method,91,93,,acceptance.py:app.run;acceptance.py:subprocess.run;dubbing/apps/dubbing_web.py:app.run;dubbing/apps/personal_capture/preflight.py:subprocess.run;dubbing/apps/personal_capture/review.py:app.run;dubbing/apps/personal_capture/service.py:AudioUnderstandingPipeline.run;dubbing/apps/personal_capture/service.py:ResumableDiarizationJob.run;dubbing/apps/personal_capture/service.py:ResumableTranscriptionJob.run;dubbing/apps/personal_capture/service.py:ResumableTranslationJob.run;dubbing/backends/espeak.py:subprocess.run;dubbing/backends/piper.py:subprocess.run;dubbing/backends/say.py:subprocess.run;dubbing/cli/main.py:AudioUnderstandingPipeline.run;dubbing/cli/main.py:ResumableDiarizationJob.run;dubbing/cli/main.py:ResumableTranscriptionJob.run;dubbing/diarization/job.py:subprocess.run;dubbing/diarization/sherpa.py:subprocess.run;dubbing/transcription/job.py:subprocess.run;tests/cli/test_cli.py:subprocess.run;tests/core/test_adversarial_hardening.py:subprocess.run;tests/core/test_pipeline.py:DubbingPipeline.run;tests/diarization/test_resumable.py:job.run;tests/personal_capture/test_full_day_gate.py:diarization.run;tests/personal_capture/test_full_day_gate.py:transcription.run;tests/transcription/test_diarization_integration.py:AudioUnderstandingPipeline.run;tests/transcription/test_resumable.py:job.run;tests/translation/test_resumable.py:job.run,,__future__;concurrent.futures;dubbing.aligner;dubbing.backends.base;dubbing.diarization.attribution;dubbing.diarization.base;dubbing.diarization.models;dubbing.models;dubbing.prosody;dubbing.srt_parser;os;pathlib,STATICALLY_REFERENCED,tests/acceptance/test_acceptance_cli.py;tests/acceptance/test_acceptance_helpers.py;tests/acceptance/test_project_structure.py;tests/cli/test_cli.py;tests/cli/test_gpu_launcher.py;tests/core/test_adversarial_hardening.py;tests/core/test_batch.py;tests/core/test_mutant_killers.py;tests/core/test_parallel_pipeline.py;tests/core/test_pipeline.py;tests/core/test_piper_backend.py;tests/core/test_prosody_bounds.py;tests/core/test_say_backend.py;tests/diarization/test_pipeline.py;tests/diarization/test_resumable.py;tests/personal_capture/test_full_day_gate.py;tests/personal_capture/test_preflight.py;tests/personal_capture/test_service.py;tests/transcription/test_diarization_integration.py;tests/transcription/test_resumable.py;tests/translation/test_resumable.py,,,,,YES,ACTIVE_OR_EXTERNALLY_REACHABLE
dubbing/pipeline.py,DubbingPipeline.run_full_with_diarization,method,95,113,,dubbing/cli/main.py:pipeline.run_full_with_diarization;tests/diarization/test_pipeline.py:DubbingPipeline.run_full_with_diarization,,__future__;concurrent.futures;dubbing.aligner;dubbing.backends.base;dubbing.diarization.attribution;dubbing.diarization.base;dubbing.diarization.models;dubbing.models;dubbing.prosody;dubbing.srt_parser;os;pathlib,STATICALLY_REFERENCED,tests/diarization/test_pipeline.py,,,,,YES,ACTIVE_OR_EXTERNALLY_REACHABLE
dubbing/prosody.py,parse_prosody,function,10,15,,dubbing/pipeline.py:parse_prosody;tests/core/test_boundaries.py:parse_prosody;tests/core/test_mutant_killers.py:parse_prosody;tests/core/test_prosody.py:parse_prosody;tests/core/test_srt_parser.py:parse_prosody,ProsodyTag;_TAG_RE.finditer;_TAG_RE.sub;m.group;re.compile;tags.append,__future__;dubbing.models;re,STATICALLY_REFERENCED,tests/core/test_boundaries.py;tests/core/test_mutant_killers.py;tests/core/test_prosody.py;tests/core/test_srt_parser.py,,,,,NO_OR_UNKNOWN,ACTIVE_OR_EXTERNALLY_REACHABLE
dubbing/srt_parser.py,_ms,function,13,14,,dubbing/srt_parser.py:_ms;tests/core/test_boundaries.py:_ms;tests/core/test_srt_parser.py:_ms,Path;Path.read_text;SRTEntry;_TIMECODE_RE.match;_ms;block.strip;block.strip.splitlines;entries.append;int;join;len;m.group;parse_srt_string;re.compile;re.split;strip;text.strip,__future__;dubbing.models;pathlib;re,STATICALLY_REFERENCED,tests/acceptance/test_acceptance_cli.py;tests/acceptance/test_acceptance_helpers.py;tests/cli/test_cli.py;tests/conftest.py;tests/core/test_adversarial_hardening.py;tests/core/test_aligner.py;tests/core/test_assembler.py;tests/core/test_batch.py;tests/core/test_boundaries.py;tests/core/test_espeak_backend.py;tests/core/test_mutant_killers.py;tests/core/test_parallel_pipeline.py;tests/core/test_pipeline.py;tests/core/test_piper_backend.py;tests/core/test_say_backend.py;tests/core/test_srt_parser.py;tests/diarization/test_attribution.py;tests/diarization/test_pipeline.py;tests/diarization/test_resumable.py;tests/personal_capture/test_full_day_gate.py;tests/personal_capture/test_service.py;tests/support/assertions.py;tests/support/builders.py;tests/support/params.py;tests/transcription/test_diarization_integration.py;tests/transcription/test_faster_whisper_backend.py;tests/transcription/test_mlx_backend.py;tests/transcription/test_models.py;tests/transcription/test_resumable.py;tests/translation/test_pipeline.py;tests/translation/test_resumable.py;tests/web/test_app.py;tests/web/test_result.py;tests/web/test_stream.py;tests/web/test_upload_limit.py,,,,,YES,ACTIVE_OR_EXTERNALLY_REACHABLE
dubbing/srt_parser.py,parse_srt_string,function,17,35,,dubbing/pipeline.py:parse_srt_string;dubbing/srt_parser.py:parse_srt_string;tests/core/test_boundaries.py:parse_srt_string;tests/core/test_mutant_killers.py:parse_srt_string;tests/core/test_srt_parser.py:parse_srt_string,Path;Path.read_text;SRTEntry;_TIMECODE_RE.match;_ms;block.strip;block.strip.splitlines;entries.append;int;join;len;m.group;parse_srt_string;re.compile;re.split;strip;text.strip,__future__;dubbing.models;pathlib;re,STATICALLY_REFERENCED,tests/core/test_boundaries.py;tests/core/test_mutant_killers.py;tests/core/test_srt_parser.py,,,,,NO_OR_UNKNOWN,ACTIVE_OR_EXTERNALLY_REACHABLE
dubbing/srt_parser.py,parse_srt,function,38,39,,dubbing/cli/main.py:parse_srt;dubbing/pipeline.py:parse_srt,Path;Path.read_text;SRTEntry;_TIMECODE_RE.match;_ms;block.strip;block.strip.splitlines;entries.append;int;join;len;m.group;parse_srt_string;re.compile;re.split;strip;text.strip,__future__;dubbing.models;pathlib;re,STATICALLY_REFERENCED,tests/core/test_boundaries.py;tests/core/test_mutant_killers.py;tests/core/test_srt_parser.py,,,,,NO_OR_UNKNOWN,ACTIVE_OR_EXTERNALLY_REACHABLE
dubbing/transcription/attribution.py,_word_speaker,function,14,21,,dubbing/transcription/attribution.py:_word_speaker,_word_speaker;all;attribute_window;diarization.to_dict;iter;len;next;replace;segments.append;tuple,__future__;dataclasses;dubbing.diarization.attribution;dubbing.diarization.models;dubbing.transcription.models,STATICALLY_REFERENCED,,,,,,NO_OR_UNKNOWN,ACTIVE_OR_EXTERNALLY_REACHABLE
dubbing/transcription/attribution.py,attribute_transcript,function,24,59,,dubbing/apps/personal_capture/service.py:attribute_transcript;dubbing/cli/main.py:attribute_transcript;dubbing/transcription/pipeline.py:attribute_transcript;tests/transcription/test_diarization_integration.py:attribute_transcript,_word_speaker;all;attribute_window;diarization.to_dict;iter;len;next;replace;segments.append;tuple,__future__;dataclasses;dubbing.diarization.attribution;dubbing.diarization.models;dubbing.transcription.models,STATICALLY_REFERENCED,tests/transcription/test_diarization_integration.py,,,,,NO_OR_UNKNOWN,ACTIVE_OR_EXTERNALLY_REACHABLE
dubbing/transcription/base.py,TranscriptionBackend,class,12,26,,,,__future__;abc;dubbing.transcription.models;pathlib,UNRESOLVED_STATICALLY,tests/personal_capture/test_full_day_gate.py;tests/personal_capture/test_service.py;tests/transcription/test_diarization_integration.py;tests/transcription/test_faster_whisper_backend.py;tests/transcription/test_mlx_backend.py;tests/transcription/test_resumable.py,,,,,NO_OR_UNKNOWN,AMBIGUOUS_NO_STATIC_CALLER
dubbing/transcription/base.py,TranscriptionBackend.identity,method,17,18,property;abstractmethod,,,__future__;abc;dubbing.transcription.models;pathlib,UNRESOLVED_STATICALLY,tests/core/test_mutant_killers.py;tests/core/test_say_backend.py;tests/diarization/test_resumable.py;tests/personal_capture/test_full_day_gate.py;tests/personal_capture/test_service.py;tests/transcription/test_diarization_integration.py;tests/transcription/test_resumable.py;tests/translation/test_pipeline.py;tests/translation/test_resumable.py,,,,,YES,AMBIGUOUS_NO_STATIC_CALLER
dubbing/transcription/base.py,TranscriptionBackend.transcribe,method,21,26,abstractmethod,dubbing/transcription/faster_whisper.py:model.transcribe;dubbing/transcription/job.py:self.backend.transcribe;dubbing/transcription/mlx_whisper.py:mlx_whisper.transcribe;dubbing/transcription/pipeline.py:self.transcription_backend.transcribe;tests/personal_capture/test_service.py:FakeASR.transcribe;tests/personal_capture/test_service.py:super.transcribe;tests/transcription/test_faster_whisper_backend.py:backend.transcribe;tests/transcription/test_mlx_backend.py:MLXWhisperTranscriptionBackend.transcribe;tests/transcription/test_mlx_backend.py:backend.transcribe,,__future__;abc;dubbing.transcription.models;pathlib,STATICALLY_REFERENCED,tests/cli/test_gpu_launcher.py;tests/personal_capture/test_full_day_gate.py;tests/personal_capture/test_service.py;tests/transcription/test_diarization_integration.py;tests/transcription/test_faster_whisper_backend.py;tests/transcription/test_mlx_backend.py;tests/transcription/test_resumable.py,,,,,YES,ACTIVE_OR_EXTERNALLY_REACHABLE
dubbing/transcription/faster_whisper.py,_milliseconds,function,21,28,,dubbing/transcription/faster_whisper.py:_milliseconds;dubbing/transcription/mlx_whisper.py:_milliseconds,Path;TranscriptSegment;TranscriptWord;TranscriptionError;TranscriptionOptions;TranscriptionResult;ValueError;_milliseconds;_probability;any;cls._parse_word;compute_type.strip;dependency.WhisperModel;digest.hexdigest;digest.update;float;getattr;handle.read;hashlib.sha256;importlib.import_module;iter;join;join.strip;math.exp;math.isfinite;max;min;model.strip;model.transcribe;path.is_file;path.open;round;self._dependency;self._load_model;self._parse_segment;self._source_hash;str;str.strip;tuple,__future__;dubbing.transcription.base;dubbing.transcription.models;hashlib;importlib;math;pathlib;typing,STATICALLY_REFERENCED,tests/core/test_srt_parser.py,,,,,NO_OR_UNKNOWN,ACTIVE_OR_EXTERNALLY_REACHABLE
dubbing/transcription/faster_whisper.py,_probability,function,31,38,,dubbing/transcription/faster_whisper.py:_probability,Path;TranscriptSegment;TranscriptWord;TranscriptionError;TranscriptionOptions;TranscriptionResult;ValueError;_milliseconds;_probability;any;cls._parse_word;compute_type.strip;dependency.WhisperModel;digest.hexdigest;digest.update;float;getattr;handle.read;hashlib.sha256;importlib.import_module;iter;join;join.strip;math.exp;math.isfinite;max;min;model.strip;model.transcribe;path.is_file;path.open;round;self._dependency;self._load_model;self._parse_segment;self._source_hash;str;str.strip;tuple,__future__;dubbing.transcription.base;dubbing.transcription.models;hashlib;importlib;math;pathlib;typing,STATICALLY_REFERENCED,,,,,,NO_OR_UNKNOWN,ACTIVE_OR_EXTERNALLY_REACHABLE
dubbing/transcription/faster_whisper.py,FasterWhisperTranscriptionBackend,class,41,214,,dubbing/apps/personal_capture/runtime.py:FasterWhisperTranscriptionBackend;dubbing/cli/factories.py:FasterWhisperTranscriptionBackend;tests/transcription/test_faster_whisper_backend.py:FasterWhisperTranscriptionBackend,,__future__;dubbing.transcription.base;dubbing.transcription.models;hashlib;importlib;math;pathlib;typing,STATICALLY_REFERENCED,tests/transcription/test_faster_whisper_backend.py,,,,,NO_OR_UNKNOWN,ACTIVE_OR_EXTERNALLY_REACHABLE
dubbing/transcription/faster_whisper.py,FasterWhisperTranscriptionBackend.__init__,method,44,72,,,,__future__;dubbing.transcription.base;dubbing.transcription.models;hashlib;importlib;math;pathlib;typing,UNRESOLVED_STATICALLY,tests/acceptance/test_acceptance_cli.py;tests/core/test_pipeline.py;tests/diarization/test_pipeline.py;tests/diarization/test_resumable.py;tests/diarization/test_sherpa_backend.py;tests/personal_capture/test_full_day_gate.py;tests/personal_capture/test_service.py;tests/transcription/test_faster_whisper_backend.py;tests/transcription/test_resumable.py;tests/translation/test_resumable.py,,,,,NO_OR_UNKNOWN,AMBIGUOUS_NO_STATIC_CALLER
dubbing/transcription/faster_whisper.py,FasterWhisperTranscriptionBackend.identity,method,75,79,property,,,__future__;dubbing.transcription.base;dubbing.transcription.models;hashlib;importlib;math;pathlib;typing,UNRESOLVED_STATICALLY,tests/core/test_mutant_killers.py;tests/core/test_say_backend.py;tests/diarization/test_resumable.py;tests/personal_capture/test_full_day_gate.py;tests/personal_capture/test_service.py;tests/transcription/test_diarization_integration.py;tests/transcription/test_resumable.py;tests/translation/test_pipeline.py;tests/translation/test_resumable.py,,,,,YES,AMBIGUOUS_NO_STATIC_CALLER
dubbing/transcription/faster_whisper.py,FasterWhisperTranscriptionBackend._dependency,method,82,89,staticmethod,dubbing/transcription/faster_whisper.py:self._dependency;dubbing/transcription/mlx_whisper.py:self._dependency,,__future__;dubbing.transcription.base;dubbing.transcription.models;hashlib;importlib;math;pathlib;typing,STATICALLY_REFERENCED,tests/diarization/test_sherpa_backend.py;tests/transcription/test_faster_whisper_backend.py;tests/transcription/test_mlx_backend.py,,,,,NO_OR_UNKNOWN,ACTIVE_OR_EXTERNALLY_REACHABLE
dubbing/transcription/faster_whisper.py,FasterWhisperTranscriptionBackend._source_hash,method,92,97,staticmethod,dubbing/transcription/faster_whisper.py:self._source_hash;dubbing/transcription/mlx_whisper.py:self._source_hash,,__future__;dubbing.transcription.base;dubbing.transcription.models;hashlib;importlib;math;pathlib;typing,STATICALLY_REFERENCED,,,,,,NO_OR_UNKNOWN,ACTIVE_OR_EXTERNALLY_REACHABLE
dubbing/transcription/faster_whisper.py,FasterWhisperTranscriptionBackend._load_model,method,99,115,,dubbing/transcription/faster_whisper.py:self._load_model,,__future__;dubbing.transcription.base;dubbing.transcription.models;hashlib;importlib;math;pathlib;typing,STATICALLY_REFERENCED,,,,,,NO_OR_UNKNOWN,ACTIVE_OR_EXTERNALLY_REACHABLE
dubbing/transcription/faster_whisper.py,FasterWhisperTranscriptionBackend._parse_word,method,118,131,staticmethod,dubbing/transcription/faster_whisper.py:cls._parse_word;dubbing/transcription/mlx_whisper.py:cls._parse_word,,__future__;dubbing.transcription.base;dubbing.transcription.models;hashlib;importlib;math;pathlib;typing,STATICALLY_REFERENCED,,,,,,NO_OR_UNKNOWN,ACTIVE_OR_EXTERNALLY_REACHABLE
dubbing/transcription/faster_whisper.py,FasterWhisperTranscriptionBackend._parse_segment,method,134,162,classmethod,dubbing/transcription/faster_whisper.py:self._parse_segment;dubbing/transcription/mlx_whisper.py:self._parse_segment,,__future__;dubbing.transcription.base;dubbing.transcription.models;hashlib;importlib;math;pathlib;typing,STATICALLY_REFERENCED,,,,,,NO_OR_UNKNOWN,ACTIVE_OR_EXTERNALLY_REACHABLE
dubbing/transcription/faster_whisper.py,FasterWhisperTranscriptionBackend.transcribe,method,164,214,,dubbing/transcription/faster_whisper.py:model.transcribe;dubbing/transcription/job.py:self.backend.transcribe;dubbing/transcription/mlx_whisper.py:mlx_whisper.transcribe;dubbing/transcription/pipeline.py:self.transcription_backend.transcribe;tests/personal_capture/test_service.py:FakeASR.transcribe;tests/personal_capture/test_service.py:super.transcribe;tests/transcription/test_faster_whisper_backend.py:backend.transcribe;tests/transcription/test_mlx_backend.py:MLXWhisperTranscriptionBackend.transcribe;tests/transcription/test_mlx_backend.py:backend.transcribe,,__future__;dubbing.transcription.base;dubbing.transcription.models;hashlib;importlib;math;pathlib;typing,STATICALLY_REFERENCED,tests/cli/test_gpu_launcher.py;tests/personal_capture/test_full_day_gate.py;tests/personal_capture/test_service.py;tests/transcription/test_diarization_integration.py;tests/transcription/test_faster_whisper_backend.py;tests/transcription/test_mlx_backend.py;tests/transcription/test_resumable.py,,,,,YES,ACTIVE_OR_EXTERNALLY_REACHABLE
dubbing/transcription/job.py,source_sha256,function,25,30,,dubbing/diarization/job.py:source_sha256;dubbing/transcription/job.py:source_sha256,Path;TranscriptSegment;TranscriptWord;TranscriptionError;TranscriptionOptions;TranscriptionResult;ValueError;_atomic_json;_result_from_dict;checkpoint.exists;checkpoint.read_text;digest.hexdigest;digest.update;document.get;enumerate;exc.stderr.strip;ffmpeg_executable;final.to_dict;float;handle.read;hashlib.sha256;item.get;iter;join;join.strip;json.dumps;json.loads;local.shifted;max;media_duration_ms;min;os.getpid;os.replace;path.exists;path.open;path.parent.mkdir;path.read_text;path.with_name;process.stdout.strip;range;replace;result.text.strip;result.to_dict;round;segments.append;segments.extend;self._admit_manifest;self._extract_chunk;self._manifest;self.backend.identity.split;self.backend.transcribe;self.checkpoint_dir.mkdir;shutil.which;sorted;source.is_file;source_sha256;str;subprocess.run;tempfile.TemporaryDirectory;temporary.unlink;temporary.write_text;texts.append;tuple;word.get,__future__;dataclasses;dubbing.media;dubbing.transcription.base;dubbing.transcription.models;hashlib;json;os;pathlib;shutil;subprocess;tempfile,STATICALLY_REFERENCED,tests/personal_capture/test_service.py;tests/transcription/test_mlx_backend.py;tests/transcription/test_models.py;tests/translation/test_resumable.py,,,,,NO_OR_UNKNOWN,ACTIVE_OR_EXTERNALLY_REACHABLE
dubbing/transcription/job.py,media_duration_ms,function,33,63,,dubbing/apps/personal_capture/preflight.py:media_duration_ms;dubbing/apps/personal_capture/service.py:media_duration_ms;dubbing/diarization/job.py:media_duration_ms;dubbing/transcription/job.py:media_duration_ms,Path;TranscriptSegment;TranscriptWord;TranscriptionError;TranscriptionOptions;TranscriptionResult;ValueError;_atomic_json;_result_from_dict;checkpoint.exists;checkpoint.read_text;digest.hexdigest;digest.update;document.get;enumerate;exc.stderr.strip;ffmpeg_executable;final.to_dict;float;handle.read;hashlib.sha256;item.get;iter;join;join.strip;json.dumps;json.loads;local.shifted;max;media_duration_ms;min;os.getpid;os.replace;path.exists;path.open;path.parent.mkdir;path.read_text;path.with_name;process.stdout.strip;range;replace;result.text.strip;result.to_dict;round;segments.append;segments.extend;self._admit_manifest;self._extract_chunk;self._manifest;self.backend.identity.split;self.backend.transcribe;self.checkpoint_dir.mkdir;shutil.which;sorted;source.is_file;source_sha256;str;subprocess.run;tempfile.TemporaryDirectory;temporary.unlink;temporary.write_text;texts.append;tuple;word.get,__future__;dataclasses;dubbing.media;dubbing.transcription.base;dubbing.transcription.models;hashlib;json;os;pathlib;shutil;subprocess;tempfile,STATICALLY_REFERENCED,tests/diarization/test_resumable.py;tests/personal_capture/test_service.py;tests/transcription/test_resumable.py,,,,,NO_OR_UNKNOWN,ACTIVE_OR_EXTERNALLY_REACHABLE
dubbing/transcription/job.py,_atomic_json,function,66,74,,dubbing/apps/personal_capture/watcher.py:_atomic_json;dubbing/diarization/job.py:_atomic_json;dubbing/transcription/job.py:_atomic_json;dubbing/translation/job.py:_atomic_json,Path;TranscriptSegment;TranscriptWord;TranscriptionError;TranscriptionOptions;TranscriptionResult;ValueError;_atomic_json;_result_from_dict;checkpoint.exists;checkpoint.read_text;digest.hexdigest;digest.update;document.get;enumerate;exc.stderr.strip;ffmpeg_executable;final.to_dict;float;handle.read;hashlib.sha256;item.get;iter;join;join.strip;json.dumps;json.loads;local.shifted;max;media_duration_ms;min;os.getpid;os.replace;path.exists;path.open;path.parent.mkdir;path.read_text;path.with_name;process.stdout.strip;range;replace;result.text.strip;result.to_dict;round;segments.append;segments.extend;self._admit_manifest;self._extract_chunk;self._manifest;self.backend.identity.split;self.backend.transcribe;self.checkpoint_dir.mkdir;shutil.which;sorted;source.is_file;source_sha256;str;subprocess.run;tempfile.TemporaryDirectory;temporary.unlink;temporary.write_text;texts.append;tuple;word.get,__future__;dataclasses;dubbing.media;dubbing.transcription.base;dubbing.transcription.models;hashlib;json;os;pathlib;shutil;subprocess;tempfile,STATICALLY_REFERENCED,,,,,,NO_OR_UNKNOWN,ACTIVE_OR_EXTERNALLY_REACHABLE
dubbing/transcription/job.py,_result_from_dict,function,77,115,,dubbing/diarization/job.py:_result_from_dict;dubbing/transcription/job.py:_result_from_dict,Path;TranscriptSegment;TranscriptWord;TranscriptionError;TranscriptionOptions;TranscriptionResult;ValueError;_atomic_json;_result_from_dict;checkpoint.exists;checkpoint.read_text;digest.hexdigest;digest.update;document.get;enumerate;exc.stderr.strip;ffmpeg_executable;final.to_dict;float;handle.read;hashlib.sha256;item.get;iter;join;join.strip;json.dumps;json.loads;local.shifted;max;media_duration_ms;min;os.getpid;os.replace;path.exists;path.open;path.parent.mkdir;path.read_text;path.with_name;process.stdout.strip;range;replace;result.text.strip;result.to_dict;round;segments.append;segments.extend;self._admit_manifest;self._extract_chunk;self._manifest;self.backend.identity.split;self.backend.transcribe;self.checkpoint_dir.mkdir;shutil.which;sorted;source.is_file;source_sha256;str;subprocess.run;tempfile.TemporaryDirectory;temporary.unlink;temporary.write_text;texts.append;tuple;word.get,__future__;dataclasses;dubbing.media;dubbing.transcription.base;dubbing.transcription.models;hashlib;json;os;pathlib;shutil;subprocess;tempfile,STATICALLY_REFERENCED,,,,,,NO_OR_UNKNOWN,ACTIVE_OR_EXTERNALLY_REACHABLE
dubbing/transcription/job.py,ResumableTranscriptionJob,class,118,296,,dubbing/apps/personal_capture/service.py:ResumableTranscriptionJob;dubbing/cli/main.py:ResumableTranscriptionJob;tests/personal_capture/test_full_day_gate.py:ResumableTranscriptionJob;tests/transcription/test_resumable.py:ResumableTranscriptionJob,,__future__;dataclasses;dubbing.media;dubbing.transcription.base;dubbing.transcription.models;hashlib;json;os;pathlib;shutil;subprocess;tempfile,STATICALLY_REFERENCED,tests/personal_capture/test_full_day_gate.py;tests/personal_capture/test_service.py;tests/transcription/test_resumable.py,,,,,NO_OR_UNKNOWN,ACTIVE_OR_EXTERNALLY_REACHABLE
dubbing/transcription/job.py,ResumableTranscriptionJob.__init__,method,121,136,,,,__future__;dataclasses;dubbing.media;dubbing.transcription.base;dubbing.transcription.models;hashlib;json;os;pathlib;shutil;subprocess;tempfile,UNRESOLVED_STATICALLY,tests/acceptance/test_acceptance_cli.py;tests/core/test_pipeline.py;tests/diarization/test_pipeline.py;tests/diarization/test_resumable.py;tests/diarization/test_sherpa_backend.py;tests/personal_capture/test_full_day_gate.py;tests/personal_capture/test_service.py;tests/transcription/test_faster_whisper_backend.py;tests/transcription/test_resumable.py;tests/translation/test_resumable.py,,,,,NO_OR_UNKNOWN,AMBIGUOUS_NO_STATIC_CALLER
dubbing/transcription/job.py,ResumableTranscriptionJob._extract_chunk,method,139,174,staticmethod,dubbing/diarization/job.py:self._extract_chunk;dubbing/transcription/job.py:self._extract_chunk,,__future__;dataclasses;dubbing.media;dubbing.transcription.base;dubbing.transcription.models;hashlib;json;os;pathlib;shutil;subprocess;tempfile,STATICALLY_REFERENCED,tests/diarization/test_resumable.py;tests/personal_capture/test_full_day_gate.py;tests/transcription/test_resumable.py,,,,,NO_OR_UNKNOWN,ACTIVE_OR_EXTERNALLY_REACHABLE
dubbing/transcription/job.py,ResumableTranscriptionJob._manifest,method,176,185,,dubbing/diarization/job.py:self._manifest;dubbing/transcription/job.py:self._manifest;dubbing/translation/job.py:self._manifest,,__future__;dataclasses;dubbing.media;dubbing.transcription.base;dubbing.transcription.models;hashlib;json;os;pathlib;shutil;subprocess;tempfile,STATICALLY_REFERENCED,tests/transcription/test_resumable.py,,,,,NO_OR_UNKNOWN,ACTIVE_OR_EXTERNALLY_REACHABLE
dubbing/transcription/job.py,ResumableTranscriptionJob._admit_manifest,method,187,199,,dubbing/diarization/job.py:self._admit_manifest;dubbing/transcription/job.py:self._admit_manifest;dubbing/translation/job.py:self._admit_manifest,,__future__;dataclasses;dubbing.media;dubbing.transcription.base;dubbing.transcription.models;hashlib;json;os;pathlib;shutil;subprocess;tempfile,STATICALLY_REFERENCED,,,,,,NO_OR_UNKNOWN,ACTIVE_OR_EXTERNALLY_REACHABLE
dubbing/transcription/job.py,ResumableTranscriptionJob.run,method,201,296,,acceptance.py:app.run;acceptance.py:subprocess.run;dubbing/apps/dubbing_web.py:app.run;dubbing/apps/personal_capture/preflight.py:subprocess.run;dubbing/apps/personal_capture/review.py:app.run;dubbing/apps/personal_capture/service.py:AudioUnderstandingPipeline.run;dubbing/apps/personal_capture/service.py:ResumableDiarizationJob.run;dubbing/apps/personal_capture/service.py:ResumableTranscriptionJob.run;dubbing/apps/personal_capture/service.py:ResumableTranslationJob.run;dubbing/backends/espeak.py:subprocess.run;dubbing/backends/piper.py:subprocess.run;dubbing/backends/say.py:subprocess.run;dubbing/cli/main.py:AudioUnderstandingPipeline.run;dubbing/cli/main.py:ResumableDiarizationJob.run;dubbing/cli/main.py:ResumableTranscriptionJob.run;dubbing/diarization/job.py:subprocess.run;dubbing/diarization/sherpa.py:subprocess.run;dubbing/transcription/job.py:subprocess.run;tests/cli/test_cli.py:subprocess.run;tests/core/test_adversarial_hardening.py:subprocess.run;tests/core/test_pipeline.py:DubbingPipeline.run;tests/diarization/test_resumable.py:job.run;tests/personal_capture/test_full_day_gate.py:diarization.run;tests/personal_capture/test_full_day_gate.py:transcription.run;tests/transcription/test_diarization_integration.py:AudioUnderstandingPipeline.run;tests/transcription/test_resumable.py:job.run;tests/translation/test_resumable.py:job.run,,__future__;dataclasses;dubbing.media;dubbing.transcription.base;dubbing.transcription.models;hashlib;json;os;pathlib;shutil;subprocess;tempfile,STATICALLY_REFERENCED,tests/acceptance/test_acceptance_cli.py;tests/acceptance/test_acceptance_helpers.py;tests/acceptance/test_project_structure.py;tests/cli/test_cli.py;tests/cli/test_gpu_launcher.py;tests/core/test_adversarial_hardening.py;tests/core/test_batch.py;tests/core/test_mutant_killers.py;tests/core/test_parallel_pipeline.py;tests/core/test_pipeline.py;tests/core/test_piper_backend.py;tests/core/test_prosody_bounds.py;tests/core/test_say_backend.py;tests/diarization/test_pipeline.py;tests/diarization/test_resumable.py;tests/personal_capture/test_full_day_gate.py;tests/personal_capture/test_preflight.py;tests/personal_capture/test_service.py;tests/transcription/test_diarization_integration.py;tests/transcription/test_resumable.py;tests/translation/test_resumable.py,,,,,YES,ACTIVE_OR_EXTERNALLY_REACHABLE
dubbing/transcription/mlx_whisper.py,_milliseconds,function,21,28,,dubbing/transcription/faster_whisper.py:_milliseconds;dubbing/transcription/mlx_whisper.py:_milliseconds,Path;TranscriptSegment;TranscriptWord;TranscriptionError;TranscriptionOptions;TranscriptionResult;ValueError;_confidence;_milliseconds;any;cls._parse_word;digest.hexdigest;digest.update;float;handle.read;hashlib.sha256;importlib.import_module;isinstance;item.get;iter;join;math.exp;math.isfinite;max;min;mlx_whisper.transcribe;model.strip;path.is_file;path.open;raw.get;round;self._dependency;self._parse_segment;self._source_hash;str;str.strip;tuple,__future__;dubbing.transcription.base;dubbing.transcription.models;hashlib;importlib;math;pathlib;typing,STATICALLY_REFERENCED,tests/core/test_srt_parser.py,,,,,NO_OR_UNKNOWN,ACTIVE_OR_EXTERNALLY_REACHABLE
dubbing/transcription/mlx_whisper.py,_confidence,function,31,46,,dubbing/transcription/mlx_whisper.py:_confidence,Path;TranscriptSegment;TranscriptWord;TranscriptionError;TranscriptionOptions;TranscriptionResult;ValueError;_confidence;_milliseconds;any;cls._parse_word;digest.hexdigest;digest.update;float;handle.read;hashlib.sha256;importlib.import_module;isinstance;item.get;iter;join;math.exp;math.isfinite;max;min;mlx_whisper.transcribe;model.strip;path.is_file;path.open;raw.get;round;self._dependency;self._parse_segment;self._source_hash;str;str.strip;tuple,__future__;dubbing.transcription.base;dubbing.transcription.models;hashlib;importlib;math;pathlib;typing,STATICALLY_REFERENCED,tests/translation/test_pipeline.py,,,,,NO_OR_UNKNOWN,ACTIVE_OR_EXTERNALLY_REACHABLE
dubbing/transcription/mlx_whisper.py,MLXWhisperTranscriptionBackend,class,49,178,,dubbing/cli/factories.py:MLXWhisperTranscriptionBackend;tests/transcription/test_mlx_backend.py:MLXWhisperTranscriptionBackend,,__future__;dubbing.transcription.base;dubbing.transcription.models;hashlib;importlib;math;pathlib;typing,STATICALLY_REFERENCED,tests/transcription/test_mlx_backend.py,,,,,NO_OR_UNKNOWN,ACTIVE_OR_EXTERNALLY_REACHABLE
dubbing/transcription/mlx_whisper.py,MLXWhisperTranscriptionBackend.__init__,method,52,63,,,,__future__;dubbing.transcription.base;dubbing.transcription.models;hashlib;importlib;math;pathlib;typing,UNRESOLVED_STATICALLY,tests/acceptance/test_acceptance_cli.py;tests/core/test_pipeline.py;tests/diarization/test_pipeline.py;tests/diarization/test_resumable.py;tests/diarization/test_sherpa_backend.py;tests/personal_capture/test_full_day_gate.py;tests/personal_capture/test_service.py;tests/transcription/test_faster_whisper_backend.py;tests/transcription/test_resumable.py;tests/translation/test_resumable.py,,,,,NO_OR_UNKNOWN,AMBIGUOUS_NO_STATIC_CALLER
dubbing/transcription/mlx_whisper.py,MLXWhisperTranscriptionBackend.identity,method,66,67,property,,,__future__;dubbing.transcription.base;dubbing.transcription.models;hashlib;importlib;math;pathlib;typing,UNRESOLVED_STATICALLY,tests/core/test_mutant_killers.py;tests/core/test_say_backend.py;tests/diarization/test_resumable.py;tests/personal_capture/test_full_day_gate.py;tests/personal_capture/test_service.py;tests/transcription/test_diarization_integration.py;tests/transcription/test_resumable.py;tests/translation/test_pipeline.py;tests/translation/test_resumable.py,,,,,YES,AMBIGUOUS_NO_STATIC_CALLER
dubbing/transcription/mlx_whisper.py,MLXWhisperTranscriptionBackend._dependency,method,70,77,staticmethod,dubbing/transcription/faster_whisper.py:self._dependency;dubbing/transcription/mlx_whisper.py:self._dependency,,__future__;dubbing.transcription.base;dubbing.transcription.models;hashlib;importlib;math;pathlib;typing,STATICALLY_REFERENCED,tests/diarization/test_sherpa_backend.py;tests/transcription/test_faster_whisper_backend.py;tests/transcription/test_mlx_backend.py,,,,,NO_OR_UNKNOWN,ACTIVE_OR_EXTERNALLY_REACHABLE
dubbing/transcription/mlx_whisper.py,MLXWhisperTranscriptionBackend._source_hash,method,80,85,staticmethod,dubbing/transcription/faster_whisper.py:self._source_hash;dubbing/transcription/mlx_whisper.py:self._source_hash,,__future__;dubbing.transcription.base;dubbing.transcription.models;hashlib;importlib;math;pathlib;typing,STATICALLY_REFERENCED,,,,,,NO_OR_UNKNOWN,ACTIVE_OR_EXTERNALLY_REACHABLE
dubbing/transcription/mlx_whisper.py,MLXWhisperTranscriptionBackend._parse_word,method,88,101,staticmethod,dubbing/transcription/faster_whisper.py:cls._parse_word;dubbing/transcription/mlx_whisper.py:cls._parse_word,,__future__;dubbing.transcription.base;dubbing.transcription.models;hashlib;importlib;math;pathlib;typing,STATICALLY_REFERENCED,,,,,,NO_OR_UNKNOWN,ACTIVE_OR_EXTERNALLY_REACHABLE
dubbing/transcription/mlx_whisper.py,MLXWhisperTranscriptionBackend._parse_segment,method,104,123,classmethod,dubbing/transcription/faster_whisper.py:self._parse_segment;dubbing/transcription/mlx_whisper.py:self._parse_segment,,__future__;dubbing.transcription.base;dubbing.transcription.models;hashlib;importlib;math;pathlib;typing,STATICALLY_REFERENCED,,,,,,NO_OR_UNKNOWN,ACTIVE_OR_EXTERNALLY_REACHABLE
dubbing/transcription/mlx_whisper.py,MLXWhisperTranscriptionBackend.transcribe,method,125,178,,dubbing/transcription/faster_whisper.py:model.transcribe;dubbing/transcription/job.py:self.backend.transcribe;dubbing/transcription/mlx_whisper.py:mlx_whisper.transcribe;dubbing/transcription/pipeline.py:self.transcription_backend.transcribe;tests/personal_capture/test_service.py:FakeASR.transcribe;tests/personal_capture/test_service.py:super.transcribe;tests/transcription/test_faster_whisper_backend.py:backend.transcribe;tests/transcription/test_mlx_backend.py:MLXWhisperTranscriptionBackend.transcribe;tests/transcription/test_mlx_backend.py:backend.transcribe,,__future__;dubbing.transcription.base;dubbing.transcription.models;hashlib;importlib;math;pathlib;typing,STATICALLY_REFERENCED,tests/cli/test_gpu_launcher.py;tests/personal_capture/test_full_day_gate.py;tests/personal_capture/test_service.py;tests/transcription/test_diarization_integration.py;tests/transcription/test_faster_whisper_backend.py;tests/transcription/test_mlx_backend.py;tests/transcription/test_resumable.py,,,,,YES,ACTIVE_OR_EXTERNALLY_REACHABLE
dubbing/transcription/models.py,TranscriptionError,class,7,8,,dubbing/transcription/faster_whisper.py:TranscriptionError;dubbing/transcription/job.py:TranscriptionError;dubbing/transcription/mlx_whisper.py:TranscriptionError,,__future__;dataclasses;typing,STATICALLY_REFERENCED,tests/transcription/test_faster_whisper_backend.py;tests/transcription/test_mlx_backend.py;tests/transcription/test_resumable.py,,,,,NO_OR_UNKNOWN,ACTIVE_OR_EXTERNALLY_REACHABLE
dubbing/transcription/models.py,TranscriptionOptions,class,12,24,dataclass,dubbing/apps/personal_capture/service.py:TranscriptionOptions;dubbing/cli/main.py:TranscriptionOptions;dubbing/transcription/faster_whisper.py:TranscriptionOptions;dubbing/transcription/job.py:TranscriptionOptions;dubbing/transcription/mlx_whisper.py:TranscriptionOptions;tests/transcription/test_faster_whisper_backend.py:TranscriptionOptions;tests/transcription/test_mlx_backend.py:TranscriptionOptions;tests/transcription/test_models.py:TranscriptionOptions,,__future__;dataclasses;typing,STATICALLY_REFERENCED,tests/personal_capture/test_service.py;tests/transcription/test_faster_whisper_backend.py;tests/transcription/test_mlx_backend.py;tests/transcription/test_models.py,,,,,NO_OR_UNKNOWN,ACTIVE_OR_EXTERNALLY_REACHABLE
dubbing/transcription/models.py,TranscriptionOptions.__post_init__,method,20,24,,,,__future__;dataclasses;typing,UNRESOLVED_STATICALLY,,,,,,NO_OR_UNKNOWN,AMBIGUOUS_NO_STATIC_CALLER
dubbing/transcription/models.py,TranscriptWord,class,28,59,dataclass,dubbing/transcription/faster_whisper.py:TranscriptWord;dubbing/transcription/job.py:TranscriptWord;dubbing/transcription/mlx_whisper.py:TranscriptWord;tests/transcription/test_diarization_integration.py:TranscriptWord;tests/transcription/test_models.py:TranscriptWord,,__future__;dataclasses;typing,STATICALLY_REFERENCED,tests/transcription/test_diarization_integration.py;tests/transcription/test_models.py,,,,,NO_OR_UNKNOWN,ACTIVE_OR_EXTERNALLY_REACHABLE
dubbing/transcription/models.py,TranscriptWord.__post_init__,method,35,41,,,,__future__;dataclasses;typing,UNRESOLVED_STATICALLY,,,,,,NO_OR_UNKNOWN,AMBIGUOUS_NO_STATIC_CALLER
dubbing/transcription/models.py,TranscriptWord.shifted,method,43,50,,dubbing/transcription/job.py:local.shifted;dubbing/transcription/models.py:segment.shifted;dubbing/transcription/models.py:word.shifted;tests/transcription/test_models.py:_result.shifted,,__future__;dataclasses;typing,STATICALLY_REFERENCED,tests/core/test_assembler.py;tests/transcription/test_models.py,,,,,YES,ACTIVE_OR_EXTERNALLY_REACHABLE
dubbing/transcription/models.py,TranscriptWord.to_dict,method,52,59,,dubbing/apps/personal_capture/service.py:transcript.to_dict;dubbing/apps/personal_capture/service.py:translation.to_dict;dubbing/cli/main.py:attribution.to_dict;dubbing/cli/main.py:diarization.to_dict;dubbing/cli/main.py:result.to_dict;dubbing/diarization/attribution.py:contribution.to_dict;dubbing/diarization/job.py:final.to_dict;dubbing/diarization/job.py:result.to_dict;dubbing/diarization/models.py:item.to_dict;dubbing/diarization/models.py:turn.to_dict;dubbing/transcription/attribution.py:diarization.to_dict;dubbing/transcription/job.py:final.to_dict;dubbing/transcription/job.py:result.to_dict;dubbing/transcription/models.py:segment.to_dict;dubbing/transcription/models.py:word.to_dict;dubbing/translation/job.py:item.to_dict;dubbing/translation/job.py:result.to_dict;dubbing/translation/job.py:transcript.to_dict;dubbing/translation/models.py:segment.to_dict;tests/diarization/test_resumable.py:first.to_dict;tests/diarization/test_resumable.py:second.to_dict;tests/personal_capture/test_full_day_gate.py:diarization_first.to_dict;tests/personal_capture/test_full_day_gate.py:diarization_second.to_dict;tests/personal_capture/test_full_day_gate.py:transcript_first.to_dict;tests/personal_capture/test_full_day_gate.py:transcript_second.to_dict;tests/transcription/test_models.py:_result.to_dict;tests/transcription/test_resumable.py:first.to_dict;tests/transcription/test_resumable.py:second.to_dict;tests/translation/test_resumable.py:first.to_dict;tests/translation/test_resumable.py:second.to_dict,,__future__;dataclasses;typing,STATICALLY_REFERENCED,tests/diarization/test_resumable.py;tests/personal_capture/test_full_day_gate.py;tests/transcription/test_models.py;tests/transcription/test_resumable.py;tests/translation/test_resumable.py,,,,,NO_OR_UNKNOWN,ACTIVE_OR_EXTERNALLY_REACHABLE
dubbing/transcription/models.py,TranscriptSegment,class,63,111,dataclass,dubbing/transcription/faster_whisper.py:TranscriptSegment;dubbing/transcription/job.py:TranscriptSegment;dubbing/transcription/mlx_whisper.py:TranscriptSegment;tests/personal_capture/test_full_day_gate.py:TranscriptSegment;tests/personal_capture/test_service.py:TranscriptSegment;tests/transcription/test_diarization_integration.py:TranscriptSegment;tests/transcription/test_models.py:TranscriptSegment;tests/transcription/test_resumable.py:TranscriptSegment;tests/translation/test_pipeline.py:TranscriptSegment;tests/translation/test_resumable.py:TranscriptSegment,,__future__;dataclasses;typing,STATICALLY_REFERENCED,tests/personal_capture/test_full_day_gate.py;tests/personal_capture/test_service.py;tests/transcription/test_diarization_integration.py;tests/transcription/test_models.py;tests/transcription/test_resumable.py;tests/translation/test_pipeline.py;tests/translation/test_resumable.py,,,,,NO_OR_UNKNOWN,ACTIVE_OR_EXTERNALLY_REACHABLE
dubbing/transcription/models.py,TranscriptSegment.__post_init__,method,80,89,,,,__future__;dataclasses;typing,UNRESOLVED_STATICALLY,,,,,,NO_OR_UNKNOWN,AMBIGUOUS_NO_STATIC_CALLER
dubbing/transcription/models.py,TranscriptSegment.shifted,method,91,99,,dubbing/transcription/job.py:local.shifted;dubbing/transcription/models.py:segment.shifted;dubbing/transcription/models.py:word.shifted;tests/transcription/test_models.py:_result.shifted,,__future__;dataclasses;typing,STATICALLY_REFERENCED,tests/core/test_assembler.py;tests/transcription/test_models.py,,,,,YES,ACTIVE_OR_EXTERNALLY_REACHABLE
dubbing/transcription/models.py,TranscriptSegment.to_dict,method,101,111,,dubbing/apps/personal_capture/service.py:transcript.to_dict;dubbing/apps/personal_capture/service.py:translation.to_dict;dubbing/cli/main.py:attribution.to_dict;dubbing/cli/main.py:diarization.to_dict;dubbing/cli/main.py:result.to_dict;dubbing/diarization/attribution.py:contribution.to_dict;dubbing/diarization/job.py:final.to_dict;dubbing/diarization/job.py:result.to_dict;dubbing/diarization/models.py:item.to_dict;dubbing/diarization/models.py:turn.to_dict;dubbing/transcription/attribution.py:diarization.to_dict;dubbing/transcription/job.py:final.to_dict;dubbing/transcription/job.py:result.to_dict;dubbing/transcription/models.py:segment.to_dict;dubbing/transcription/models.py:word.to_dict;dubbing/translation/job.py:item.to_dict;dubbing/translation/job.py:result.to_dict;dubbing/translation/job.py:transcript.to_dict;dubbing/translation/models.py:segment.to_dict;tests/diarization/test_resumable.py:first.to_dict;tests/diarization/test_resumable.py:second.to_dict;tests/personal_capture/test_full_day_gate.py:diarization_first.to_dict;tests/personal_capture/test_full_day_gate.py:diarization_second.to_dict;tests/personal_capture/test_full_day_gate.py:transcript_first.to_dict;tests/personal_capture/test_full_day_gate.py:transcript_second.to_dict;tests/transcription/test_models.py:_result.to_dict;tests/transcription/test_resumable.py:first.to_dict;tests/transcription/test_resumable.py:second.to_dict;tests/translation/test_resumable.py:first.to_dict;tests/translation/test_resumable.py:second.to_dict,,__future__;dataclasses;typing,STATICALLY_REFERENCED,tests/diarization/test_resumable.py;tests/personal_capture/test_full_day_gate.py;tests/transcription/test_models.py;tests/transcription/test_resumable.py;tests/translation/test_resumable.py,,,,,NO_OR_UNKNOWN,ACTIVE_OR_EXTERNALLY_REACHABLE
dubbing/transcription/models.py,TranscriptionResult,class,115,162,dataclass,dubbing/transcription/faster_whisper.py:TranscriptionResult;dubbing/transcription/job.py:TranscriptionResult;dubbing/transcription/mlx_whisper.py:TranscriptionResult;tests/personal_capture/test_full_day_gate.py:TranscriptionResult;tests/personal_capture/test_service.py:TranscriptionResult;tests/transcription/test_diarization_integration.py:TranscriptionResult;tests/transcription/test_models.py:TranscriptionResult;tests/transcription/test_resumable.py:TranscriptionResult;tests/translation/test_pipeline.py:TranscriptionResult;tests/translation/test_resumable.py:TranscriptionResult,,__future__;dataclasses;typing,STATICALLY_REFERENCED,tests/personal_capture/test_full_day_gate.py;tests/personal_capture/test_service.py;tests/transcription/test_diarization_integration.py;tests/transcription/test_models.py;tests/transcription/test_resumable.py;tests/translation/test_pipeline.py;tests/translation/test_resumable.py,,,,,NO_OR_UNKNOWN,ACTIVE_OR_EXTERNALLY_REACHABLE
dubbing/transcription/models.py,TranscriptionResult.__post_init__,method,127,136,,,,__future__;dataclasses;typing,UNRESOLVED_STATICALLY,,,,,,NO_OR_UNKNOWN,AMBIGUOUS_NO_STATIC_CALLER
dubbing/transcription/models.py,TranscriptionResult.shifted,method,138,145,,dubbing/transcription/job.py:local.shifted;dubbing/transcription/models.py:segment.shifted;dubbing/transcription/models.py:word.shifted;tests/transcription/test_models.py:_result.shifted,,__future__;dataclasses;typing,STATICALLY_REFERENCED,tests/core/test_assembler.py;tests/transcription/test_models.py,,,,,YES,ACTIVE_OR_EXTERNALLY_REACHABLE
dubbing/transcription/models.py,TranscriptionResult.to_dict,method,147,162,,dubbing/apps/personal_capture/service.py:transcript.to_dict;dubbing/apps/personal_capture/service.py:translation.to_dict;dubbing/cli/main.py:attribution.to_dict;dubbing/cli/main.py:diarization.to_dict;dubbing/cli/main.py:result.to_dict;dubbing/diarization/attribution.py:contribution.to_dict;dubbing/diarization/job.py:final.to_dict;dubbing/diarization/job.py:result.to_dict;dubbing/diarization/models.py:item.to_dict;dubbing/diarization/models.py:turn.to_dict;dubbing/transcription/attribution.py:diarization.to_dict;dubbing/transcription/job.py:final.to_dict;dubbing/transcription/job.py:result.to_dict;dubbing/transcription/models.py:segment.to_dict;dubbing/transcription/models.py:word.to_dict;dubbing/translation/job.py:item.to_dict;dubbing/translation/job.py:result.to_dict;dubbing/translation/job.py:transcript.to_dict;dubbing/translation/models.py:segment.to_dict;tests/diarization/test_resumable.py:first.to_dict;tests/diarization/test_resumable.py:second.to_dict;tests/personal_capture/test_full_day_gate.py:diarization_first.to_dict;tests/personal_capture/test_full_day_gate.py:diarization_second.to_dict;tests/personal_capture/test_full_day_gate.py:transcript_first.to_dict;tests/personal_capture/test_full_day_gate.py:transcript_second.to_dict;tests/transcription/test_models.py:_result.to_dict;tests/transcription/test_resumable.py:first.to_dict;tests/transcription/test_resumable.py:second.to_dict;tests/translation/test_resumable.py:first.to_dict;tests/translation/test_resumable.py:second.to_dict,,__future__;dataclasses;typing,STATICALLY_REFERENCED,tests/diarization/test_resumable.py;tests/personal_capture/test_full_day_gate.py;tests/transcription/test_models.py;tests/transcription/test_resumable.py;tests/translation/test_resumable.py,,,,,NO_OR_UNKNOWN,ACTIVE_OR_EXTERNALLY_REACHABLE
dubbing/transcription/pipeline.py,AudioUnderstandingPipeline,class,12,30,,dubbing/apps/personal_capture/service.py:AudioUnderstandingPipeline;dubbing/cli/main.py:AudioUnderstandingPipeline;tests/transcription/test_diarization_integration.py:AudioUnderstandingPipeline,,__future__;dubbing.diarization.base;dubbing.diarization.models;dubbing.transcription.attribution;dubbing.transcription.base;dubbing.transcription.models;pathlib,STATICALLY_REFERENCED,tests/transcription/test_diarization_integration.py,,,,,NO_OR_UNKNOWN,ACTIVE_OR_EXTERNALLY_REACHABLE
dubbing/transcription/pipeline.py,AudioUnderstandingPipeline.__init__,method,15,16,,,,__future__;dubbing.diarization.base;dubbing.diarization.models;dubbing.transcription.attribution;dubbing.transcription.base;dubbing.transcription.models;pathlib,UNRESOLVED_STATICALLY,tests/acceptance/test_acceptance_cli.py;tests/core/test_pipeline.py;tests/diarization/test_pipeline.py;tests/diarization/test_resumable.py;tests/diarization/test_sherpa_backend.py;tests/personal_capture/test_full_day_gate.py;tests/personal_capture/test_service.py;tests/transcription/test_faster_whisper_backend.py;tests/transcription/test_resumable.py;tests/translation/test_resumable.py,,,,,NO_OR_UNKNOWN,AMBIGUOUS_NO_STATIC_CALLER
dubbing/transcription/pipeline.py,AudioUnderstandingPipeline.run,method,18,30,,acceptance.py:app.run;acceptance.py:subprocess.run;dubbing/apps/dubbing_web.py:app.run;dubbing/apps/personal_capture/preflight.py:subprocess.run;dubbing/apps/personal_capture/review.py:app.run;dubbing/apps/personal_capture/service.py:AudioUnderstandingPipeline.run;dubbing/apps/personal_capture/service.py:ResumableDiarizationJob.run;dubbing/apps/personal_capture/service.py:ResumableTranscriptionJob.run;dubbing/apps/personal_capture/service.py:ResumableTranslationJob.run;dubbing/backends/espeak.py:subprocess.run;dubbing/backends/piper.py:subprocess.run;dubbing/backends/say.py:subprocess.run;dubbing/cli/main.py:AudioUnderstandingPipeline.run;dubbing/cli/main.py:ResumableDiarizationJob.run;dubbing/cli/main.py:ResumableTranscriptionJob.run;dubbing/diarization/job.py:subprocess.run;dubbing/diarization/sherpa.py:subprocess.run;dubbing/transcription/job.py:subprocess.run;tests/cli/test_cli.py:subprocess.run;tests/core/test_adversarial_hardening.py:subprocess.run;tests/core/test_pipeline.py:DubbingPipeline.run;tests/diarization/test_resumable.py:job.run;tests/personal_capture/test_full_day_gate.py:diarization.run;tests/personal_capture/test_full_day_gate.py:transcription.run;tests/transcription/test_diarization_integration.py:AudioUnderstandingPipeline.run;tests/transcription/test_resumable.py:job.run;tests/translation/test_resumable.py:job.run,,__future__;dubbing.diarization.base;dubbing.diarization.models;dubbing.transcription.attribution;dubbing.transcription.base;dubbing.transcription.models;pathlib,STATICALLY_REFERENCED,tests/acceptance/test_acceptance_cli.py;tests/acceptance/test_acceptance_helpers.py;tests/acceptance/test_project_structure.py;tests/cli/test_cli.py;tests/cli/test_gpu_launcher.py;tests/core/test_adversarial_hardening.py;tests/core/test_batch.py;tests/core/test_mutant_killers.py;tests/core/test_parallel_pipeline.py;tests/core/test_pipeline.py;tests/core/test_piper_backend.py;tests/core/test_prosody_bounds.py;tests/core/test_say_backend.py;tests/diarization/test_pipeline.py;tests/diarization/test_resumable.py;tests/personal_capture/test_full_day_gate.py;tests/personal_capture/test_preflight.py;tests/personal_capture/test_service.py;tests/transcription/test_diarization_integration.py;tests/transcription/test_resumable.py;tests/translation/test_resumable.py,,,,,YES,ACTIVE_OR_EXTERNALLY_REACHABLE
dubbing/transcription/render.py,_srt_timestamp,function,6,10,,dubbing/transcription/render.py:_srt_timestamp,_srt_timestamp;blocks.append;divmod;enumerate;join;lines.append;str,__future__;dubbing.transcription.models,STATICALLY_REFERENCED,,,,,,NO_OR_UNKNOWN,ACTIVE_OR_EXTERNALLY_REACHABLE
dubbing/transcription/render.py,transcript_to_srt,function,13,29,,dubbing/apps/personal_capture/service.py:transcript_to_srt;dubbing/cli/main.py:transcript_to_srt;tests/transcription/test_models.py:transcript_to_srt,_srt_timestamp;blocks.append;divmod;enumerate;join;lines.append;str,__future__;dubbing.transcription.models,STATICALLY_REFERENCED,tests/transcription/test_models.py,,,,,NO_OR_UNKNOWN,ACTIVE_OR_EXTERNALLY_REACHABLE
dubbing/transcription/render.py,transcript_to_text,function,32,37,,dubbing/apps/personal_capture/service.py:transcript_to_text;dubbing/cli/main.py:transcript_to_text;tests/transcription/test_models.py:transcript_to_text,_srt_timestamp;blocks.append;divmod;enumerate;join;lines.append;str,__future__;dubbing.transcription.models,STATICALLY_REFERENCED,tests/transcription/test_models.py,,,,,NO_OR_UNKNOWN,ACTIVE_OR_EXTERNALLY_REACHABLE
dubbing/translation/base.py,LanguageDetector,class,6,9,,,,__future__;abc,UNRESOLVED_STATICALLY,tests/personal_capture/test_service.py;tests/translation/test_pipeline.py;tests/translation/test_resumable.py,,,,,NO_OR_UNKNOWN,AMBIGUOUS_NO_STATIC_CALLER
dubbing/translation/base.py,LanguageDetector.detect,method,8,9,abstractmethod,dubbing/translation/pipeline.py:detector.detect;tests/translation/test_pipeline.py:detector.detect,,__future__;abc,STATICALLY_REFERENCED,tests/personal_capture/test_service.py;tests/translation/test_pipeline.py;tests/translation/test_resumable.py,,,,,YES,ACTIVE_OR_EXTERNALLY_REACHABLE
dubbing/translation/base.py,TranslationBackend,class,12,26,,,,__future__;abc,UNRESOLVED_STATICALLY,tests/personal_capture/test_service.py;tests/translation/test_pipeline.py;tests/translation/test_resumable.py,,,,,NO_OR_UNKNOWN,AMBIGUOUS_NO_STATIC_CALLER
dubbing/translation/base.py,TranslationBackend.identity,method,15,16,property;abstractmethod,,,__future__;abc,UNRESOLVED_STATICALLY,tests/core/test_mutant_killers.py;tests/core/test_say_backend.py;tests/diarization/test_resumable.py;tests/personal_capture/test_full_day_gate.py;tests/personal_capture/test_service.py;tests/transcription/test_diarization_integration.py;tests/transcription/test_resumable.py;tests/translation/test_pipeline.py;tests/translation/test_resumable.py,,,,,YES,AMBIGUOUS_NO_STATIC_CALLER
dubbing/translation/base.py,TranslationBackend.translate,method,19,26,abstractmethod,dubbing/translation/pipeline.py:backend.translate,,__future__;abc,STATICALLY_REFERENCED,tests/personal_capture/test_service.py;tests/translation/test_pipeline.py;tests/translation/test_resumable.py,,,,,YES,ACTIVE_OR_EXTERNALLY_REACHABLE
dubbing/translation/job.py,_atomic_json,function,16,26,,dubbing/apps/personal_capture/watcher.py:_atomic_json;dubbing/diarization/job.py:_atomic_json;dubbing/transcription/job.py:_atomic_json;dubbing/translation/job.py:_atomic_json,Path;RuntimeError;SegmentTranslation;TranslationResult;_atomic_json;_segment_from_dict;checkpoint.exists;checkpoint.read_text;document.get;enumerate;hashlib.sha256;hashlib.sha256.hexdigest;item.to_dict;json.dumps;json.dumps.encode;json.loads;len;list;os.getpid;os.replace;path.exists;path.parent.mkdir;path.read_text;path.with_name;result.to_dict;self._admit_manifest;self._manifest;self.checkpoint_dir.mkdir;temporary.unlink;temporary.write_text;transcript.to_dict;translate_segment;translated.append;tuple,__future__;dubbing.transcription.models;dubbing.translation.base;dubbing.translation.models;dubbing.translation.pipeline;hashlib;json;os;pathlib,STATICALLY_REFERENCED,,,,,,NO_OR_UNKNOWN,ACTIVE_OR_EXTERNALLY_REACHABLE
dubbing/translation/job.py,_segment_from_dict,function,29,40,,dubbing/translation/job.py:_segment_from_dict,Path;RuntimeError;SegmentTranslation;TranslationResult;_atomic_json;_segment_from_dict;checkpoint.exists;checkpoint.read_text;document.get;enumerate;hashlib.sha256;hashlib.sha256.hexdigest;item.to_dict;json.dumps;json.dumps.encode;json.loads;len;list;os.getpid;os.replace;path.exists;path.parent.mkdir;path.read_text;path.with_name;result.to_dict;self._admit_manifest;self._manifest;self.checkpoint_dir.mkdir;temporary.unlink;temporary.write_text;transcript.to_dict;translate_segment;translated.append;tuple,__future__;dubbing.transcription.models;dubbing.translation.base;dubbing.translation.models;dubbing.translation.pipeline;hashlib;json;os;pathlib,STATICALLY_REFERENCED,,,,,,NO_OR_UNKNOWN,ACTIVE_OR_EXTERNALLY_REACHABLE
dubbing/translation/job.py,ResumableTranslationJob,class,43,132,,dubbing/apps/personal_capture/service.py:ResumableTranslationJob;tests/translation/test_resumable.py:ResumableTranslationJob,,__future__;dubbing.transcription.models;dubbing.translation.base;dubbing.translation.models;dubbing.translation.pipeline;hashlib;json;os;pathlib,STATICALLY_REFERENCED,tests/translation/test_resumable.py,,,,,NO_OR_UNKNOWN,ACTIVE_OR_EXTERNALLY_REACHABLE
dubbing/translation/job.py,ResumableTranslationJob.__init__,method,46,59,,,,__future__;dubbing.transcription.models;dubbing.translation.base;dubbing.translation.models;dubbing.translation.pipeline;hashlib;json;os;pathlib,UNRESOLVED_STATICALLY,tests/acceptance/test_acceptance_cli.py;tests/core/test_pipeline.py;tests/diarization/test_pipeline.py;tests/diarization/test_resumable.py;tests/diarization/test_sherpa_backend.py;tests/personal_capture/test_full_day_gate.py;tests/personal_capture/test_service.py;tests/transcription/test_faster_whisper_backend.py;tests/transcription/test_resumable.py;tests/translation/test_resumable.py,,,,,NO_OR_UNKNOWN,AMBIGUOUS_NO_STATIC_CALLER
dubbing/translation/job.py,ResumableTranslationJob._manifest,method,61,75,,dubbing/diarization/job.py:self._manifest;dubbing/transcription/job.py:self._manifest;dubbing/translation/job.py:self._manifest,,__future__;dubbing.transcription.models;dubbing.translation.base;dubbing.translation.models;dubbing.translation.pipeline;hashlib;json;os;pathlib,STATICALLY_REFERENCED,tests/transcription/test_resumable.py,,,,,NO_OR_UNKNOWN,ACTIVE_OR_EXTERNALLY_REACHABLE
dubbing/translation/job.py,ResumableTranslationJob._admit_manifest,method,77,89,,dubbing/diarization/job.py:self._admit_manifest;dubbing/transcription/job.py:self._admit_manifest;dubbing/translation/job.py:self._admit_manifest,,__future__;dubbing.transcription.models;dubbing.translation.base;dubbing.translation.models;dubbing.translation.pipeline;hashlib;json;os;pathlib,STATICALLY_REFERENCED,,,,,,NO_OR_UNKNOWN,ACTIVE_OR_EXTERNALLY_REACHABLE
dubbing/translation/job.py,ResumableTranslationJob.run,method,91,132,,acceptance.py:app.run;acceptance.py:subprocess.run;dubbing/apps/dubbing_web.py:app.run;dubbing/apps/personal_capture/preflight.py:subprocess.run;dubbing/apps/personal_capture/review.py:app.run;dubbing/apps/personal_capture/service.py:AudioUnderstandingPipeline.run;dubbing/apps/personal_capture/service.py:ResumableDiarizationJob.run;dubbing/apps/personal_capture/service.py:ResumableTranscriptionJob.run;dubbing/apps/personal_capture/service.py:ResumableTranslationJob.run;dubbing/backends/espeak.py:subprocess.run;dubbing/backends/piper.py:subprocess.run;dubbing/backends/say.py:subprocess.run;dubbing/cli/main.py:AudioUnderstandingPipeline.run;dubbing/cli/main.py:ResumableDiarizationJob.run;dubbing/cli/main.py:ResumableTranscriptionJob.run;dubbing/diarization/job.py:subprocess.run;dubbing/diarization/sherpa.py:subprocess.run;dubbing/transcription/job.py:subprocess.run;tests/cli/test_cli.py:subprocess.run;tests/core/test_adversarial_hardening.py:subprocess.run;tests/core/test_pipeline.py:DubbingPipeline.run;tests/diarization/test_resumable.py:job.run;tests/personal_capture/test_full_day_gate.py:diarization.run;tests/personal_capture/test_full_day_gate.py:transcription.run;tests/transcription/test_diarization_integration.py:AudioUnderstandingPipeline.run;tests/transcription/test_resumable.py:job.run;tests/translation/test_resumable.py:job.run,,__future__;dubbing.transcription.models;dubbing.translation.base;dubbing.translation.models;dubbing.translation.pipeline;hashlib;json;os;pathlib,STATICALLY_REFERENCED,tests/acceptance/test_acceptance_cli.py;tests/acceptance/test_acceptance_helpers.py;tests/acceptance/test_project_structure.py;tests/cli/test_cli.py;tests/cli/test_gpu_launcher.py;tests/core/test_adversarial_hardening.py;tests/core/test_batch.py;tests/core/test_mutant_killers.py;tests/core/test_parallel_pipeline.py;tests/core/test_pipeline.py;tests/core/test_piper_backend.py;tests/core/test_prosody_bounds.py;tests/core/test_say_backend.py;tests/diarization/test_pipeline.py;tests/diarization/test_resumable.py;tests/personal_capture/test_full_day_gate.py;tests/personal_capture/test_preflight.py;tests/personal_capture/test_service.py;tests/transcription/test_diarization_integration.py;tests/transcription/test_resumable.py;tests/translation/test_resumable.py,,,,,YES,ACTIVE_OR_EXTERNALLY_REACHABLE
dubbing/translation/lingua_detector.py,LinguaLanguageDetector,class,6,37,,dubbing/apps/personal_capture/runtime.py:LinguaLanguageDetector;dubbing/cli/main.py:LinguaLanguageDetector,,__future__;dubbing.translation.base;lingua,STATICALLY_REFERENCED,tests/translation/test_pipeline.py,,,,,NO_OR_UNKNOWN,ACTIVE_OR_EXTERNALLY_REACHABLE
dubbing/translation/lingua_detector.py,LinguaLanguageDetector.__init__,method,9,25,,,,__future__;dubbing.translation.base;lingua,UNRESOLVED_STATICALLY,tests/acceptance/test_acceptance_cli.py;tests/core/test_pipeline.py;tests/diarization/test_pipeline.py;tests/diarization/test_resumable.py;tests/diarization/test_sherpa_backend.py;tests/personal_capture/test_full_day_gate.py;tests/personal_capture/test_service.py;tests/transcription/test_faster_whisper_backend.py;tests/transcription/test_resumable.py;tests/translation/test_resumable.py,,,,,NO_OR_UNKNOWN,AMBIGUOUS_NO_STATIC_CALLER
dubbing/translation/lingua_detector.py,LinguaLanguageDetector.detect,method,27,37,,dubbing/translation/pipeline.py:detector.detect;tests/translation/test_pipeline.py:detector.detect,,__future__;dubbing.translation.base;lingua,STATICALLY_REFERENCED,tests/personal_capture/test_service.py;tests/translation/test_pipeline.py;tests/translation/test_resumable.py,,,,,YES,ACTIVE_OR_EXTERNALLY_REACHABLE
dubbing/translation/models.py,SegmentTranslation,class,7,29,dataclass,dubbing/translation/job.py:SegmentTranslation;dubbing/translation/pipeline.py:SegmentTranslation,,__future__;dataclasses,STATICALLY_REFERENCED,,,,,,NO_OR_UNKNOWN,ACTIVE_OR_EXTERNALLY_REACHABLE
dubbing/translation/models.py,SegmentTranslation.to_dict,method,18,29,,dubbing/apps/personal_capture/service.py:transcript.to_dict;dubbing/apps/personal_capture/service.py:translation.to_dict;dubbing/cli/main.py:attribution.to_dict;dubbing/cli/main.py:diarization.to_dict;dubbing/cli/main.py:result.to_dict;dubbing/diarization/attribution.py:contribution.to_dict;dubbing/diarization/job.py:final.to_dict;dubbing/diarization/job.py:result.to_dict;dubbing/diarization/models.py:item.to_dict;dubbing/diarization/models.py:turn.to_dict;dubbing/transcription/attribution.py:diarization.to_dict;dubbing/transcription/job.py:final.to_dict;dubbing/transcription/job.py:result.to_dict;dubbing/transcription/models.py:segment.to_dict;dubbing/transcription/models.py:word.to_dict;dubbing/translation/job.py:item.to_dict;dubbing/translation/job.py:result.to_dict;dubbing/translation/job.py:transcript.to_dict;dubbing/translation/models.py:segment.to_dict;tests/diarization/test_resumable.py:first.to_dict;tests/diarization/test_resumable.py:second.to_dict;tests/personal_capture/test_full_day_gate.py:diarization_first.to_dict;tests/personal_capture/test_full_day_gate.py:diarization_second.to_dict;tests/personal_capture/test_full_day_gate.py:transcript_first.to_dict;tests/personal_capture/test_full_day_gate.py:transcript_second.to_dict;tests/transcription/test_models.py:_result.to_dict;tests/transcription/test_resumable.py:first.to_dict;tests/transcription/test_resumable.py:second.to_dict;tests/translation/test_resumable.py:first.to_dict;tests/translation/test_resumable.py:second.to_dict,,__future__;dataclasses,STATICALLY_REFERENCED,tests/diarization/test_resumable.py;tests/personal_capture/test_full_day_gate.py;tests/transcription/test_models.py;tests/transcription/test_resumable.py;tests/translation/test_resumable.py,,,,,NO_OR_UNKNOWN,ACTIVE_OR_EXTERNALLY_REACHABLE
dubbing/translation/models.py,TranslationResult,class,33,46,dataclass,dubbing/translation/job.py:TranslationResult;dubbing/translation/pipeline.py:TranslationResult,,__future__;dataclasses,STATICALLY_REFERENCED,,,,,,NO_OR_UNKNOWN,ACTIVE_OR_EXTERNALLY_REACHABLE
dubbing/translation/models.py,TranslationResult.to_dict,method,39,46,,dubbing/apps/personal_capture/service.py:transcript.to_dict;dubbing/apps/personal_capture/service.py:translation.to_dict;dubbing/cli/main.py:attribution.to_dict;dubbing/cli/main.py:diarization.to_dict;dubbing/cli/main.py:result.to_dict;dubbing/diarization/attribution.py:contribution.to_dict;dubbing/diarization/job.py:final.to_dict;dubbing/diarization/job.py:result.to_dict;dubbing/diarization/models.py:item.to_dict;dubbing/diarization/models.py:turn.to_dict;dubbing/transcription/attribution.py:diarization.to_dict;dubbing/transcription/job.py:final.to_dict;dubbing/transcription/job.py:result.to_dict;dubbing/transcription/models.py:segment.to_dict;dubbing/transcription/models.py:word.to_dict;dubbing/translation/job.py:item.to_dict;dubbing/translation/job.py:result.to_dict;dubbing/translation/job.py:transcript.to_dict;dubbing/translation/models.py:segment.to_dict;tests/diarization/test_resumable.py:first.to_dict;tests/diarization/test_resumable.py:second.to_dict;tests/personal_capture/test_full_day_gate.py:diarization_first.to_dict;tests/personal_capture/test_full_day_gate.py:diarization_second.to_dict;tests/personal_capture/test_full_day_gate.py:transcript_first.to_dict;tests/personal_capture/test_full_day_gate.py:transcript_second.to_dict;tests/transcription/test_models.py:_result.to_dict;tests/transcription/test_resumable.py:first.to_dict;tests/transcription/test_resumable.py:second.to_dict;tests/translation/test_resumable.py:first.to_dict;tests/translation/test_resumable.py:second.to_dict,,__future__;dataclasses,STATICALLY_REFERENCED,tests/diarization/test_resumable.py;tests/personal_capture/test_full_day_gate.py;tests/transcription/test_models.py;tests/transcription/test_resumable.py;tests/translation/test_resumable.py,,,,,NO_OR_UNKNOWN,ACTIVE_OR_EXTERNALLY_REACHABLE
dubbing/translation/nllb.py,NLLBTranslationBackend,class,14,84,,dubbing/apps/personal_capture/runtime.py:NLLBTranslationBackend;dubbing/cli/main.py:NLLBTranslationBackend,,__future__;dubbing.translation.base;torch;transformers,STATICALLY_REFERENCED,,,,,,NO_OR_UNKNOWN,ACTIVE_OR_EXTERNALLY_REACHABLE
dubbing/translation/nllb.py,NLLBTranslationBackend.__init__,method,17,32,,,,__future__;dubbing.translation.base;torch;transformers,UNRESOLVED_STATICALLY,tests/acceptance/test_acceptance_cli.py;tests/core/test_pipeline.py;tests/diarization/test_pipeline.py;tests/diarization/test_resumable.py;tests/diarization/test_sherpa_backend.py;tests/personal_capture/test_full_day_gate.py;tests/personal_capture/test_service.py;tests/transcription/test_faster_whisper_backend.py;tests/transcription/test_resumable.py;tests/translation/test_resumable.py,,,,,NO_OR_UNKNOWN,AMBIGUOUS_NO_STATIC_CALLER
dubbing/translation/nllb.py,NLLBTranslationBackend.identity,method,35,36,property,,,__future__;dubbing.translation.base;torch;transformers,UNRESOLVED_STATICALLY,tests/core/test_mutant_killers.py;tests/core/test_say_backend.py;tests/diarization/test_resumable.py;tests/personal_capture/test_full_day_gate.py;tests/personal_capture/test_service.py;tests/transcription/test_diarization_integration.py;tests/transcription/test_resumable.py;tests/translation/test_pipeline.py;tests/translation/test_resumable.py,,,,,YES,AMBIGUOUS_NO_STATIC_CALLER
dubbing/translation/nllb.py,NLLBTranslationBackend._load,method,38,59,,dubbing/translation/nllb.py:self._load,,__future__;dubbing.translation.base;torch;transformers,STATICALLY_REFERENCED,tests/transcription/test_faster_whisper_backend.py,,,,,NO_OR_UNKNOWN,ACTIVE_OR_EXTERNALLY_REACHABLE
dubbing/translation/nllb.py,NLLBTranslationBackend.translate,method,61,84,,dubbing/translation/pipeline.py:backend.translate,,__future__;dubbing.translation.base;torch;transformers,STATICALLY_REFERENCED,tests/personal_capture/test_service.py;tests/translation/test_pipeline.py;tests/translation/test_resumable.py,,,,,YES,ACTIVE_OR_EXTERNALLY_REACHABLE
dubbing/translation/pipeline.py,translate_segment,function,8,43,,dubbing/translation/job.py:translate_segment;dubbing/translation/pipeline.py:translate_segment,SegmentTranslation;TranslationResult;backend.translate;detector.detect;segments.append;translate_segment;tuple,__future__;dubbing.transcription.models;dubbing.translation.base;dubbing.translation.models,STATICALLY_REFERENCED,,,,,,NO_OR_UNKNOWN,ACTIVE_OR_EXTERNALLY_REACHABLE
dubbing/translation/pipeline.py,translate_transcript,function,46,70,,dubbing/apps/personal_capture/service.py:translate_transcript;tests/translation/test_pipeline.py:translate_transcript,SegmentTranslation;TranslationResult;backend.translate;detector.detect;segments.append;translate_segment;tuple,__future__;dubbing.transcription.models;dubbing.translation.base;dubbing.translation.models,STATICALLY_REFERENCED,tests/translation/test_pipeline.py,,,,,NO_OR_UNKNOWN,ACTIVE_OR_EXTERNALLY_REACHABLE
tests/acceptance/test_acceptance_cli.py,_wav_bytes,function,24,32,,tests/acceptance/test_acceptance_cli.py:_wav_bytes,Path;_FakeRun;_wav_bytes;buf.getvalue;capsys.readouterr;check_cli;fake.cmd.index;int;io.BytesIO;json.dumps;list;monkeypatch.setattr;pytest.raises;range;self.cmd.index;str;subprocess.CompletedProcess;wave.open;wf.setframerate;wf.setnchannels;wf.setsampwidth;wf.writeframes;write_bytes;write_text,__future__;acceptance;io;json;pathlib;pytest;subprocess;wave,STATICALLY_REFERENCED,tests/acceptance/test_acceptance_cli.py;tests/acceptance/test_acceptance_helpers.py;tests/core/test_assembler.py;tests/core/test_prosody_bounds.py,,,,,NO_OR_UNKNOWN,TEST
tests/acceptance/test_acceptance_cli.py,_FakeRun,class,35,62,,tests/acceptance/test_acceptance_cli.py:_FakeRun,,__future__;acceptance;io;json;pathlib;pytest;subprocess;wave,STATICALLY_REFERENCED,tests/acceptance/test_acceptance_cli.py,,,,,NO_OR_UNKNOWN,TEST
tests/acceptance/test_acceptance_cli.py,_FakeRun.__init__,method,38,48,,,,__future__;acceptance;io;json;pathlib;pytest;subprocess;wave,UNRESOLVED_STATICALLY,tests/acceptance/test_acceptance_cli.py;tests/core/test_pipeline.py;tests/diarization/test_pipeline.py;tests/diarization/test_resumable.py;tests/diarization/test_sherpa_backend.py;tests/personal_capture/test_full_day_gate.py;tests/personal_capture/test_service.py;tests/transcription/test_faster_whisper_backend.py;tests/transcription/test_resumable.py;tests/translation/test_resumable.py,,,,,NO_OR_UNKNOWN,TEST
tests/acceptance/test_acceptance_cli.py,_FakeRun.__call__,method,50,62,,,,__future__;acceptance;io;json;pathlib;pytest;subprocess;wave,UNRESOLVED_STATICALLY,tests/acceptance/test_acceptance_cli.py,,,,,NO_OR_UNKNOWN,TEST
tests/acceptance/test_acceptance_cli.py,TestCheckCliSuccess,class,69,109,,,,__future__;acceptance;io;json;pathlib;pytest;subprocess;wave,UNRESOLVED_STATICALLY,tests/acceptance/test_acceptance_cli.py,,,,,NO_OR_UNKNOWN,TEST
tests/acceptance/test_acceptance_cli.py,TestCheckCliSuccess.test_completes_without_exit_on_clean_run,method,70,74,,,,__future__;acceptance;io;json;pathlib;pytest;subprocess;wave,UNRESOLVED_STATICALLY,tests/acceptance/test_acceptance_cli.py,,,,,NO_OR_UNKNOWN,TEST
tests/acceptance/test_acceptance_cli.py,TestCheckCliSuccess.test_invokes_dub_on_the_sample_srt,method,76,85,,,,__future__;acceptance;io;json;pathlib;pytest;subprocess;wave,UNRESOLVED_STATICALLY,tests/acceptance/test_acceptance_cli.py,,,,,NO_OR_UNKNOWN,TEST
tests/acceptance/test_acceptance_cli.py,TestCheckCliSuccess.test_captures_output_as_text,method,87,94,,,,__future__;acceptance;io;json;pathlib;pytest;subprocess;wave,UNRESOLVED_STATICALLY,tests/acceptance/test_acceptance_cli.py,,,,,NO_OR_UNKNOWN,TEST
tests/acceptance/test_acceptance_cli.py,TestCheckCliSuccess.test_runs_from_project_root_with_timeout,method,96,101,,,,__future__;acceptance;io;json;pathlib;pytest;subprocess;wave,UNRESOLVED_STATICALLY,tests/acceptance/test_acceptance_cli.py,,,,,NO_OR_UNKNOWN,TEST
tests/acceptance/test_acceptance_cli.py,TestCheckCliSuccess.test_reports_duration_and_size,method,103,109,,,,__future__;acceptance;io;json;pathlib;pytest;subprocess;wave,UNRESOLVED_STATICALLY,tests/acceptance/test_acceptance_cli.py,,,,,NO_OR_UNKNOWN,TEST
tests/acceptance/test_acceptance_cli.py,TestCheckCliFailures,class,116,142,,,,__future__;acceptance;io;json;pathlib;pytest;subprocess;wave,UNRESOLVED_STATICALLY,tests/acceptance/test_acceptance_cli.py,,,,,NO_OR_UNKNOWN,TEST
tests/acceptance/test_acceptance_cli.py,TestCheckCliFailures.test_nonzero_returncode_exits_with_stderr,method,117,123,,,,__future__;acceptance;io;json;pathlib;pytest;subprocess;wave,UNRESOLVED_STATICALLY,tests/acceptance/test_acceptance_cli.py,,,,,NO_OR_UNKNOWN,TEST
tests/acceptance/test_acceptance_cli.py,TestCheckCliFailures.test_missing_wav_exits,method,125,129,,,,__future__;acceptance;io;json;pathlib;pytest;subprocess;wave,UNRESOLVED_STATICALLY,tests/acceptance/test_acceptance_cli.py,,,,,NO_OR_UNKNOWN,TEST
tests/acceptance/test_acceptance_cli.py,TestCheckCliFailures.test_non_timeline_true_wav_exits,method,131,136,,,,__future__;acceptance;io;json;pathlib;pytest;subprocess;wave,UNRESOLVED_STATICALLY,tests/acceptance/test_acceptance_cli.py,,,,,NO_OR_UNKNOWN,TEST
tests/acceptance/test_acceptance_cli.py,TestCheckCliFailures.test_wrong_segment_count_exits,method,138,142,,,,__future__;acceptance;io;json;pathlib;pytest;subprocess;wave,UNRESOLVED_STATICALLY,tests/acceptance/test_acceptance_cli.py,,,,,NO_OR_UNKNOWN,TEST
tests/acceptance/test_acceptance_helpers.py,_make_wav,function,20,30,,tests/acceptance/test_acceptance_helpers.py:_make_wav,_make_wav;abs;buf.getvalue;int;io.BytesIO;isinstance;list;pytest.raises;range;str;verify_segments;verify_wav_header;wave.open;wf.setframerate;wf.setnchannels;wf.setsampwidth;wf.writeframes,__future__;acceptance;io;pytest;wave,STATICALLY_REFERENCED,tests/acceptance/test_acceptance_helpers.py,,,,,NO_OR_UNKNOWN,TEST
tests/acceptance/test_acceptance_helpers.py,TestVerifyWavHeaderHappyPath,class,37,75,,,,__future__;acceptance;io;pytest;wave,UNRESOLVED_STATICALLY,tests/acceptance/test_acceptance_helpers.py,,,,,NO_OR_UNKNOWN,TEST
tests/acceptance/test_acceptance_helpers.py,TestVerifyWavHeaderHappyPath.test_exact_match_returns_duration,method,38,41,,,,__future__;acceptance;io;pytest;wave,UNRESOLVED_STATICALLY,tests/acceptance/test_acceptance_helpers.py,,,,,NO_OR_UNKNOWN,TEST
tests/acceptance/test_acceptance_helpers.py,TestVerifyWavHeaderHappyPath.test_within_positive_tolerance_returns_duration,method,43,47,,,,__future__;acceptance;io;pytest;wave,UNRESOLVED_STATICALLY,tests/acceptance/test_acceptance_helpers.py,,,,,NO_OR_UNKNOWN,TEST
tests/acceptance/test_acceptance_helpers.py,TestVerifyWavHeaderHappyPath.test_within_negative_tolerance_returns_duration,method,49,53,,,,__future__;acceptance;io;pytest;wave,UNRESOLVED_STATICALLY,tests/acceptance/test_acceptance_helpers.py,,,,,NO_OR_UNKNOWN,TEST
tests/acceptance/test_acceptance_helpers.py,TestVerifyWavHeaderHappyPath.test_returns_int,method,55,58,,,,__future__;acceptance;io;pytest;wave,UNRESOLVED_STATICALLY,tests/acceptance/test_acceptance_helpers.py,,,,,NO_OR_UNKNOWN,TEST
tests/acceptance/test_acceptance_helpers.py,TestVerifyWavHeaderHappyPath.test_large_timeline_exact,method,60,64,,,,__future__;acceptance;io;pytest;wave,UNRESOLVED_STATICALLY,tests/acceptance/test_acceptance_helpers.py,,,,,NO_OR_UNKNOWN,TEST
tests/acceptance/test_acceptance_helpers.py,TestVerifyWavHeaderHappyPath.test_custom_zero_tolerance_exact_match,method,66,69,,,,__future__;acceptance;io;pytest;wave,UNRESOLVED_STATICALLY,tests/acceptance/test_acceptance_helpers.py,,,,,NO_OR_UNKNOWN,TEST
tests/acceptance/test_acceptance_helpers.py,TestVerifyWavHeaderHappyPath.test_non_default_sample_rate,method,71,75,,,,__future__;acceptance;io;pytest;wave,UNRESOLVED_STATICALLY,tests/acceptance/test_acceptance_helpers.py,,,,,NO_OR_UNKNOWN,TEST
tests/acceptance/test_acceptance_helpers.py,TestVerifyWavHeaderFailures,class,82,128,,,,__future__;acceptance;io;pytest;wave,UNRESOLVED_STATICALLY,tests/acceptance/test_acceptance_helpers.py,,,,,NO_OR_UNKNOWN,TEST
tests/acceptance/test_acceptance_helpers.py,TestVerifyWavHeaderFailures.test_empty_bytes_raises_value_error,method,83,85,,,,__future__;acceptance;io;pytest;wave,UNRESOLVED_STATICALLY,tests/acceptance/test_acceptance_helpers.py,,,,,NO_OR_UNKNOWN,TEST
tests/acceptance/test_acceptance_helpers.py,TestVerifyWavHeaderFailures.test_invalid_wav_bytes_raises,method,87,89,,,,__future__;acceptance;io;pytest;wave,UNRESOLVED_STATICALLY,tests/acceptance/test_acceptance_helpers.py,,,,,NO_OR_UNKNOWN,TEST
tests/acceptance/test_acceptance_helpers.py,TestVerifyWavHeaderFailures.test_too_short_beyond_tolerance_raises,method,91,95,,,,__future__;acceptance;io;pytest;wave,UNRESOLVED_STATICALLY,tests/acceptance/test_acceptance_helpers.py,,,,,NO_OR_UNKNOWN,TEST
tests/acceptance/test_acceptance_helpers.py,TestVerifyWavHeaderFailures.test_too_long_beyond_tolerance_raises,method,97,101,,,,__future__;acceptance;io;pytest;wave,UNRESOLVED_STATICALLY,tests/acceptance/test_acceptance_helpers.py,,,,,NO_OR_UNKNOWN,TEST
tests/acceptance/test_acceptance_helpers.py,TestVerifyWavHeaderFailures.test_just_outside_tolerance_raises,method,103,108,,,,__future__;acceptance;io;pytest;wave,UNRESOLVED_STATICALLY,tests/acceptance/test_acceptance_helpers.py,,,,,NO_OR_UNKNOWN,TEST
tests/acceptance/test_acceptance_helpers.py,TestVerifyWavHeaderFailures.test_error_message_contains_actual_duration,method,110,115,,,,__future__;acceptance;io;pytest;wave,UNRESOLVED_STATICALLY,tests/acceptance/test_acceptance_helpers.py,,,,,NO_OR_UNKNOWN,TEST
tests/acceptance/test_acceptance_helpers.py,TestVerifyWavHeaderFailures.test_zero_tolerance_rejects_off_by_one_ms,method,117,122,,,,__future__;acceptance;io;pytest;wave,UNRESOLVED_STATICALLY,tests/acceptance/test_acceptance_helpers.py,,,,,NO_OR_UNKNOWN,TEST
tests/acceptance/test_acceptance_helpers.py,TestVerifyWavHeaderFailures.test_truncated_wav_header_raises,method,124,128,,,,__future__;acceptance;io;pytest;wave,UNRESOLVED_STATICALLY,tests/acceptance/test_acceptance_helpers.py,,,,,NO_OR_UNKNOWN,TEST
tests/acceptance/test_acceptance_helpers.py,TestVerifySegmentsHappyPath,class,135,152,,,,__future__;acceptance;io;pytest;wave,UNRESOLVED_STATICALLY,tests/acceptance/test_acceptance_helpers.py,,,,,NO_OR_UNKNOWN,TEST
tests/acceptance/test_acceptance_helpers.py,TestVerifySegmentsHappyPath.test_empty_plan_with_zero_count,method,136,137,,,,__future__;acceptance;io;pytest;wave,UNRESOLVED_STATICALLY,tests/acceptance/test_acceptance_helpers.py,,,,,NO_OR_UNKNOWN,TEST
tests/acceptance/test_acceptance_helpers.py,TestVerifySegmentsHappyPath.test_single_segment_exact,method,139,140,,,,__future__;acceptance;io;pytest;wave,UNRESOLVED_STATICALLY,tests/acceptance/test_acceptance_helpers.py,,,,,NO_OR_UNKNOWN,TEST
tests/acceptance/test_acceptance_helpers.py,TestVerifySegmentsHappyPath.test_five_segments_exact,method,142,144,,,,__future__;acceptance;io;pytest;wave,UNRESOLVED_STATICALLY,tests/acceptance/test_acceptance_helpers.py,,,,,NO_OR_UNKNOWN,TEST
tests/acceptance/test_acceptance_helpers.py,TestVerifySegmentsHappyPath.test_large_plan_exact,method,146,148,,,,__future__;acceptance;io;pytest;wave,UNRESOLVED_STATICALLY,tests/acceptance/test_acceptance_helpers.py,,,,,NO_OR_UNKNOWN,TEST
tests/acceptance/test_acceptance_helpers.py,TestVerifySegmentsHappyPath.test_returns_none_on_success,method,150,152,,,,__future__;acceptance;io;pytest;wave,UNRESOLVED_STATICALLY,tests/acceptance/test_acceptance_helpers.py,,,,,NO_OR_UNKNOWN,TEST
tests/acceptance/test_acceptance_helpers.py,TestVerifySegmentsFailures,class,159,196,,,,__future__;acceptance;io;pytest;wave,UNRESOLVED_STATICALLY,tests/acceptance/test_acceptance_helpers.py,,,,,NO_OR_UNKNOWN,TEST
tests/acceptance/test_acceptance_helpers.py,TestVerifySegmentsFailures.test_fewer_segments_raises,method,160,162,,,,__future__;acceptance;io;pytest;wave,UNRESOLVED_STATICALLY,tests/acceptance/test_acceptance_helpers.py,,,,,NO_OR_UNKNOWN,TEST
tests/acceptance/test_acceptance_helpers.py,TestVerifySegmentsFailures.test_more_segments_raises,method,164,166,,,,__future__;acceptance;io;pytest;wave,UNRESOLVED_STATICALLY,tests/acceptance/test_acceptance_helpers.py,,,,,NO_OR_UNKNOWN,TEST
tests/acceptance/test_acceptance_helpers.py,TestVerifySegmentsFailures.test_empty_plan_nonzero_expected_raises,method,168,170,,,,__future__;acceptance;io;pytest;wave,UNRESOLVED_STATICALLY,tests/acceptance/test_acceptance_helpers.py,,,,,NO_OR_UNKNOWN,TEST
tests/acceptance/test_acceptance_helpers.py,TestVerifySegmentsFailures.test_nonempty_plan_zero_expected_raises,method,172,174,,,,__future__;acceptance;io;pytest;wave,UNRESOLVED_STATICALLY,tests/acceptance/test_acceptance_helpers.py,,,,,NO_OR_UNKNOWN,TEST
tests/acceptance/test_acceptance_helpers.py,TestVerifySegmentsFailures.test_error_message_contains_expected_count,method,176,179,,,,__future__;acceptance;io;pytest;wave,UNRESOLVED_STATICALLY,tests/acceptance/test_acceptance_helpers.py,,,,,NO_OR_UNKNOWN,TEST
tests/acceptance/test_acceptance_helpers.py,TestVerifySegmentsFailures.test_error_message_contains_actual_count,method,181,184,,,,__future__;acceptance;io;pytest;wave,UNRESOLVED_STATICALLY,tests/acceptance/test_acceptance_helpers.py,,,,,NO_OR_UNKNOWN,TEST
tests/acceptance/test_acceptance_helpers.py,TestVerifySegmentsFailures.test_off_by_one_raises,method,186,189,,,,__future__;acceptance;io;pytest;wave,UNRESOLVED_STATICALLY,tests/acceptance/test_acceptance_helpers.py,,,,,NO_OR_UNKNOWN,TEST
tests/acceptance/test_acceptance_helpers.py,TestVerifySegmentsFailures.test_heterogeneous_items_counted_correctly,method,191,196,,,,__future__;acceptance;io;pytest;wave,UNRESOLVED_STATICALLY,tests/acceptance/test_acceptance_helpers.py,,,,,NO_OR_UNKNOWN,TEST
tests/acceptance/test_project_structure.py,_content_lines,function,17,25,,tests/acceptance/test_project_structure.py:_content_lines,Path;_FAKE_PATTERN.search;_PROJECT_ROOT.rglob;_content_lines;all;candidate.exists;candidate.is_file;enumerate;exists;is_dir;is_file;join;len;lines.append;list;ln.startswith;ln.strip;path.read_text;path.read_text.splitlines;raw.strip;re.compile;re.search;read_text;read_text.strip;stripped.startswith,__future__;pathlib;re,STATICALLY_REFERENCED,tests/acceptance/test_project_structure.py,,,,,NO_OR_UNKNOWN,TEST
tests/acceptance/test_project_structure.py,TestNoTtsStudioDirectory,class,32,52,,,,__future__;pathlib;re,UNRESOLVED_STATICALLY,tests/acceptance/test_project_structure.py,,,,,NO_OR_UNKNOWN,TEST
tests/acceptance/test_project_structure.py,TestNoTtsStudioDirectory.test_tts_studio_absent_from_project_root,method,33,38,,,,__future__;pathlib;re,UNRESOLVED_STATICALLY,tests/acceptance/test_project_structure.py,,,,,NO_OR_UNKNOWN,TEST
tests/acceptance/test_project_structure.py,TestNoTtsStudioDirectory.test_tts_studio_is_not_a_file_either,method,40,45,,,,__future__;pathlib;re,UNRESOLVED_STATICALLY,tests/acceptance/test_project_structure.py,,,,,NO_OR_UNKNOWN,TEST
tests/acceptance/test_project_structure.py,TestNoTtsStudioDirectory.test_no_tts_studio_subtree_anywhere_under_root,method,47,52,,,,__future__;pathlib;re,UNRESOLVED_STATICALLY,tests/acceptance/test_project_structure.py,,,,,NO_OR_UNKNOWN,TEST
tests/acceptance/test_project_structure.py,TestCanonicalRepositoryLayout,class,55,99,,,,__future__;pathlib;re,UNRESOLVED_STATICALLY,tests/acceptance/test_project_structure.py,,,,,NO_OR_UNKNOWN,TEST
tests/acceptance/test_project_structure.py,TestCanonicalRepositoryLayout.test_application_packages_are_explicit,method,56,62,,,,__future__;pathlib;re,UNRESOLVED_STATICALLY,tests/acceptance/test_project_structure.py,,,,,NO_OR_UNKNOWN,TEST
tests/acceptance/test_project_structure.py,TestCanonicalRepositoryLayout.test_cli_has_its_own_package,method,64,66,,,,__future__;pathlib;re,UNRESOLVED_STATICALLY,tests/acceptance/test_project_structure.py,,,,,NO_OR_UNKNOWN,TEST
tests/acceptance/test_project_structure.py,TestCanonicalRepositoryLayout.test_product_documents_are_not_loose_at_root,method,68,78,,,,__future__;pathlib;re,UNRESOLVED_STATICALLY,tests/acceptance/test_project_structure.py,,,,,NO_OR_UNKNOWN,TEST
tests/acceptance/test_project_structure.py,TestCanonicalRepositoryLayout.test_tests_mirror_product_boundaries,method,80,91,,,,__future__;pathlib;re,UNRESOLVED_STATICALLY,tests/acceptance/test_project_structure.py,,,,,NO_OR_UNKNOWN,TEST
tests/acceptance/test_project_structure.py,TestCanonicalRepositoryLayout.test_deployment_assets_have_product_and_host_ownership,method,93,99,,,,__future__;pathlib;re,UNRESOLVED_STATICALLY,tests/acceptance/test_project_structure.py,,,,,NO_OR_UNKNOWN,TEST
tests/acceptance/test_project_structure.py,TestAcceptanceFileExists,class,106,129,,,,__future__;pathlib;re,UNRESOLVED_STATICALLY,tests/acceptance/test_project_structure.py,,,,,NO_OR_UNKNOWN,TEST
tests/acceptance/test_project_structure.py,TestAcceptanceFileExists.test_acceptance_py_exists,method,107,111,,,,__future__;pathlib;re,UNRESOLVED_STATICALLY,tests/acceptance/test_project_structure.py,,,,,NO_OR_UNKNOWN,TEST
tests/acceptance/test_project_structure.py,TestAcceptanceFileExists.test_acceptance_script_pointer_exists,method,113,117,,,,__future__;pathlib;re,UNRESOLVED_STATICALLY,tests/acceptance/test_project_structure.py,,,,,NO_OR_UNKNOWN,TEST
tests/acceptance/test_project_structure.py,TestAcceptanceFileExists.test_acceptance_pointer_references_acceptance_py,method,119,124,,,,__future__;pathlib;re,UNRESOLVED_STATICALLY,tests/acceptance/test_project_structure.py,,,,,NO_OR_UNKNOWN,TEST
tests/acceptance/test_project_structure.py,TestAcceptanceFileExists.test_acceptance_py_is_not_empty,method,126,129,,,,__future__;pathlib;re,UNRESOLVED_STATICALLY,tests/acceptance/test_project_structure.py,,,,,NO_OR_UNKNOWN,TEST
tests/acceptance/test_project_structure.py,TestAcceptanceFileClean,class,136,203,,,,__future__;pathlib;re,UNRESOLVED_STATICALLY,tests/acceptance/test_project_structure.py,,,,,NO_OR_UNKNOWN,TEST
tests/acceptance/test_project_structure.py,TestAcceptanceFileClean.test_no_mock_pattern_in_acceptance_py,method,137,143,,,,__future__;pathlib;re,UNRESOLVED_STATICALLY,tests/acceptance/test_project_structure.py,,,,,NO_OR_UNKNOWN,TEST
tests/acceptance/test_project_structure.py,TestAcceptanceFileClean.test_no_fake_pattern_in_acceptance_py,method,145,151,,,,__future__;pathlib;re,UNRESOLVED_STATICALLY,tests/acceptance/test_project_structure.py,,,,,NO_OR_UNKNOWN,TEST
tests/acceptance/test_project_structure.py,TestAcceptanceFileClean.test_no_dummy_pattern_in_acceptance_py,method,153,159,,,,__future__;pathlib;re,UNRESOLVED_STATICALLY,tests/acceptance/test_project_structure.py,,,,,NO_OR_UNKNOWN,TEST
tests/acceptance/test_project_structure.py,TestAcceptanceFileClean.test_no_stub_pattern_in_acceptance_py,method,161,167,,,,__future__;pathlib;re,UNRESOLVED_STATICALLY,tests/acceptance/test_project_structure.py,,,,,NO_OR_UNKNOWN,TEST
tests/acceptance/test_project_structure.py,TestAcceptanceFileClean.test_acceptance_py_combined_fake_patterns_absent,method,169,176,,,,__future__;pathlib;re,UNRESOLVED_STATICALLY,tests/acceptance/test_project_structure.py,,,,,NO_OR_UNKNOWN,TEST
tests/acceptance/test_project_structure.py,TestAcceptanceFileClean.test_content_lines_helper_skips_blank_lines,method,178,181,,,,__future__;pathlib;re,UNRESOLVED_STATICALLY,tests/acceptance/test_project_structure.py,,,,,NO_OR_UNKNOWN,TEST
tests/acceptance/test_project_structure.py,TestAcceptanceFileClean.test_content_lines_helper_skips_comment_lines,method,183,188,,,,__future__;pathlib;re,UNRESOLVED_STATICALLY,tests/acceptance/test_project_structure.py,,,,,NO_OR_UNKNOWN,TEST
tests/acceptance/test_project_structure.py,TestAcceptanceFileClean.test_acceptance_py_has_real_code,method,190,195,,,,__future__;pathlib;re,UNRESOLVED_STATICALLY,tests/acceptance/test_project_structure.py,,,,,NO_OR_UNKNOWN,TEST
tests/acceptance/test_project_structure.py,TestAcceptanceFileClean.test_acceptance_py_uses_real_subprocess_or_import,method,197,203,,,,__future__;pathlib;re,UNRESOLVED_STATICALLY,tests/acceptance/test_project_structure.py,,,,,NO_OR_UNKNOWN,TEST
tests/cli/test_cli.py,_run,function,36,42,,tests/cli/test_cli.py:_run,Path;_io.BytesIO;_run;_wave.open;abs;exists;int;is_file;isinstance;json.loads;json_file.read_text;len;list;ln.strip;next;out_dir.glob;read_bytes;read_text;result.stdout.lower;result.stdout.splitlines;result.stdout.strip;shutil.which;srt.write_text;str;subprocess.run;wf.getframerate;wf.getnframes;write_text,__future__;io;json;pathlib;shutil;subprocess;sys;wave,STATICALLY_REFERENCED,tests/acceptance/test_acceptance_cli.py;tests/cli/test_cli.py;tests/cli/test_gpu_launcher.py;tests/core/test_parallel_pipeline.py;tests/core/test_pipeline.py;tests/core/test_piper_backend.py;tests/core/test_prosody_bounds.py;tests/core/test_say_backend.py;tests/personal_capture/test_preflight.py;tests/personal_capture/test_service.py,,,,,YES,TEST
tests/cli/test_cli.py,TestCliDub,class,49,96,,,,__future__;io;json;pathlib;shutil;subprocess;sys;wave,UNRESOLVED_STATICALLY,tests/cli/test_cli.py,,,,,NO_OR_UNKNOWN,TEST
tests/cli/test_cli.py,TestCliDub.test_exit_code_zero,method,50,54,,,,__future__;io;json;pathlib;shutil;subprocess;sys;wave,UNRESOLVED_STATICALLY,tests/cli/test_cli.py,,,,,NO_OR_UNKNOWN,TEST
tests/cli/test_cli.py,TestCliDub.test_stdout_is_non_empty,method,56,60,,,,__future__;io;json;pathlib;shutil;subprocess;sys;wave,UNRESOLVED_STATICALLY,tests/cli/test_cli.py,,,,,NO_OR_UNKNOWN,TEST
tests/cli/test_cli.py,TestCliDub.test_stdout_contains_segment_text,method,62,66,,,,__future__;io;json;pathlib;shutil;subprocess;sys;wave,UNRESOLVED_STATICALLY,tests/cli/test_cli.py,,,,,NO_OR_UNKNOWN,TEST
tests/cli/test_cli.py,TestCliDub.test_stdout_contains_timing_brackets,method,68,72,,,,__future__;io;json;pathlib;shutil;subprocess;sys;wave,UNRESOLVED_STATICALLY,tests/cli/test_cli.py,,,,,NO_OR_UNKNOWN,TEST
tests/cli/test_cli.py,TestCliDub.test_stdout_one_line_per_segment,method,74,79,,,,__future__;io;json;pathlib;shutil;subprocess;sys;wave,UNRESOLVED_STATICALLY,tests/cli/test_cli.py,,,,,NO_OR_UNKNOWN,TEST
tests/cli/test_cli.py,TestCliDub.test_stdout_contains_start_ms,method,81,86,,,,__future__;io;json;pathlib;shutil;subprocess;sys;wave,UNRESOLVED_STATICALLY,tests/cli/test_cli.py,,,,,NO_OR_UNKNOWN,TEST
tests/cli/test_cli.py,TestCliDub.test_say_backend_flag_accepted,method,88,96,,,,__future__;io;json;pathlib;shutil;subprocess;sys;wave,UNRESOLVED_STATICALLY,tests/cli/test_cli.py,,,,,NO_OR_UNKNOWN,TEST
tests/cli/test_cli.py,TestCliDubOutput,class,103,200,,,,__future__;io;json;pathlib;shutil;subprocess;sys;wave,UNRESOLVED_STATICALLY,tests/cli/test_cli.py,,,,,NO_OR_UNKNOWN,TEST
tests/cli/test_cli.py,TestCliDubOutput.test_exit_code_zero_with_output,method,104,109,,,,__future__;io;json;pathlib;shutil;subprocess;sys;wave,UNRESOLVED_STATICALLY,tests/cli/test_cli.py,,,,,NO_OR_UNKNOWN,TEST
tests/cli/test_cli.py,TestCliDubOutput.test_stdout_mentions_wrote,method,111,116,,,,__future__;io;json;pathlib;shutil;subprocess;sys;wave,UNRESOLVED_STATICALLY,tests/cli/test_cli.py,,,,,NO_OR_UNKNOWN,TEST
tests/cli/test_cli.py,TestCliDubOutput.test_json_file_created,method,118,124,,,,__future__;io;json;pathlib;shutil;subprocess;sys;wave,UNRESOLVED_STATICALLY,tests/cli/test_cli.py,,,,,NO_OR_UNKNOWN,TEST
tests/cli/test_cli.py,TestCliDubOutput.test_json_file_is_valid_json,method,126,133,,,,__future__;io;json;pathlib;shutil;subprocess;sys;wave,UNRESOLVED_STATICALLY,tests/cli/test_cli.py,,,,,NO_OR_UNKNOWN,TEST
tests/cli/test_cli.py,TestCliDubOutput.test_json_contains_expected_keys,method,135,146,,,,__future__;io;json;pathlib;shutil;subprocess;sys;wave,UNRESOLVED_STATICALLY,tests/cli/test_cli.py,,,,,NO_OR_UNKNOWN,TEST
tests/cli/test_cli.py,TestCliDubOutput.test_json_start_ms_is_correct,method,148,155,,,,__future__;io;json;pathlib;shutil;subprocess;sys;wave,UNRESOLVED_STATICALLY,tests/cli/test_cli.py,,,,,NO_OR_UNKNOWN,TEST
tests/cli/test_cli.py,TestCliDubOutput.test_json_end_ms_is_correct,method,157,164,,,,__future__;io;json;pathlib;shutil;subprocess;sys;wave,UNRESOLVED_STATICALLY,tests/cli/test_cli.py,,,,,NO_OR_UNKNOWN,TEST
tests/cli/test_cli.py,TestCliDubOutput.test_json_stem_matches_srt_stem,method,166,171,,,,__future__;io;json;pathlib;shutil;subprocess;sys;wave,UNRESOLVED_STATICALLY,tests/cli/test_cli.py,,,,,NO_OR_UNKNOWN,TEST
tests/cli/test_cli.py,TestCliDubOutput.test_wav_file_created,method,173,178,,,,__future__;io;json;pathlib;shutil;subprocess;sys;wave,UNRESOLVED_STATICALLY,tests/cli/test_cli.py,,,,,NO_OR_UNKNOWN,TEST
tests/cli/test_cli.py,TestCliDubOutput.test_wav_duration_matches_subtitle_timeline,method,180,192,,,,__future__;io;json;pathlib;shutil;subprocess;sys;wave,UNRESOLVED_STATICALLY,tests/cli/test_cli.py,,,,,NO_OR_UNKNOWN,TEST
tests/cli/test_cli.py,TestCliDubOutput.test_json_includes_stretch_ratio,method,194,200,,,,__future__;io;json;pathlib;shutil;subprocess;sys;wave,UNRESOLVED_STATICALLY,tests/cli/test_cli.py,,,,,NO_OR_UNKNOWN,TEST
tests/cli/test_cli.py,TestCliLang,class,207,221,,,,__future__;io;json;pathlib;shutil;subprocess;sys;wave,UNRESOLVED_STATICALLY,tests/cli/test_cli.py,,,,,NO_OR_UNKNOWN,TEST
tests/cli/test_cli.py,TestCliLang.test_lang_flag_accepted_and_produces_wav,method,208,214,,,,__future__;io;json;pathlib;shutil;subprocess;sys;wave,UNRESOLVED_STATICALLY,tests/cli/test_cli.py,,,,,NO_OR_UNKNOWN,TEST
tests/cli/test_cli.py,TestCliLang.test_unsupported_lang_fails_with_clear_error,method,216,221,,,,__future__;io;json;pathlib;shutil;subprocess;sys;wave,UNRESOLVED_STATICALLY,tests/cli/test_cli.py,,,,,NO_OR_UNKNOWN,TEST
tests/cli/test_cli.py,TestCliBatch,class,228,272,,,,__future__;io;json;pathlib;shutil;subprocess;sys;wave,UNRESOLVED_STATICALLY,tests/cli/test_cli.py,,,,,NO_OR_UNKNOWN,TEST
tests/cli/test_cli.py,TestCliBatch.test_exit_code_zero,method,229,233,,,,__future__;io;json;pathlib;shutil;subprocess;sys;wave,UNRESOLVED_STATICALLY,tests/cli/test_cli.py,,,,,NO_OR_UNKNOWN,TEST
tests/cli/test_cli.py,TestCliBatch.test_stdout_is_non_empty,method,235,239,,,,__future__;io;json;pathlib;shutil;subprocess;sys;wave,UNRESOLVED_STATICALLY,tests/cli/test_cli.py,,,,,NO_OR_UNKNOWN,TEST
tests/cli/test_cli.py,TestCliBatch.test_stdout_mentions_segment_count,method,241,245,,,,__future__;io;json;pathlib;shutil;subprocess;sys;wave,UNRESOLVED_STATICALLY,tests/cli/test_cli.py,,,,,NO_OR_UNKNOWN,TEST
tests/cli/test_cli.py,TestCliBatch.test_two_files_shows_two_lines,method,247,253,,,,__future__;io;json;pathlib;shutil;subprocess;sys;wave,UNRESOLVED_STATICALLY,tests/cli/test_cli.py,,,,,NO_OR_UNKNOWN,TEST
tests/cli/test_cli.py,TestCliBatch.test_multi_segment_file_shows_correct_count,method,255,258,,,,__future__;io;json;pathlib;shutil;subprocess;sys;wave,UNRESOLVED_STATICALLY,tests/cli/test_cli.py,,,,,NO_OR_UNKNOWN,TEST
tests/cli/test_cli.py,TestCliBatch.test_batch_writes_wav_and_json_per_input,method,260,268,,,,__future__;io;json;pathlib;shutil;subprocess;sys;wave,UNRESOLVED_STATICALLY,tests/cli/test_cli.py,,,,,NO_OR_UNKNOWN,TEST
tests/cli/test_cli.py,TestCliBatch.test_no_matching_glob_exits_nonzero,method,270,272,,,,__future__;io;json;pathlib;shutil;subprocess;sys;wave,UNRESOLVED_STATICALLY,tests/cli/test_cli.py,,,,,NO_OR_UNKNOWN,TEST
tests/cli/test_cli.py,TestCliErrors,class,279,303,,,,__future__;io;json;pathlib;shutil;subprocess;sys;wave,UNRESOLVED_STATICALLY,tests/cli/test_cli.py,,,,,NO_OR_UNKNOWN,TEST
tests/cli/test_cli.py,TestCliErrors.test_unknown_backend_exits_nonzero,method,280,284,,,,__future__;io;json;pathlib;shutil;subprocess;sys;wave,UNRESOLVED_STATICALLY,tests/cli/test_cli.py,,,,,NO_OR_UNKNOWN,TEST
tests/cli/test_cli.py,TestCliErrors.test_no_subcommand_exits_nonzero,method,286,288,,,,__future__;io;json;pathlib;shutil;subprocess;sys;wave,UNRESOLVED_STATICALLY,tests/cli/test_cli.py,,,,,NO_OR_UNKNOWN,TEST
tests/cli/test_cli.py,TestCliErrors.test_missing_srt_argument_exits_nonzero,method,290,292,,,,__future__;io;json;pathlib;shutil;subprocess;sys;wave,UNRESOLVED_STATICALLY,tests/cli/test_cli.py,,,,,NO_OR_UNKNOWN,TEST
tests/cli/test_cli.py,TestCliErrors.test_nonexistent_srt_file_exits_nonzero,method,294,296,,,,__future__;io;json;pathlib;shutil;subprocess;sys;wave,UNRESOLVED_STATICALLY,tests/cli/test_cli.py,,,,,NO_OR_UNKNOWN,TEST
tests/cli/test_cli.py,TestCliErrors.test_nonexistent_srt_file_reports_cleanly_no_traceback,method,298,303,,,,__future__;io;json;pathlib;shutil;subprocess;sys;wave,UNRESOLVED_STATICALLY,tests/cli/test_cli.py,,,,,NO_OR_UNKNOWN,TEST
tests/cli/test_gpu_launcher.py,test_library_directories_find_installed_components,function,11,17,,,cublas.mkdir;cudnn.mkdir;gpu_launcher.main;gpu_launcher.nvidia_library_directories;library.mkdir;patch.dict;patch.object;pytest.raises;str,__future__;dubbing;os;pytest;unittest.mock,UNRESOLVED_STATICALLY,tests/cli/test_gpu_launcher.py,,,,,NO_OR_UNKNOWN,TEST
tests/cli/test_gpu_launcher.py,test_launcher_reexecs_dubbing_with_library_path,function,20,39,,,cublas.mkdir;cudnn.mkdir;gpu_launcher.main;gpu_launcher.nvidia_library_directories;library.mkdir;patch.dict;patch.object;pytest.raises;str,__future__;dubbing;os;pytest;unittest.mock,UNRESOLVED_STATICALLY,tests/cli/test_gpu_launcher.py,,,,,NO_OR_UNKNOWN,TEST
tests/cli/test_gpu_launcher.py,test_launcher_fails_without_runtime_libraries,function,42,45,,,cublas.mkdir;cudnn.mkdir;gpu_launcher.main;gpu_launcher.nvidia_library_directories;library.mkdir;patch.dict;patch.object;pytest.raises;str,__future__;dubbing;os;pytest;unittest.mock,UNRESOLVED_STATICALLY,tests/cli/test_gpu_launcher.py,,,,,NO_OR_UNKNOWN,TEST
tests/conftest.py,srt_single,function,18,19,pytest.fixture,,make_segment;make_wav;pytest.fixture;range,__future__;dubbing.models;pytest;tests.support.builders,UNRESOLVED_STATICALLY,tests/conftest.py,,,,,NO_OR_UNKNOWN,TEST
tests/conftest.py,srt_multi,function,23,24,pytest.fixture,,make_segment;make_wav;pytest.fixture;range,__future__;dubbing.models;pytest;tests.support.builders,UNRESOLVED_STATICALLY,tests/conftest.py,,,,,NO_OR_UNKNOWN,TEST
tests/conftest.py,srt_prosody,function,28,29,pytest.fixture,,make_segment;make_wav;pytest.fixture;range,__future__;dubbing.models;pytest;tests.support.builders,UNRESOLVED_STATICALLY,tests/conftest.py,,,,,NO_OR_UNKNOWN,TEST
tests/conftest.py,srt_multi_tag,function,33,34,pytest.fixture,,make_segment;make_wav;pytest.fixture;range,__future__;dubbing.models;pytest;tests.support.builders,UNRESOLVED_STATICALLY,tests/conftest.py,,,,,NO_OR_UNKNOWN,TEST
tests/conftest.py,single_segment,function,38,39,pytest.fixture,,make_segment;make_wav;pytest.fixture;range,__future__;dubbing.models;pytest;tests.support.builders,UNRESOLVED_STATICALLY,tests/acceptance/test_acceptance_helpers.py;tests/conftest.py;tests/core/test_parallel_pipeline.py;tests/core/test_pipeline.py;tests/core/test_piper_backend.py;tests/core/test_say_backend.py,,,,,NO_OR_UNKNOWN,TEST
tests/conftest.py,three_segments,function,43,47,pytest.fixture,,make_segment;make_wav;pytest.fixture;range,__future__;dubbing.models;pytest;tests.support.builders,UNRESOLVED_STATICALLY,tests/conftest.py;tests/core/test_piper_backend.py;tests/core/test_say_backend.py,,,,,NO_OR_UNKNOWN,TEST
tests/conftest.py,silent_wav_1s,function,51,52,pytest.fixture,,make_segment;make_wav;pytest.fixture;range,__future__;dubbing.models;pytest;tests.support.builders,UNRESOLVED_STATICALLY,tests/conftest.py,,,,,NO_OR_UNKNOWN,TEST
tests/conftest.py,audio_wav_1s,function,56,57,pytest.fixture,,make_segment;make_wav;pytest.fixture;range,__future__;dubbing.models;pytest;tests.support.builders,UNRESOLVED_STATICALLY,tests/conftest.py,,,,,NO_OR_UNKNOWN,TEST
tests/core/test_adversarial_hardening.py,_short_wav,function,34,41,,tests/core/test_adversarial_hardening.py:_short_wav,Path;ProsodyTag;SRTEntry;Segment;TTSResult;TimedSegment;_TimingOutBackend;_jobs.clear;_pair;_parse_int;_pbas_for_tags;_post_srt;_rate_for_tags;_short_wav;app.test_client;assemble_timeline;buf.getvalue;client.post;io.BytesIO;isdigit;json.loads;monkeypatch.setattr;pytest.fixture;pytest.importorskip;pytest.raises;srt.encode;srt.write_text;str;subprocess.TimeoutExpired;subprocess.run;wave.open;wf.getnframes;wf.setframerate;wf.setnchannels;wf.setsampwidth;wf.writeframes,__future__;dubbing.aligner;dubbing.apps.dubbing_web;dubbing.assembler;dubbing.backends.base;dubbing.backends.say;dubbing.models;io;json;pathlib;pytest;subprocess;sys;wave,STATICALLY_REFERENCED,tests/core/test_adversarial_hardening.py,,,,,NO_OR_UNKNOWN,TEST
tests/core/test_adversarial_hardening.py,_pair,function,44,49,,tests/core/test_adversarial_hardening.py:_pair,Path;ProsodyTag;SRTEntry;Segment;TTSResult;TimedSegment;_TimingOutBackend;_jobs.clear;_pair;_parse_int;_pbas_for_tags;_post_srt;_rate_for_tags;_short_wav;app.test_client;assemble_timeline;buf.getvalue;client.post;io.BytesIO;isdigit;json.loads;monkeypatch.setattr;pytest.fixture;pytest.importorskip;pytest.raises;srt.encode;srt.write_text;str;subprocess.TimeoutExpired;subprocess.run;wave.open;wf.getnframes;wf.setframerate;wf.setnchannels;wf.setsampwidth;wf.writeframes,__future__;dubbing.aligner;dubbing.apps.dubbing_web;dubbing.assembler;dubbing.backends.base;dubbing.backends.say;dubbing.models;io;json;pathlib;pytest;subprocess;sys;wave,STATICALLY_REFERENCED,tests/core/test_adversarial_hardening.py,,,,,NO_OR_UNKNOWN,TEST
tests/core/test_adversarial_hardening.py,TestTimelineCap,class,56,91,,,,__future__;dubbing.aligner;dubbing.apps.dubbing_web;dubbing.assembler;dubbing.backends.base;dubbing.backends.say;dubbing.models;io;json;pathlib;pytest;subprocess;sys;wave,UNRESOLVED_STATICALLY,tests/core/test_adversarial_hardening.py,,,,,NO_OR_UNKNOWN,TEST
tests/core/test_adversarial_hardening.py,TestTimelineCap.test_99_hour_timestamp_rejected_without_allocation,method,57,61,,,,__future__;dubbing.aligner;dubbing.apps.dubbing_web;dubbing.assembler;dubbing.backends.base;dubbing.backends.say;dubbing.models;io;json;pathlib;pytest;subprocess;sys;wave,UNRESOLVED_STATICALLY,tests/core/test_adversarial_hardening.py,,,,,NO_OR_UNKNOWN,TEST
tests/core/test_adversarial_hardening.py,TestTimelineCap.test_start_beyond_cap_rejected_even_with_degenerate_window,method,63,67,,,,__future__;dubbing.aligner;dubbing.apps.dubbing_web;dubbing.assembler;dubbing.backends.base;dubbing.backends.say;dubbing.models;io;json;pathlib;pytest;subprocess;sys;wave,UNRESOLVED_STATICALLY,tests/core/test_adversarial_hardening.py,,,,,NO_OR_UNKNOWN,TEST
tests/core/test_adversarial_hardening.py,TestTimelineCap.test_one_ms_beyond_custom_cap_rejected,method,69,72,,,,__future__;dubbing.aligner;dubbing.apps.dubbing_web;dubbing.assembler;dubbing.backends.base;dubbing.backends.say;dubbing.models;io;json;pathlib;pytest;subprocess;sys;wave,UNRESOLVED_STATICALLY,tests/core/test_adversarial_hardening.py,,,,,NO_OR_UNKNOWN,TEST
tests/core/test_adversarial_hardening.py,TestTimelineCap.test_exactly_at_custom_cap_accepted,method,74,78,,,,__future__;dubbing.aligner;dubbing.apps.dubbing_web;dubbing.assembler;dubbing.backends.base;dubbing.backends.say;dubbing.models;io;json;pathlib;pytest;subprocess;sys;wave,UNRESOLVED_STATICALLY,tests/core/test_adversarial_hardening.py,,,,,NO_OR_UNKNOWN,TEST
tests/core/test_adversarial_hardening.py,TestTimelineCap.test_error_names_offending_segment,method,80,83,,,,__future__;dubbing.aligner;dubbing.apps.dubbing_web;dubbing.assembler;dubbing.backends.base;dubbing.backends.say;dubbing.models;io;json;pathlib;pytest;subprocess;sys;wave,UNRESOLVED_STATICALLY,tests/core/test_adversarial_hardening.py,,,,,NO_OR_UNKNOWN,TEST
tests/core/test_adversarial_hardening.py,TestTimelineCap.test_negative_start_rejected,method,85,88,,,,__future__;dubbing.aligner;dubbing.apps.dubbing_web;dubbing.assembler;dubbing.backends.base;dubbing.backends.say;dubbing.models;io;json;pathlib;pytest;subprocess;sys;wave,UNRESOLVED_STATICALLY,tests/core/test_adversarial_hardening.py,,,,,NO_OR_UNKNOWN,TEST
tests/core/test_adversarial_hardening.py,TestTimelineCap.test_default_cap_is_four_hours,method,90,91,,,,__future__;dubbing.aligner;dubbing.apps.dubbing_web;dubbing.assembler;dubbing.backends.base;dubbing.backends.say;dubbing.models;io;json;pathlib;pytest;subprocess;sys;wave,UNRESOLVED_STATICALLY,tests/core/test_adversarial_hardening.py,,,,,NO_OR_UNKNOWN,TEST
tests/core/test_adversarial_hardening.py,TestUnicodeDigitProsody,class,98,123,,,,__future__;dubbing.aligner;dubbing.apps.dubbing_web;dubbing.assembler;dubbing.backends.base;dubbing.backends.say;dubbing.models;io;json;pathlib;pytest;subprocess;sys;wave,UNRESOLVED_STATICALLY,tests/core/test_adversarial_hardening.py,,,,,NO_OR_UNKNOWN,TEST
tests/core/test_adversarial_hardening.py,TestUnicodeDigitProsody.test_parse_int_rejects_superscript_two,method,99,101,,,,__future__;dubbing.aligner;dubbing.apps.dubbing_web;dubbing.assembler;dubbing.backends.base;dubbing.backends.say;dubbing.models;io;json;pathlib;pytest;subprocess;sys;wave,UNRESOLVED_STATICALLY,tests/core/test_adversarial_hardening.py,,,,,NO_OR_UNKNOWN,TEST
tests/core/test_adversarial_hardening.py,TestUnicodeDigitProsody.test_parse_int_accepts_plain_digits,method,103,104,,,,__future__;dubbing.aligner;dubbing.apps.dubbing_web;dubbing.assembler;dubbing.backends.base;dubbing.backends.say;dubbing.models;io;json;pathlib;pytest;subprocess;sys;wave,UNRESOLVED_STATICALLY,tests/core/test_adversarial_hardening.py,,,,,NO_OR_UNKNOWN,TEST
tests/core/test_adversarial_hardening.py,TestUnicodeDigitProsody.test_superscript_rate_tag_ignored_not_crash,method,106,107,,,,__future__;dubbing.aligner;dubbing.apps.dubbing_web;dubbing.assembler;dubbing.backends.base;dubbing.backends.say;dubbing.models;io;json;pathlib;pytest;subprocess;sys;wave,UNRESOLVED_STATICALLY,tests/core/test_adversarial_hardening.py,,,,,NO_OR_UNKNOWN,TEST
tests/core/test_adversarial_hardening.py,TestUnicodeDigitProsody.test_superscript_pitch_tag_ignored_not_crash,method,109,110,,,,__future__;dubbing.aligner;dubbing.apps.dubbing_web;dubbing.assembler;dubbing.backends.base;dubbing.backends.say;dubbing.models;io;json;pathlib;pytest;subprocess;sys;wave,UNRESOLVED_STATICALLY,tests/core/test_adversarial_hardening.py,,,,,NO_OR_UNKNOWN,TEST
tests/core/test_adversarial_hardening.py,TestUnicodeDigitProsody.test_numeric_rate_tag_still_parses,method,112,113,,,,__future__;dubbing.aligner;dubbing.apps.dubbing_web;dubbing.assembler;dubbing.backends.base;dubbing.backends.say;dubbing.models;io;json;pathlib;pytest;subprocess;sys;wave,UNRESOLVED_STATICALLY,tests/core/test_adversarial_hardening.py,,,,,NO_OR_UNKNOWN,TEST
tests/core/test_adversarial_hardening.py,TestUnicodeDigitProsody.test_numeric_pitch_tag_still_parses,method,115,116,,,,__future__;dubbing.aligner;dubbing.apps.dubbing_web;dubbing.assembler;dubbing.backends.base;dubbing.backends.say;dubbing.models;io;json;pathlib;pytest;subprocess;sys;wave,UNRESOLVED_STATICALLY,tests/core/test_adversarial_hardening.py,,,,,NO_OR_UNKNOWN,TEST
tests/core/test_adversarial_hardening.py,TestUnicodeDigitProsody.test_named_rate_value_still_wins,method,118,119,,,,__future__;dubbing.aligner;dubbing.apps.dubbing_web;dubbing.assembler;dubbing.backends.base;dubbing.backends.say;dubbing.models;io;json;pathlib;pytest;subprocess;sys;wave,UNRESOLVED_STATICALLY,tests/core/test_adversarial_hardening.py,,,,,NO_OR_UNKNOWN,TEST
tests/core/test_adversarial_hardening.py,TestUnicodeDigitProsody.test_bad_value_does_not_clobber_earlier_good_value,method,121,123,,,,__future__;dubbing.aligner;dubbing.apps.dubbing_web;dubbing.assembler;dubbing.backends.base;dubbing.backends.say;dubbing.models;io;json;pathlib;pytest;subprocess;sys;wave,UNRESOLVED_STATICALLY,tests/core/test_adversarial_hardening.py,,,,,NO_OR_UNKNOWN,TEST
tests/core/test_adversarial_hardening.py,_TimingOutBackend,class,143,145,,tests/core/test_adversarial_hardening.py:_TimingOutBackend,,__future__;dubbing.aligner;dubbing.apps.dubbing_web;dubbing.assembler;dubbing.backends.base;dubbing.backends.say;dubbing.models;io;json;pathlib;pytest;subprocess;sys;wave,STATICALLY_REFERENCED,tests/core/test_adversarial_hardening.py,,,,,NO_OR_UNKNOWN,TEST
tests/core/test_adversarial_hardening.py,_TimingOutBackend.synthesize,method,144,145,,tests/core/test_espeak_backend.py:backend.synthesize;tests/core/test_piper_backend.py:PiperTTSBackend.synthesize;tests/core/test_say_backend.py:SayTTSBackend.synthesize;tests/core/test_say_backend.py:backend.synthesize;tests/web/test_app.py:super.synthesize;tests/web/test_upload_limit.py:super.synthesize,,__future__;dubbing.aligner;dubbing.apps.dubbing_web;dubbing.assembler;dubbing.backends.base;dubbing.backends.say;dubbing.models;io;json;pathlib;pytest;subprocess;sys;wave,STATICALLY_REFERENCED,tests/core/test_adversarial_hardening.py;tests/core/test_batch.py;tests/core/test_espeak_backend.py;tests/core/test_parallel_pipeline.py;tests/core/test_pipeline.py;tests/core/test_piper_backend.py;tests/core/test_prosody_bounds.py;tests/core/test_say_backend.py;tests/diarization/test_pipeline.py;tests/web/test_app.py;tests/web/test_result.py;tests/web/test_stream.py;tests/web/test_upload_limit.py,,,,,YES,TEST
tests/core/test_adversarial_hardening.py,_ShortWavBackend,class,148,153,,,,__future__;dubbing.aligner;dubbing.apps.dubbing_web;dubbing.assembler;dubbing.backends.base;dubbing.backends.say;dubbing.models;io;json;pathlib;pytest;subprocess;sys;wave,UNRESOLVED_STATICALLY,tests/core/test_adversarial_hardening.py,,,,,NO_OR_UNKNOWN,TEST
tests/core/test_adversarial_hardening.py,_ShortWavBackend.synthesize,method,149,153,,tests/core/test_espeak_backend.py:backend.synthesize;tests/core/test_piper_backend.py:PiperTTSBackend.synthesize;tests/core/test_say_backend.py:SayTTSBackend.synthesize;tests/core/test_say_backend.py:backend.synthesize;tests/web/test_app.py:super.synthesize;tests/web/test_upload_limit.py:super.synthesize,,__future__;dubbing.aligner;dubbing.apps.dubbing_web;dubbing.assembler;dubbing.backends.base;dubbing.backends.say;dubbing.models;io;json;pathlib;pytest;subprocess;sys;wave,STATICALLY_REFERENCED,tests/core/test_adversarial_hardening.py;tests/core/test_batch.py;tests/core/test_espeak_backend.py;tests/core/test_parallel_pipeline.py;tests/core/test_pipeline.py;tests/core/test_piper_backend.py;tests/core/test_prosody_bounds.py;tests/core/test_say_backend.py;tests/diarization/test_pipeline.py;tests/web/test_app.py;tests/web/test_result.py;tests/web/test_stream.py;tests/web/test_upload_limit.py,,,,,YES,TEST
tests/core/test_adversarial_hardening.py,client,function,157,162,pytest.fixture,,Path;ProsodyTag;SRTEntry;Segment;TTSResult;TimedSegment;_TimingOutBackend;_jobs.clear;_pair;_parse_int;_pbas_for_tags;_post_srt;_rate_for_tags;_short_wav;app.test_client;assemble_timeline;buf.getvalue;client.post;io.BytesIO;isdigit;json.loads;monkeypatch.setattr;pytest.fixture;pytest.importorskip;pytest.raises;srt.encode;srt.write_text;str;subprocess.TimeoutExpired;subprocess.run;wave.open;wf.getnframes;wf.setframerate;wf.setnchannels;wf.setsampwidth;wf.writeframes,__future__;dubbing.aligner;dubbing.apps.dubbing_web;dubbing.assembler;dubbing.backends.base;dubbing.backends.say;dubbing.models;io;json;pathlib;pytest;subprocess;sys;wave,UNRESOLVED_STATICALLY,tests/core/test_adversarial_hardening.py;tests/personal_capture/test_review_app.py;tests/web/test_app.py;tests/web/test_result.py;tests/web/test_stream.py;tests/web/test_upload_limit.py,,,,,NO_OR_UNKNOWN,TEST
tests/core/test_adversarial_hardening.py,_post_srt,function,165,170,,tests/core/test_adversarial_hardening.py:_post_srt;tests/web/test_result.py:_post_srt,Path;ProsodyTag;SRTEntry;Segment;TTSResult;TimedSegment;_TimingOutBackend;_jobs.clear;_pair;_parse_int;_pbas_for_tags;_post_srt;_rate_for_tags;_short_wav;app.test_client;assemble_timeline;buf.getvalue;client.post;io.BytesIO;isdigit;json.loads;monkeypatch.setattr;pytest.fixture;pytest.importorskip;pytest.raises;srt.encode;srt.write_text;str;subprocess.TimeoutExpired;subprocess.run;wave.open;wf.getnframes;wf.setframerate;wf.setnchannels;wf.setsampwidth;wf.writeframes,__future__;dubbing.aligner;dubbing.apps.dubbing_web;dubbing.assembler;dubbing.backends.base;dubbing.backends.say;dubbing.models;io;json;pathlib;pytest;subprocess;sys;wave,STATICALLY_REFERENCED,tests/core/test_adversarial_hardening.py;tests/web/test_result.py,,,,,NO_OR_UNKNOWN,TEST
tests/core/test_adversarial_hardening.py,TestWebHardening,class,173,191,,,,__future__;dubbing.aligner;dubbing.apps.dubbing_web;dubbing.assembler;dubbing.backends.base;dubbing.backends.say;dubbing.models;io;json;pathlib;pytest;subprocess;sys;wave,UNRESOLVED_STATICALLY,tests/core/test_adversarial_hardening.py,,,,,NO_OR_UNKNOWN,TEST
tests/core/test_adversarial_hardening.py,TestWebHardening.test_tts_timeout_returns_502_not_500,method,174,183,,,,__future__;dubbing.aligner;dubbing.apps.dubbing_web;dubbing.assembler;dubbing.backends.base;dubbing.backends.say;dubbing.models;io;json;pathlib;pytest;subprocess;sys;wave,UNRESOLVED_STATICALLY,tests/core/test_adversarial_hardening.py,,,,,NO_OR_UNKNOWN,TEST
tests/core/test_adversarial_hardening.py,TestWebHardening.test_hostile_timestamp_returns_error_not_oom,method,185,191,,,,__future__;dubbing.aligner;dubbing.apps.dubbing_web;dubbing.assembler;dubbing.backends.base;dubbing.backends.say;dubbing.models;io;json;pathlib;pytest;subprocess;sys;wave,UNRESOLVED_STATICALLY,tests/core/test_adversarial_hardening.py,,,,,NO_OR_UNKNOWN,TEST
tests/core/test_adversarial_hardening.py,TestCliHardening,class,198,212,,,,__future__;dubbing.aligner;dubbing.apps.dubbing_web;dubbing.assembler;dubbing.backends.base;dubbing.backends.say;dubbing.models;io;json;pathlib;pytest;subprocess;sys;wave,UNRESOLVED_STATICALLY,tests/core/test_adversarial_hardening.py,,,,,NO_OR_UNKNOWN,TEST
tests/core/test_adversarial_hardening.py,TestCliHardening.test_hostile_timestamp_yields_clean_error,method,199,212,,,,__future__;dubbing.aligner;dubbing.apps.dubbing_web;dubbing.assembler;dubbing.backends.base;dubbing.backends.say;dubbing.models;io;json;pathlib;pytest;subprocess;sys;wave,UNRESOLVED_STATICALLY,tests/core/test_adversarial_hardening.py,,,,,NO_OR_UNKNOWN,TEST
tests/core/test_aligner.py,_make_segment,function,13,20,,tests/core/test_aligner.py:_make_segment;tests/core/test_piper_backend.py:_make_segment,SRTEntry;Segment;TimelineAligner;TimelineAligner.align;_make_segment;enumerate;int;isinstance;len;pytest.approx;pytest.raises;range,__future__;dubbing.aligner;dubbing.models;pytest,STATICALLY_REFERENCED,tests/core/test_aligner.py;tests/core/test_piper_backend.py,,,,,NO_OR_UNKNOWN,TEST
tests/core/test_aligner.py,TestAlignEmpty,class,27,34,,,,__future__;dubbing.aligner;dubbing.models;pytest,UNRESOLVED_STATICALLY,tests/core/test_aligner.py,,,,,NO_OR_UNKNOWN,TEST
tests/core/test_aligner.py,TestAlignEmpty.test_empty_returns_empty_list,method,28,30,,,,__future__;dubbing.aligner;dubbing.models;pytest,UNRESOLVED_STATICALLY,tests/core/test_aligner.py,,,,,NO_OR_UNKNOWN,TEST
tests/core/test_aligner.py,TestAlignEmpty.test_empty_return_type_is_list,method,32,34,,,,__future__;dubbing.aligner;dubbing.models;pytest,UNRESOLVED_STATICALLY,tests/core/test_aligner.py,,,,,NO_OR_UNKNOWN,TEST
tests/core/test_aligner.py,TestAlignSingleSegment,class,41,78,,,,__future__;dubbing.aligner;dubbing.models;pytest,UNRESOLVED_STATICALLY,tests/core/test_aligner.py,,,,,NO_OR_UNKNOWN,TEST
tests/core/test_aligner.py,TestAlignSingleSegment.test_start_ms_matches_srt_entry,method,42,45,,,,__future__;dubbing.aligner;dubbing.models;pytest,UNRESOLVED_STATICALLY,tests/core/test_aligner.py,,,,,NO_OR_UNKNOWN,TEST
tests/core/test_aligner.py,TestAlignSingleSegment.test_end_ms_matches_srt_window,method,47,50,,,,__future__;dubbing.aligner;dubbing.models;pytest,UNRESOLVED_STATICALLY,tests/core/test_aligner.py,,,,,NO_OR_UNKNOWN,TEST
tests/core/test_aligner.py,TestAlignSingleSegment.test_segment_reference_preserved,method,52,55,,,,__future__;dubbing.aligner;dubbing.models;pytest,UNRESOLVED_STATICALLY,tests/core/test_aligner.py;tests/core/test_piper_backend.py,,,,,NO_OR_UNKNOWN,TEST
tests/core/test_aligner.py,TestAlignSingleSegment.test_returns_timed_segment_instance,method,57,60,,,,__future__;dubbing.aligner;dubbing.models;pytest,UNRESOLVED_STATICALLY,tests/core/test_aligner.py,,,,,NO_OR_UNKNOWN,TEST
tests/core/test_aligner.py,TestAlignSingleSegment.test_tts_shorter_than_window_still_fills_it,method,62,66,,,,__future__;dubbing.aligner;dubbing.models;pytest,UNRESOLVED_STATICALLY,tests/core/test_aligner.py,,,,,NO_OR_UNKNOWN,TEST
tests/core/test_aligner.py,TestAlignSingleSegment.test_tts_longer_than_window_is_compressed,method,68,72,,,,__future__;dubbing.aligner;dubbing.models;pytest,UNRESOLVED_STATICALLY,tests/core/test_aligner.py,,,,,NO_OR_UNKNOWN,TEST
tests/core/test_aligner.py,TestAlignSingleSegment.test_tts_exactly_matching_window,method,74,78,,,,__future__;dubbing.aligner;dubbing.models;pytest,UNRESOLVED_STATICALLY,tests/core/test_aligner.py,,,,,NO_OR_UNKNOWN,TEST
tests/core/test_aligner.py,TestAlignMultiSegment,class,85,126,,,,__future__;dubbing.aligner;dubbing.models;pytest,UNRESOLVED_STATICALLY,tests/core/test_aligner.py,,,,,NO_OR_UNKNOWN,TEST
tests/core/test_aligner.py,TestAlignMultiSegment.test_returns_correct_count,method,86,89,,,,__future__;dubbing.aligner;dubbing.models;pytest,UNRESOLVED_STATICALLY,tests/core/test_aligner.py,,,,,NO_OR_UNKNOWN,TEST
tests/core/test_aligner.py,TestAlignMultiSegment.test_each_segment_maps_to_own_srt_window,method,91,105,,,,__future__;dubbing.aligner;dubbing.models;pytest,UNRESOLVED_STATICALLY,tests/core/test_aligner.py,,,,,NO_OR_UNKNOWN,TEST
tests/core/test_aligner.py,TestAlignMultiSegment.test_segment_references_preserved_in_order,method,107,111,,,,__future__;dubbing.aligner;dubbing.models;pytest,UNRESOLVED_STATICALLY,tests/core/test_aligner.py,,,,,NO_OR_UNKNOWN,TEST
tests/core/test_aligner.py,TestAlignMultiSegment.test_gaps_between_srt_windows_dont_interfere,method,113,120,,,,__future__;dubbing.aligner;dubbing.models;pytest,UNRESOLVED_STATICALLY,tests/core/test_aligner.py,,,,,NO_OR_UNKNOWN,TEST
tests/core/test_aligner.py,TestAlignMultiSegment.test_non_zero_srt_start_offset,method,122,126,,,,__future__;dubbing.aligner;dubbing.models;pytest,UNRESOLVED_STATICALLY,tests/core/test_aligner.py,,,,,NO_OR_UNKNOWN,TEST
tests/core/test_aligner.py,TestAlignLengthMismatch,class,133,147,,,,__future__;dubbing.aligner;dubbing.models;pytest,UNRESOLVED_STATICALLY,tests/core/test_aligner.py,,,,,NO_OR_UNKNOWN,TEST
tests/core/test_aligner.py,TestAlignLengthMismatch.test_more_segments_than_durations_raises,method,134,137,,,,__future__;dubbing.aligner;dubbing.models;pytest,UNRESOLVED_STATICALLY,tests/core/test_aligner.py,,,,,NO_OR_UNKNOWN,TEST
tests/core/test_aligner.py,TestAlignLengthMismatch.test_more_durations_than_segments_raises,method,139,142,,,,__future__;dubbing.aligner;dubbing.models;pytest,UNRESOLVED_STATICALLY,tests/core/test_aligner.py,,,,,NO_OR_UNKNOWN,TEST
tests/core/test_aligner.py,TestAlignLengthMismatch.test_error_message_mentions_lengths,method,144,147,,,,__future__;dubbing.aligner;dubbing.models;pytest,UNRESOLVED_STATICALLY,tests/core/test_aligner.py,,,,,NO_OR_UNKNOWN,TEST
tests/core/test_aligner.py,TestAlignDegenerateCases,class,154,187,,,,__future__;dubbing.aligner;dubbing.models;pytest,UNRESOLVED_STATICALLY,tests/core/test_aligner.py,,,,,NO_OR_UNKNOWN,TEST
tests/core/test_aligner.py,TestAlignDegenerateCases.test_zero_duration_window_passes_through,method,155,159,,,,__future__;dubbing.aligner;dubbing.models;pytest,UNRESOLVED_STATICALLY,tests/core/test_aligner.py,,,,,NO_OR_UNKNOWN,TEST
tests/core/test_aligner.py,TestAlignDegenerateCases.test_negative_window_passes_through,method,161,165,,,,__future__;dubbing.aligner;dubbing.models;pytest,UNRESOLVED_STATICALLY,tests/core/test_aligner.py,,,,,NO_OR_UNKNOWN,TEST
tests/core/test_aligner.py,TestAlignDegenerateCases.test_zero_tts_duration_passes_through,method,167,171,,,,__future__;dubbing.aligner;dubbing.models;pytest,UNRESOLVED_STATICALLY,tests/core/test_aligner.py,,,,,NO_OR_UNKNOWN,TEST
tests/core/test_aligner.py,TestAlignDegenerateCases.test_negative_tts_duration_passes_through,method,173,177,,,,__future__;dubbing.aligner;dubbing.models;pytest,UNRESOLVED_STATICALLY,tests/core/test_aligner.py,,,,,NO_OR_UNKNOWN,TEST
tests/core/test_aligner.py,TestAlignDegenerateCases.test_degenerate_window_segment_reference_still_preserved,method,179,182,,,,__future__;dubbing.aligner;dubbing.models;pytest,UNRESOLVED_STATICALLY,tests/core/test_aligner.py,,,,,NO_OR_UNKNOWN,TEST
tests/core/test_aligner.py,TestAlignDegenerateCases.test_zero_tts_duration_segment_reference_still_preserved,method,184,187,,,,__future__;dubbing.aligner;dubbing.models;pytest,UNRESOLVED_STATICALLY,tests/core/test_aligner.py,,,,,NO_OR_UNKNOWN,TEST
tests/core/test_aligner.py,TestAlignStretchRatio,class,194,247,,,,__future__;dubbing.aligner;dubbing.models;pytest,UNRESOLVED_STATICALLY,tests/core/test_aligner.py,,,,,NO_OR_UNKNOWN,TEST
tests/core/test_aligner.py,TestAlignStretchRatio.test_exact_fit_stretch_ratio_field_is_one,method,195,198,,,,__future__;dubbing.aligner;dubbing.models;pytest,UNRESOLVED_STATICALLY,tests/core/test_aligner.py,,,,,NO_OR_UNKNOWN,TEST
tests/core/test_aligner.py,TestAlignStretchRatio.test_short_tts_stretch_ratio_is_one_natural_speed,method,200,204,,,,__future__;dubbing.aligner;dubbing.models;pytest,UNRESOLVED_STATICALLY,tests/core/test_aligner.py,,,,,NO_OR_UNKNOWN,TEST
tests/core/test_aligner.py,TestAlignStretchRatio.test_overlong_tts_stretch_ratio_compresses,method,206,209,,,,__future__;dubbing.aligner;dubbing.models;pytest,UNRESOLVED_STATICALLY,tests/core/test_aligner.py,,,,,NO_OR_UNKNOWN,TEST
tests/core/test_aligner.py,TestAlignStretchRatio.test_overlong_tts_ratio_uses_real_duration,method,211,214,,,,__future__;dubbing.aligner;dubbing.models;pytest,UNRESOLVED_STATICALLY,tests/core/test_aligner.py,,,,,NO_OR_UNKNOWN,TEST
tests/core/test_aligner.py,TestAlignStretchRatio.test_degenerate_window_stretch_ratio_defaults_to_one,method,216,219,,,,__future__;dubbing.aligner;dubbing.models;pytest,UNRESOLVED_STATICALLY,tests/core/test_aligner.py,,,,,NO_OR_UNKNOWN,TEST
tests/core/test_aligner.py,TestAlignStretchRatio.test_exact_fit_effective_stretch_ratio_is_one,method,221,226,,,,__future__;dubbing.aligner;dubbing.models;pytest,UNRESOLVED_STATICALLY,tests/core/test_aligner.py,,,,,NO_OR_UNKNOWN,TEST
tests/core/test_aligner.py,TestAlignStretchRatio.test_exact_fit_start_unchanged,method,228,231,,,,__future__;dubbing.aligner;dubbing.models;pytest,UNRESOLVED_STATICALLY,tests/core/test_aligner.py,,,,,NO_OR_UNKNOWN,TEST
tests/core/test_aligner.py,TestAlignStretchRatio.test_exact_fit_end_unchanged,method,233,236,,,,__future__;dubbing.aligner;dubbing.models;pytest,UNRESOLVED_STATICALLY,tests/core/test_aligner.py,,,,,NO_OR_UNKNOWN,TEST
tests/core/test_aligner.py,TestAlignStretchRatio.test_exact_fit_window_preserved,method,238,241,,,,__future__;dubbing.aligner;dubbing.models;pytest,UNRESOLVED_STATICALLY,tests/core/test_aligner.py,,,,,NO_OR_UNKNOWN,TEST
tests/core/test_aligner.py,TestAlignStretchRatio.test_short_tts_fills_full_srt_window,method,243,247,,,,__future__;dubbing.aligner;dubbing.models;pytest,UNRESOLVED_STATICALLY,tests/core/test_aligner.py,,,,,NO_OR_UNKNOWN,TEST
tests/core/test_aligner.py,TestAlignOverBudget,class,254,295,,,,__future__;dubbing.aligner;dubbing.models;pytest,UNRESOLVED_STATICALLY,tests/core/test_aligner.py,,,,,NO_OR_UNKNOWN,TEST
tests/core/test_aligner.py,TestAlignOverBudget.test_tts_over_budget_11_percent_clipped_to_window,method,255,260,,,,__future__;dubbing.aligner;dubbing.models;pytest,UNRESOLVED_STATICALLY,tests/core/test_aligner.py,,,,,NO_OR_UNKNOWN,TEST
tests/core/test_aligner.py,TestAlignOverBudget.test_tts_over_budget_50_percent_clipped_to_window,method,262,268,,,,__future__;dubbing.aligner;dubbing.models;pytest,UNRESOLVED_STATICALLY,tests/core/test_aligner.py,,,,,NO_OR_UNKNOWN,TEST
tests/core/test_aligner.py,TestAlignOverBudget.test_tts_over_budget_does_not_bleed_into_next_slot,method,270,278,,,,__future__;dubbing.aligner;dubbing.models;pytest,UNRESOLVED_STATICALLY,tests/core/test_aligner.py,,,,,NO_OR_UNKNOWN,TEST
tests/core/test_aligner.py,TestAlignOverBudget.test_tts_exactly_at_window_is_not_over_budget,method,280,284,,,,__future__;dubbing.aligner;dubbing.models;pytest,UNRESOLVED_STATICALLY,tests/core/test_aligner.py,,,,,NO_OR_UNKNOWN,TEST
tests/core/test_aligner.py,TestAlignOverBudget.test_tts_over_budget_output_window_never_exceeds_srt_window,method,286,295,,,,__future__;dubbing.aligner;dubbing.models;pytest,UNRESOLVED_STATICALLY,tests/core/test_aligner.py,,,,,NO_OR_UNKNOWN,TEST
tests/core/test_assembler.py,_wav,function,17,26,,tests/core/test_assembler.py:_wav;tests/diarization/test_pipeline.py:_wav,SRTEntry;Segment;TTSResult;TimelineAligner;TimelineAligner.align;_decode;_duration_ms;_segment;_timed_and_results;_wav;abs;all;any;assemble_timeline;buf.getvalue;enumerate;int;int.from_bytes;io.BytesIO;len;max;pytest.raises;range;value.to_bytes;wave.open;wf.getframerate;wf.getnchannels;wf.getnframes;wf.getsampwidth;wf.readframes;wf.setframerate;wf.setnchannels;wf.setsampwidth;wf.writeframes;zip,__future__;dubbing.aligner;dubbing.assembler;dubbing.models;io;pytest;wave,STATICALLY_REFERENCED,tests/acceptance/test_acceptance_cli.py;tests/acceptance/test_acceptance_helpers.py;tests/cli/test_cli.py;tests/conftest.py;tests/core/test_adversarial_hardening.py;tests/core/test_assembler.py;tests/core/test_batch.py;tests/core/test_boundaries.py;tests/core/test_espeak_backend.py;tests/core/test_mutant_killers.py;tests/core/test_parallel_pipeline.py;tests/core/test_piper_backend.py;tests/core/test_prosody_bounds.py;tests/core/test_say_backend.py;tests/diarization/test_pipeline.py;tests/support/assertions.py;tests/support/builders.py;tests/web/test_app.py;tests/web/test_result.py;tests/web/test_stream.py;tests/web/test_upload_limit.py,,,,,NO_OR_UNKNOWN,TEST
tests/core/test_assembler.py,_segment,function,29,34,,tests/core/test_assembler.py:_segment;tests/core/test_espeak_backend.py:_segment,SRTEntry;Segment;TTSResult;TimelineAligner;TimelineAligner.align;_decode;_duration_ms;_segment;_timed_and_results;_wav;abs;all;any;assemble_timeline;buf.getvalue;enumerate;int;int.from_bytes;io.BytesIO;len;max;pytest.raises;range;value.to_bytes;wave.open;wf.getframerate;wf.getnchannels;wf.getnframes;wf.getsampwidth;wf.readframes;wf.setframerate;wf.setnchannels;wf.setsampwidth;wf.writeframes;zip,__future__;dubbing.aligner;dubbing.assembler;dubbing.models;io;pytest;wave,STATICALLY_REFERENCED,tests/acceptance/test_acceptance_cli.py;tests/acceptance/test_acceptance_helpers.py;tests/cli/test_cli.py;tests/conftest.py;tests/core/test_adversarial_hardening.py;tests/core/test_aligner.py;tests/core/test_assembler.py;tests/core/test_batch.py;tests/core/test_boundaries.py;tests/core/test_espeak_backend.py;tests/core/test_mutant_killers.py;tests/core/test_parallel_pipeline.py;tests/core/test_pipeline.py;tests/core/test_piper_backend.py;tests/core/test_say_backend.py;tests/core/test_srt_parser.py;tests/personal_capture/test_operations.py;tests/support/assertions.py;tests/support/builders.py;tests/transcription/test_diarization_integration.py;tests/transcription/test_models.py;tests/translation/test_resumable.py;tests/web/test_app.py;tests/web/test_result.py,,,,,YES,TEST
tests/core/test_assembler.py,_timed_and_results,function,37,46,,tests/core/test_assembler.py:_timed_and_results,SRTEntry;Segment;TTSResult;TimelineAligner;TimelineAligner.align;_decode;_duration_ms;_segment;_timed_and_results;_wav;abs;all;any;assemble_timeline;buf.getvalue;enumerate;int;int.from_bytes;io.BytesIO;len;max;pytest.raises;range;value.to_bytes;wave.open;wf.getframerate;wf.getnchannels;wf.getnframes;wf.getsampwidth;wf.readframes;wf.setframerate;wf.setnchannels;wf.setsampwidth;wf.writeframes;zip,__future__;dubbing.aligner;dubbing.assembler;dubbing.models;io;pytest;wave,STATICALLY_REFERENCED,tests/core/test_assembler.py,,,,,NO_OR_UNKNOWN,TEST
tests/core/test_assembler.py,_decode,function,49,57,,tests/core/test_assembler.py:_decode,SRTEntry;Segment;TTSResult;TimelineAligner;TimelineAligner.align;_decode;_duration_ms;_segment;_timed_and_results;_wav;abs;all;any;assemble_timeline;buf.getvalue;enumerate;int;int.from_bytes;io.BytesIO;len;max;pytest.raises;range;value.to_bytes;wave.open;wf.getframerate;wf.getnchannels;wf.getnframes;wf.getsampwidth;wf.readframes;wf.setframerate;wf.setnchannels;wf.setsampwidth;wf.writeframes;zip,__future__;dubbing.aligner;dubbing.assembler;dubbing.models;io;pytest;wave,STATICALLY_REFERENCED,tests/core/test_assembler.py;tests/core/test_media.py;tests/core/test_mutant_killers.py;tests/support/assertions.py,,,,,NO_OR_UNKNOWN,TEST
tests/core/test_assembler.py,_duration_ms,function,60,62,,dubbing/backends/espeak.py:_duration_ms;tests/core/test_assembler.py:_duration_ms,SRTEntry;Segment;TTSResult;TimelineAligner;TimelineAligner.align;_decode;_duration_ms;_segment;_timed_and_results;_wav;abs;all;any;assemble_timeline;buf.getvalue;enumerate;int;int.from_bytes;io.BytesIO;len;max;pytest.raises;range;value.to_bytes;wave.open;wf.getframerate;wf.getnchannels;wf.getnframes;wf.getsampwidth;wf.readframes;wf.setframerate;wf.setnchannels;wf.setsampwidth;wf.writeframes;zip,__future__;dubbing.aligner;dubbing.assembler;dubbing.models;io;pytest;wave,STATICALLY_REFERENCED,tests/core/test_assembler.py;tests/core/test_piper_backend.py;tests/core/test_say_backend.py;tests/diarization/test_resumable.py;tests/personal_capture/test_service.py;tests/transcription/test_resumable.py,,,,,NO_OR_UNKNOWN,TEST
tests/core/test_assembler.py,TestTimelineSpan,class,69,100,,,,__future__;dubbing.aligner;dubbing.assembler;dubbing.models;io;pytest;wave,UNRESOLVED_STATICALLY,tests/core/test_assembler.py,,,,,NO_OR_UNKNOWN,TEST
tests/core/test_assembler.py,TestTimelineSpan.test_output_spans_to_last_subtitle_end,method,70,72,,,,__future__;dubbing.aligner;dubbing.assembler;dubbing.models;io;pytest;wave,UNRESOLVED_STATICALLY,tests/core/test_assembler.py,,,,,NO_OR_UNKNOWN,TEST
tests/core/test_assembler.py,TestTimelineSpan.test_leading_offset_becomes_silence,method,74,78,,,,__future__;dubbing.aligner;dubbing.assembler;dubbing.models;io;pytest;wave,UNRESOLVED_STATICALLY,tests/core/test_assembler.py,,,,,NO_OR_UNKNOWN,TEST
tests/core/test_assembler.py,TestTimelineSpan.test_gap_between_subtitles_is_silence,method,80,84,,,,__future__;dubbing.aligner;dubbing.assembler;dubbing.models;io;pytest;wave,UNRESOLVED_STATICALLY,tests/core/test_assembler.py,,,,,NO_OR_UNKNOWN,TEST
tests/core/test_assembler.py,TestTimelineSpan.test_audio_present_inside_subtitle_window,method,86,90,,,,__future__;dubbing.aligner;dubbing.assembler;dubbing.models;io;pytest;wave,UNRESOLVED_STATICALLY,tests/core/test_assembler.py,,,,,NO_OR_UNKNOWN,TEST
tests/core/test_assembler.py,TestTimelineSpan.test_empty_input_yields_zero_length_wav,method,92,94,,,,__future__;dubbing.aligner;dubbing.assembler;dubbing.models;io;pytest;wave,UNRESOLVED_STATICALLY,tests/core/test_assembler.py,,,,,NO_OR_UNKNOWN,TEST
tests/core/test_assembler.py,TestTimelineSpan.test_output_is_valid_mono_16bit_wav,method,96,100,,,,__future__;dubbing.aligner;dubbing.assembler;dubbing.models;io;pytest;wave,UNRESOLVED_STATICALLY,tests/core/test_assembler.py,,,,,NO_OR_UNKNOWN,TEST
tests/core/test_assembler.py,TestStretchAndPad,class,107,135,,,,__future__;dubbing.aligner;dubbing.assembler;dubbing.models;io;pytest;wave,UNRESOLVED_STATICALLY,tests/core/test_assembler.py,,,,,NO_OR_UNKNOWN,TEST
tests/core/test_assembler.py,TestStretchAndPad.test_overlong_audio_is_compressed_into_window,method,108,111,,,,__future__;dubbing.aligner;dubbing.assembler;dubbing.models;io;pytest;wave,UNRESOLVED_STATICALLY,tests/core/test_assembler.py,,,,,NO_OR_UNKNOWN,TEST
tests/core/test_assembler.py,TestStretchAndPad.test_overlong_audio_does_not_bleed_into_next_window,method,113,117,,,,__future__;dubbing.aligner;dubbing.assembler;dubbing.models;io;pytest;wave,UNRESOLVED_STATICALLY,tests/core/test_assembler.py,,,,,NO_OR_UNKNOWN,TEST
tests/core/test_assembler.py,TestStretchAndPad.test_short_audio_plays_naturally_then_silence,method,119,126,,,,__future__;dubbing.aligner;dubbing.assembler;dubbing.models;io;pytest;wave,UNRESOLVED_STATICALLY,tests/core/test_assembler.py,,,,,NO_OR_UNKNOWN,TEST
tests/core/test_assembler.py,TestStretchAndPad.test_short_audio_window_still_fully_spanned,method,128,130,,,,__future__;dubbing.aligner;dubbing.assembler;dubbing.models;io;pytest;wave,UNRESOLVED_STATICALLY,tests/core/test_assembler.py,,,,,NO_OR_UNKNOWN,TEST
tests/core/test_assembler.py,TestStretchAndPad.test_exact_fit_audio_preserved,method,132,135,,,,__future__;dubbing.aligner;dubbing.assembler;dubbing.models;io;pytest;wave,UNRESOLVED_STATICALLY,tests/core/test_assembler.py,,,,,NO_OR_UNKNOWN,TEST
tests/core/test_assembler.py,TestDegenerateAndResample,class,142,155,,,,__future__;dubbing.aligner;dubbing.assembler;dubbing.models;io;pytest;wave,UNRESOLVED_STATICALLY,tests/core/test_assembler.py,,,,,NO_OR_UNKNOWN,TEST
tests/core/test_assembler.py,TestDegenerateAndResample.test_zero_window_appends_natural_duration,method,143,146,,,,__future__;dubbing.aligner;dubbing.assembler;dubbing.models;io;pytest;wave,UNRESOLVED_STATICALLY,tests/core/test_assembler.py;tests/core/test_mutant_killers.py,,,,,NO_OR_UNKNOWN,TEST
tests/core/test_assembler.py,TestDegenerateAndResample.test_mismatched_source_rate_is_resampled,method,148,155,,,,__future__;dubbing.aligner;dubbing.assembler;dubbing.models;io;pytest;wave,UNRESOLVED_STATICALLY,tests/core/test_assembler.py,,,,,NO_OR_UNKNOWN,TEST
tests/core/test_assembler.py,TestAssemblerErrors,class,162,180,,,,__future__;dubbing.aligner;dubbing.assembler;dubbing.models;io;pytest;wave,UNRESOLVED_STATICALLY,tests/core/test_assembler.py,,,,,NO_OR_UNKNOWN,TEST
tests/core/test_assembler.py,TestAssemblerErrors.test_length_mismatch_raises_value_error,method,163,166,,,,__future__;dubbing.aligner;dubbing.assembler;dubbing.models;io;pytest;wave,UNRESOLVED_STATICALLY,tests/core/test_assembler.py,,,,,NO_OR_UNKNOWN,TEST
tests/core/test_assembler.py,TestAssemblerErrors.test_empty_audio_raises_value_error,method,168,173,,,,__future__;dubbing.aligner;dubbing.assembler;dubbing.models;io;pytest;wave,UNRESOLVED_STATICALLY,tests/core/test_assembler.py,,,,,NO_OR_UNKNOWN,TEST
tests/core/test_assembler.py,TestAssemblerErrors.test_invalid_wav_bytes_raise_value_error,method,175,180,,,,__future__;dubbing.aligner;dubbing.assembler;dubbing.models;io;pytest;wave,UNRESOLVED_STATICALLY,tests/core/test_assembler.py,,,,,NO_OR_UNKNOWN,TEST
tests/core/test_assembler.py,TestOutOfOrderEntries,class,187,202,,,,__future__;dubbing.aligner;dubbing.assembler;dubbing.models;io;pytest;wave,UNRESOLVED_STATICALLY,tests/core/test_assembler.py,,,,,NO_OR_UNKNOWN,TEST
tests/core/test_assembler.py,TestOutOfOrderEntries.test_unsorted_entries_render_at_their_own_start_times,method,188,198,,,,__future__;dubbing.aligner;dubbing.assembler;dubbing.models;io;pytest;wave,UNRESOLVED_STATICALLY,tests/core/test_assembler.py,,,,,NO_OR_UNKNOWN,TEST
tests/core/test_assembler.py,TestOutOfOrderEntries.test_unsorted_entries_total_span_matches_last_end,method,200,202,,,,__future__;dubbing.aligner;dubbing.assembler;dubbing.models;io;pytest;wave,UNRESOLVED_STATICALLY,tests/core/test_assembler.py,,,,,NO_OR_UNKNOWN,TEST
tests/core/test_assembler.py,TestOverlappingEntries,class,210,263,,,,__future__;dubbing.aligner;dubbing.assembler;dubbing.models;io;pytest;wave,UNRESOLVED_STATICALLY,tests/core/test_assembler.py,,,,,NO_OR_UNKNOWN,TEST
tests/core/test_assembler.py,TestOverlappingEntries.test_overlap_does_not_stretch_timeline,method,211,215,,,,__future__;dubbing.aligner;dubbing.assembler;dubbing.models;io;pytest;wave,UNRESOLVED_STATICALLY,tests/core/test_assembler.py,,,,,NO_OR_UNKNOWN,TEST
tests/core/test_assembler.py,TestOverlappingEntries.test_overlapping_segment_anchored_at_its_own_start,method,217,224,,,,__future__;dubbing.aligner;dubbing.assembler;dubbing.models;io;pytest;wave,UNRESOLVED_STATICALLY,tests/core/test_assembler.py,,,,,NO_OR_UNKNOWN,TEST
tests/core/test_assembler.py,TestOverlappingEntries.test_overlap_region_mixes_both_signals,method,226,236,,,,__future__;dubbing.aligner;dubbing.assembler;dubbing.models;io;pytest;wave,UNRESOLVED_STATICALLY,tests/core/test_assembler.py,,,,,NO_OR_UNKNOWN,TEST
tests/core/test_assembler.py,TestOverlappingEntries.test_mixed_overlap_clamps_to_pcm_range,method,238,248,,,,__future__;dubbing.aligner;dubbing.assembler;dubbing.models;io;pytest;wave,UNRESOLVED_STATICALLY,tests/core/test_assembler.py,,,,,NO_OR_UNKNOWN,TEST
tests/core/test_assembler.py,TestOverlappingEntries.test_fully_contained_overlap_keeps_outer_window_span,method,250,254,,,,__future__;dubbing.aligner;dubbing.assembler;dubbing.models;io;pytest;wave,UNRESOLVED_STATICALLY,tests/core/test_assembler.py,,,,,NO_OR_UNKNOWN,TEST
tests/core/test_assembler.py,TestOverlappingEntries.test_identical_windows_mix_in_place,method,256,263,,,,__future__;dubbing.aligner;dubbing.assembler;dubbing.models;io;pytest;wave,UNRESOLVED_STATICALLY,tests/core/test_assembler.py,,,,,NO_OR_UNKNOWN,TEST
tests/core/test_batch.py,_tiny_wav,function,19,26,,tests/core/test_batch.py:_tiny_wav,TTSResult;_MockBackend;_tiny_wav;a.write_text;abs;all;any;b.write_text;batch_dub;buf.getvalue;c.write_text;f.is_file;int;io.BytesIO;is_file;isinstance;json.loads;len;list;out_dir.exists;out_dir.rglob;pytest.fixture;read_text;results.values;sorted;srt.write_text;str;wave.open;wf.getframerate;wf.getnframes;wf.setframerate;wf.setnchannels;wf.setsampwidth;wf.writeframes,__future__;dubbing.aligner;dubbing.backends.base;dubbing.batch;dubbing.models;io;json;pathlib;pytest;wave,STATICALLY_REFERENCED,tests/core/test_batch.py,,,,,NO_OR_UNKNOWN,TEST
tests/core/test_batch.py,_MockBackend,class,29,34,,tests/core/test_batch.py:_MockBackend,,__future__;dubbing.aligner;dubbing.backends.base;dubbing.batch;dubbing.models;io;json;pathlib;pytest;wave,STATICALLY_REFERENCED,tests/core/test_batch.py,,,,,NO_OR_UNKNOWN,TEST
tests/core/test_batch.py,_MockBackend.synthesize,method,30,34,,tests/core/test_espeak_backend.py:backend.synthesize;tests/core/test_piper_backend.py:PiperTTSBackend.synthesize;tests/core/test_say_backend.py:SayTTSBackend.synthesize;tests/core/test_say_backend.py:backend.synthesize;tests/web/test_app.py:super.synthesize;tests/web/test_upload_limit.py:super.synthesize,,__future__;dubbing.aligner;dubbing.backends.base;dubbing.batch;dubbing.models;io;json;pathlib;pytest;wave,STATICALLY_REFERENCED,tests/core/test_adversarial_hardening.py;tests/core/test_batch.py;tests/core/test_espeak_backend.py;tests/core/test_parallel_pipeline.py;tests/core/test_pipeline.py;tests/core/test_piper_backend.py;tests/core/test_prosody_bounds.py;tests/core/test_say_backend.py;tests/diarization/test_pipeline.py;tests/web/test_app.py;tests/web/test_result.py;tests/web/test_stream.py;tests/web/test_upload_limit.py,,,,,YES,TEST
tests/core/test_batch.py,two_srt_files,function,76,81,pytest.fixture,,TTSResult;_MockBackend;_tiny_wav;a.write_text;abs;all;any;b.write_text;batch_dub;buf.getvalue;c.write_text;f.is_file;int;io.BytesIO;is_file;isinstance;json.loads;len;list;out_dir.exists;out_dir.rglob;pytest.fixture;read_text;results.values;sorted;srt.write_text;str;wave.open;wf.getframerate;wf.getnframes;wf.setframerate;wf.setnchannels;wf.setsampwidth;wf.writeframes,__future__;dubbing.aligner;dubbing.backends.base;dubbing.batch;dubbing.models;io;json;pathlib;pytest;wave,UNRESOLVED_STATICALLY,tests/core/test_batch.py,,,,,NO_OR_UNKNOWN,TEST
tests/core/test_batch.py,TestBatchDubOutputShape,class,88,108,,,,__future__;dubbing.aligner;dubbing.backends.base;dubbing.batch;dubbing.models;io;json;pathlib;pytest;wave,UNRESOLVED_STATICALLY,tests/core/test_batch.py,,,,,NO_OR_UNKNOWN,TEST
tests/core/test_batch.py,TestBatchDubOutputShape.test_returns_dict,method,89,92,,,,__future__;dubbing.aligner;dubbing.backends.base;dubbing.batch;dubbing.models;io;json;pathlib;pytest;wave,UNRESOLVED_STATICALLY,tests/core/test_batch.py,,,,,NO_OR_UNKNOWN,TEST
tests/core/test_batch.py,TestBatchDubOutputShape.test_dict_has_two_entries,method,94,97,,,,__future__;dubbing.aligner;dubbing.backends.base;dubbing.batch;dubbing.models;io;json;pathlib;pytest;wave,UNRESOLVED_STATICALLY,tests/core/test_batch.py,,,,,NO_OR_UNKNOWN,TEST
tests/core/test_batch.py,TestBatchDubOutputShape.test_keys_are_path_objects,method,99,102,,,,__future__;dubbing.aligner;dubbing.backends.base;dubbing.batch;dubbing.models;io;json;pathlib;pytest;wave,UNRESOLVED_STATICALLY,tests/core/test_batch.py,,,,,NO_OR_UNKNOWN,TEST
tests/core/test_batch.py,TestBatchDubOutputShape.test_input_paths_are_in_keys,method,104,108,,,,__future__;dubbing.aligner;dubbing.backends.base;dubbing.batch;dubbing.models;io;json;pathlib;pytest;wave,UNRESOLVED_STATICALLY,tests/core/test_batch.py,,,,,NO_OR_UNKNOWN,TEST
tests/core/test_batch.py,TestBatchDubSegmentCounts,class,115,130,,,,__future__;dubbing.aligner;dubbing.backends.base;dubbing.batch;dubbing.models;io;json;pathlib;pytest;wave,UNRESOLVED_STATICALLY,tests/core/test_batch.py,,,,,NO_OR_UNKNOWN,TEST
tests/core/test_batch.py,TestBatchDubSegmentCounts.test_first_file_has_one_segment,method,116,119,,,,__future__;dubbing.aligner;dubbing.backends.base;dubbing.batch;dubbing.models;io;json;pathlib;pytest;wave,UNRESOLVED_STATICALLY,tests/core/test_batch.py,,,,,NO_OR_UNKNOWN,TEST
tests/core/test_batch.py,TestBatchDubSegmentCounts.test_second_file_has_two_segments,method,121,124,,,,__future__;dubbing.aligner;dubbing.backends.base;dubbing.batch;dubbing.models;io;json;pathlib;pytest;wave,UNRESOLVED_STATICALLY,tests/core/test_batch.py,,,,,NO_OR_UNKNOWN,TEST
tests/core/test_batch.py,TestBatchDubSegmentCounts.test_three_segment_file_count,method,126,130,,,,__future__;dubbing.aligner;dubbing.backends.base;dubbing.batch;dubbing.models;io;json;pathlib;pytest;wave,UNRESOLVED_STATICALLY,tests/core/test_batch.py,,,,,NO_OR_UNKNOWN,TEST
tests/core/test_batch.py,TestBatchDubSegmentContent,class,137,174,,,,__future__;dubbing.aligner;dubbing.backends.base;dubbing.batch;dubbing.models;io;json;pathlib;pytest;wave,UNRESOLVED_STATICALLY,tests/core/test_batch.py,,,,,NO_OR_UNKNOWN,TEST
tests/core/test_batch.py,TestBatchDubSegmentContent.test_segments_are_timed_segment_instances,method,138,143,,,,__future__;dubbing.aligner;dubbing.backends.base;dubbing.batch;dubbing.models;io;json;pathlib;pytest;wave,UNRESOLVED_STATICALLY,tests/core/test_batch.py,,,,,NO_OR_UNKNOWN,TEST
tests/core/test_batch.py,TestBatchDubSegmentContent.test_first_file_segment_start_ms,method,145,148,,,,__future__;dubbing.aligner;dubbing.backends.base;dubbing.batch;dubbing.models;io;json;pathlib;pytest;wave,UNRESOLVED_STATICALLY,tests/core/test_batch.py,,,,,NO_OR_UNKNOWN,TEST
tests/core/test_batch.py,TestBatchDubSegmentContent.test_first_file_segment_end_ms,method,150,153,,,,__future__;dubbing.aligner;dubbing.backends.base;dubbing.batch;dubbing.models;io;json;pathlib;pytest;wave,UNRESOLVED_STATICALLY,tests/core/test_batch.py,,,,,NO_OR_UNKNOWN,TEST
tests/core/test_batch.py,TestBatchDubSegmentContent.test_first_file_segment_text,method,155,158,,,,__future__;dubbing.aligner;dubbing.backends.base;dubbing.batch;dubbing.models;io;json;pathlib;pytest;wave,UNRESOLVED_STATICALLY,tests/core/test_batch.py,,,,,NO_OR_UNKNOWN,TEST
tests/core/test_batch.py,TestBatchDubSegmentContent.test_second_file_segments_order,method,160,167,,,,__future__;dubbing.aligner;dubbing.backends.base;dubbing.batch;dubbing.models;io;json;pathlib;pytest;wave,UNRESOLVED_STATICALLY,tests/core/test_batch.py,,,,,NO_OR_UNKNOWN,TEST
tests/core/test_batch.py,TestBatchDubSegmentContent.test_second_file_segment_texts,method,169,174,,,,__future__;dubbing.aligner;dubbing.backends.base;dubbing.batch;dubbing.models;io;json;pathlib;pytest;wave,UNRESOLVED_STATICALLY,tests/core/test_batch.py,,,,,NO_OR_UNKNOWN,TEST
tests/core/test_batch.py,TestBatchDubOutputDir,class,181,222,,,,__future__;dubbing.aligner;dubbing.backends.base;dubbing.batch;dubbing.models;io;json;pathlib;pytest;wave,UNRESOLVED_STATICALLY,tests/core/test_batch.py,,,,,NO_OR_UNKNOWN,TEST
tests/core/test_batch.py,TestBatchDubOutputDir.test_creates_output_directory,method,182,187,,,,__future__;dubbing.aligner;dubbing.backends.base;dubbing.batch;dubbing.models;io;json;pathlib;pytest;wave,UNRESOLVED_STATICALLY,tests/core/test_batch.py,,,,,NO_OR_UNKNOWN,TEST
tests/core/test_batch.py,TestBatchDubOutputDir.test_creates_nested_output_directory,method,189,193,,,,__future__;dubbing.aligner;dubbing.backends.base;dubbing.batch;dubbing.models;io;json;pathlib;pytest;wave,UNRESOLVED_STATICALLY,tests/core/test_batch.py,,,,,NO_OR_UNKNOWN,TEST
tests/core/test_batch.py,TestBatchDubOutputDir.test_accepts_string_output_dir,method,195,199,,,,__future__;dubbing.aligner;dubbing.backends.base;dubbing.batch;dubbing.models;io;json;pathlib;pytest;wave,UNRESOLVED_STATICALLY,tests/core/test_batch.py,,,,,NO_OR_UNKNOWN,TEST
tests/core/test_batch.py,TestBatchDubOutputDir.test_one_wav_written_per_input,method,201,206,,,,__future__;dubbing.aligner;dubbing.backends.base;dubbing.batch;dubbing.models;io;json;pathlib;pytest;wave,UNRESOLVED_STATICALLY,tests/core/test_batch.py,,,,,NO_OR_UNKNOWN,TEST
tests/core/test_batch.py,TestBatchDubOutputDir.test_one_json_written_per_input,method,208,213,,,,__future__;dubbing.aligner;dubbing.backends.base;dubbing.batch;dubbing.models;io;json;pathlib;pytest;wave,UNRESOLVED_STATICALLY,tests/core/test_batch.py,,,,,NO_OR_UNKNOWN,TEST
tests/core/test_batch.py,TestBatchDubOutputDir.test_written_wav_is_valid_and_spans_timeline,method,215,222,,,,__future__;dubbing.aligner;dubbing.backends.base;dubbing.batch;dubbing.models;io;json;pathlib;pytest;wave,UNRESOLVED_STATICALLY,tests/core/test_batch.py,,,,,NO_OR_UNKNOWN,TEST
tests/core/test_batch.py,TestBatchDubEdgeCases,class,229,251,,,,__future__;dubbing.aligner;dubbing.backends.base;dubbing.batch;dubbing.models;io;json;pathlib;pytest;wave,UNRESOLVED_STATICALLY,tests/core/test_batch.py,,,,,NO_OR_UNKNOWN,TEST
tests/core/test_batch.py,TestBatchDubEdgeCases.test_empty_input_list_returns_empty_dict,method,230,232,,,,__future__;dubbing.aligner;dubbing.backends.base;dubbing.batch;dubbing.models;io;json;pathlib;pytest;wave,UNRESOLVED_STATICALLY,tests/core/test_batch.py,,,,,NO_OR_UNKNOWN,TEST
tests/core/test_batch.py,TestBatchDubEdgeCases.test_single_input,method,234,238,,,,__future__;dubbing.aligner;dubbing.backends.base;dubbing.batch;dubbing.models;io;json;pathlib;pytest;wave,UNRESOLVED_STATICALLY,tests/core/test_batch.py,,,,,NO_OR_UNKNOWN,TEST
tests/core/test_batch.py,TestBatchDubEdgeCases.test_accepts_string_paths_as_inputs,method,240,243,,,,__future__;dubbing.aligner;dubbing.backends.base;dubbing.batch;dubbing.models;io;json;pathlib;pytest;wave,UNRESOLVED_STATICALLY,tests/core/test_batch.py,,,,,NO_OR_UNKNOWN,TEST
tests/core/test_batch.py,TestBatchDubEdgeCases.test_duplicate_input_path_processed_once_per_occurrence,method,245,251,,,,__future__;dubbing.aligner;dubbing.backends.base;dubbing.batch;dubbing.models;io;json;pathlib;pytest;wave,UNRESOLVED_STATICALLY,tests/core/test_batch.py,,,,,NO_OR_UNKNOWN,TEST
tests/core/test_batch.py,TestBatchDubTwoSRTs,class,258,315,,,,__future__;dubbing.aligner;dubbing.backends.base;dubbing.batch;dubbing.models;io;json;pathlib;pytest;wave,UNRESOLVED_STATICALLY,tests/core/test_batch.py,,,,,NO_OR_UNKNOWN,TEST
tests/core/test_batch.py,TestBatchDubTwoSRTs.test_batch_two_srt_files_returns_two_results,method,259,265,,,,__future__;dubbing.aligner;dubbing.backends.base;dubbing.batch;dubbing.models;io;json;pathlib;pytest;wave,UNRESOLVED_STATICALLY,tests/core/test_batch.py,,,,,NO_OR_UNKNOWN,TEST
tests/core/test_batch.py,TestBatchDubTwoSRTs.test_batch_two_srt_each_key_is_its_input_path,method,267,274,,,,__future__;dubbing.aligner;dubbing.backends.base;dubbing.batch;dubbing.models;io;json;pathlib;pytest;wave,UNRESOLVED_STATICALLY,tests/core/test_batch.py,,,,,NO_OR_UNKNOWN,TEST
tests/core/test_batch.py,TestBatchDubTwoSRTs.test_batch_two_srt_values_are_lists_of_timed_segments,method,276,284,,,,__future__;dubbing.aligner;dubbing.backends.base;dubbing.batch;dubbing.models;io;json;pathlib;pytest;wave,UNRESOLVED_STATICALLY,tests/core/test_batch.py,,,,,NO_OR_UNKNOWN,TEST
tests/core/test_batch.py,TestBatchDubTwoSRTs.test_batch_two_srt_writes_wav_and_json_per_input,method,286,294,,,,__future__;dubbing.aligner;dubbing.backends.base;dubbing.batch;dubbing.models;io;json;pathlib;pytest;wave,UNRESOLVED_STATICALLY,tests/core/test_batch.py,,,,,NO_OR_UNKNOWN,TEST
tests/core/test_batch.py,TestBatchDubTwoSRTs.test_batch_no_srt_files_written_to_output,method,296,304,,,,__future__;dubbing.aligner;dubbing.backends.base;dubbing.batch;dubbing.models;io;json;pathlib;pytest;wave,UNRESOLVED_STATICALLY,tests/core/test_batch.py,,,,,NO_OR_UNKNOWN,TEST
tests/core/test_batch.py,TestBatchDubTwoSRTs.test_batch_json_plan_matches_srt_timings,method,306,315,,,,__future__;dubbing.aligner;dubbing.backends.base;dubbing.batch;dubbing.models;io;json;pathlib;pytest;wave,UNRESOLVED_STATICALLY,tests/core/test_batch.py,,,,,NO_OR_UNKNOWN,TEST
tests/core/test_boundaries.py,test_ms_boundary,function,30,31,pytest.mark.parametrize,,TimelineAligner;TimelineAligner.align;_ms;assert_prosody_tags;assert_timed_segment;assert_wav_duration;assert_wav_format;int;make_segment;make_wav;parse_prosody;parse_srt_string;pytest.approx;pytest.mark.parametrize;pytest.raises,__future__;dubbing.aligner;dubbing.prosody;dubbing.srt_parser;pytest;tests.support.assertions;tests.support.builders;tests.support.params,UNRESOLVED_STATICALLY,tests/core/test_boundaries.py,,,,,NO_OR_UNKNOWN,TEST
tests/core/test_boundaries.py,test_srt_entry_fields,function,39,44,pytest.mark.parametrize,,TimelineAligner;TimelineAligner.align;_ms;assert_prosody_tags;assert_timed_segment;assert_wav_duration;assert_wav_format;int;make_segment;make_wav;parse_prosody;parse_srt_string;pytest.approx;pytest.mark.parametrize;pytest.raises,__future__;dubbing.aligner;dubbing.prosody;dubbing.srt_parser;pytest;tests.support.assertions;tests.support.builders;tests.support.params,UNRESOLVED_STATICALLY,tests/core/test_boundaries.py,,,,,NO_OR_UNKNOWN,TEST
tests/core/test_boundaries.py,test_aligner_stretch_ratio,function,52,55,pytest.mark.parametrize,,TimelineAligner;TimelineAligner.align;_ms;assert_prosody_tags;assert_timed_segment;assert_wav_duration;assert_wav_format;int;make_segment;make_wav;parse_prosody;parse_srt_string;pytest.approx;pytest.mark.parametrize;pytest.raises,__future__;dubbing.aligner;dubbing.prosody;dubbing.srt_parser;pytest;tests.support.assertions;tests.support.builders;tests.support.params,UNRESOLVED_STATICALLY,tests/core/test_boundaries.py,,,,,NO_OR_UNKNOWN,TEST
tests/core/test_boundaries.py,test_over_budget_window_stays_within_srt,function,63,68,pytest.mark.parametrize,,TimelineAligner;TimelineAligner.align;_ms;assert_prosody_tags;assert_timed_segment;assert_wav_duration;assert_wav_format;int;make_segment;make_wav;parse_prosody;parse_srt_string;pytest.approx;pytest.mark.parametrize;pytest.raises,__future__;dubbing.aligner;dubbing.prosody;dubbing.srt_parser;pytest;tests.support.assertions;tests.support.builders;tests.support.params,UNRESOLVED_STATICALLY,tests/core/test_boundaries.py,,,,,NO_OR_UNKNOWN,TEST
tests/core/test_boundaries.py,test_timed_segment_non_zero_origin,function,75,78,,,TimelineAligner;TimelineAligner.align;_ms;assert_prosody_tags;assert_timed_segment;assert_wav_duration;assert_wav_format;int;make_segment;make_wav;parse_prosody;parse_srt_string;pytest.approx;pytest.mark.parametrize;pytest.raises,__future__;dubbing.aligner;dubbing.prosody;dubbing.srt_parser;pytest;tests.support.assertions;tests.support.builders;tests.support.params,UNRESOLVED_STATICALLY,tests/core/test_boundaries.py,,,,,NO_OR_UNKNOWN,TEST
tests/core/test_boundaries.py,test_timed_segment_compressed_stretch_ratio,function,81,84,,,TimelineAligner;TimelineAligner.align;_ms;assert_prosody_tags;assert_timed_segment;assert_wav_duration;assert_wav_format;int;make_segment;make_wav;parse_prosody;parse_srt_string;pytest.approx;pytest.mark.parametrize;pytest.raises,__future__;dubbing.aligner;dubbing.prosody;dubbing.srt_parser;pytest;tests.support.assertions;tests.support.builders;tests.support.params,UNRESOLVED_STATICALLY,tests/core/test_boundaries.py,,,,,NO_OR_UNKNOWN,TEST
tests/core/test_boundaries.py,test_prosody_single_tag,function,92,95,pytest.mark.parametrize,,TimelineAligner;TimelineAligner.align;_ms;assert_prosody_tags;assert_timed_segment;assert_wav_duration;assert_wav_format;int;make_segment;make_wav;parse_prosody;parse_srt_string;pytest.approx;pytest.mark.parametrize;pytest.raises,__future__;dubbing.aligner;dubbing.prosody;dubbing.srt_parser;pytest;tests.support.assertions;tests.support.builders;tests.support.params,UNRESOLVED_STATICALLY,tests/core/test_boundaries.py,,,,,NO_OR_UNKNOWN,TEST
tests/core/test_boundaries.py,test_assert_wav_duration_exact,function,102,104,,,TimelineAligner;TimelineAligner.align;_ms;assert_prosody_tags;assert_timed_segment;assert_wav_duration;assert_wav_format;int;make_segment;make_wav;parse_prosody;parse_srt_string;pytest.approx;pytest.mark.parametrize;pytest.raises,__future__;dubbing.aligner;dubbing.prosody;dubbing.srt_parser;pytest;tests.support.assertions;tests.support.builders;tests.support.params,UNRESOLVED_STATICALLY,tests/core/test_boundaries.py,,,,,NO_OR_UNKNOWN,TEST
tests/core/test_boundaries.py,test_assert_wav_duration_within_tolerance,function,107,109,,,TimelineAligner;TimelineAligner.align;_ms;assert_prosody_tags;assert_timed_segment;assert_wav_duration;assert_wav_format;int;make_segment;make_wav;parse_prosody;parse_srt_string;pytest.approx;pytest.mark.parametrize;pytest.raises,__future__;dubbing.aligner;dubbing.prosody;dubbing.srt_parser;pytest;tests.support.assertions;tests.support.builders;tests.support.params,UNRESOLVED_STATICALLY,tests/core/test_boundaries.py,,,,,NO_OR_UNKNOWN,TEST
tests/core/test_boundaries.py,test_assert_wav_format_default,function,112,114,,,TimelineAligner;TimelineAligner.align;_ms;assert_prosody_tags;assert_timed_segment;assert_wav_duration;assert_wav_format;int;make_segment;make_wav;parse_prosody;parse_srt_string;pytest.approx;pytest.mark.parametrize;pytest.raises,__future__;dubbing.aligner;dubbing.prosody;dubbing.srt_parser;pytest;tests.support.assertions;tests.support.builders;tests.support.params,UNRESOLVED_STATICALLY,tests/core/test_boundaries.py,,,,,NO_OR_UNKNOWN,TEST
tests/core/test_boundaries.py,test_assert_wav_duration_fails_outside_tolerance,function,117,120,,,TimelineAligner;TimelineAligner.align;_ms;assert_prosody_tags;assert_timed_segment;assert_wav_duration;assert_wav_format;int;make_segment;make_wav;parse_prosody;parse_srt_string;pytest.approx;pytest.mark.parametrize;pytest.raises,__future__;dubbing.aligner;dubbing.prosody;dubbing.srt_parser;pytest;tests.support.assertions;tests.support.builders;tests.support.params,UNRESOLVED_STATICALLY,tests/core/test_boundaries.py,,,,,NO_OR_UNKNOWN,TEST
tests/core/test_boundaries.py,test_assert_wav_format_fails_wrong_rate,function,123,126,,,TimelineAligner;TimelineAligner.align;_ms;assert_prosody_tags;assert_timed_segment;assert_wav_duration;assert_wav_format;int;make_segment;make_wav;parse_prosody;parse_srt_string;pytest.approx;pytest.mark.parametrize;pytest.raises,__future__;dubbing.aligner;dubbing.prosody;dubbing.srt_parser;pytest;tests.support.assertions;tests.support.builders;tests.support.params,UNRESOLVED_STATICALLY,tests/core/test_boundaries.py,,,,,NO_OR_UNKNOWN,TEST
tests/core/test_espeak_backend.py,_segment,function,13,18,,tests/core/test_assembler.py:_segment;tests/core/test_espeak_backend.py:_segment,EspeakTTSBackend;SRTEntry;Segment;_segment;backend.synthesize;io.BytesIO;pytest.mark.skipif;pytest.raises;shutil.which;wav.getnchannels;wav.getnframes;wav.getsampwidth;wave.open,__future__;dubbing.backends.espeak;dubbing.models;io;pytest;shutil;wave,STATICALLY_REFERENCED,tests/acceptance/test_acceptance_cli.py;tests/acceptance/test_acceptance_helpers.py;tests/cli/test_cli.py;tests/conftest.py;tests/core/test_adversarial_hardening.py;tests/core/test_aligner.py;tests/core/test_assembler.py;tests/core/test_batch.py;tests/core/test_boundaries.py;tests/core/test_espeak_backend.py;tests/core/test_mutant_killers.py;tests/core/test_parallel_pipeline.py;tests/core/test_pipeline.py;tests/core/test_piper_backend.py;tests/core/test_say_backend.py;tests/core/test_srt_parser.py;tests/personal_capture/test_operations.py;tests/support/assertions.py;tests/support/builders.py;tests/transcription/test_diarization_integration.py;tests/transcription/test_models.py;tests/translation/test_resumable.py;tests/web/test_app.py;tests/web/test_result.py,,,,,YES,TEST
tests/core/test_espeak_backend.py,test_espeak_real_backend_produces_wav_when_installed,function,22,30,pytest.mark.skipif,,EspeakTTSBackend;SRTEntry;Segment;_segment;backend.synthesize;io.BytesIO;pytest.mark.skipif;pytest.raises;shutil.which;wav.getnchannels;wav.getnframes;wav.getsampwidth;wave.open,__future__;dubbing.backends.espeak;dubbing.models;io;pytest;shutil;wave,UNRESOLVED_STATICALLY,tests/core/test_espeak_backend.py,,,,,NO_OR_UNKNOWN,TEST
tests/core/test_espeak_backend.py,test_unknown_language_does_not_silently_use_default_voice,function,34,37,pytest.mark.skipif,,EspeakTTSBackend;SRTEntry;Segment;_segment;backend.synthesize;io.BytesIO;pytest.mark.skipif;pytest.raises;shutil.which;wav.getnchannels;wav.getnframes;wav.getsampwidth;wave.open,__future__;dubbing.backends.espeak;dubbing.models;io;pytest;shutil;wave,UNRESOLVED_STATICALLY,tests/core/test_espeak_backend.py,,,,,NO_OR_UNKNOWN,TEST
tests/core/test_media.py,test_prefers_system_ffmpeg,function,8,10,,,_ImageIO;ffmpeg_executable;patch,__future__;dubbing.media;unittest.mock,UNRESOLVED_STATICALLY,tests/core/test_media.py,,,,,NO_OR_UNKNOWN,TEST
tests/core/test_media.py,test_uses_bundled_ffmpeg_when_system_binary_is_absent,function,13,23,,,_ImageIO;ffmpeg_executable;patch,__future__;dubbing.media;unittest.mock,UNRESOLVED_STATICALLY,tests/core/test_media.py,,,,,NO_OR_UNKNOWN,TEST
tests/core/test_media.py,test_uses_bundled_ffmpeg_when_system_binary_is_absent._ImageIO,class,14,17,,tests/core/test_media.py:_ImageIO,,__future__;dubbing.media;unittest.mock,STATICALLY_REFERENCED,tests/core/test_media.py,,,,,NO_OR_UNKNOWN,TEST
tests/core/test_media.py,test_uses_bundled_ffmpeg_when_system_binary_is_absent._ImageIO.get_ffmpeg_exe,method,16,17,staticmethod,dubbing/media.py:imageio_ffmpeg.get_ffmpeg_exe,,__future__;dubbing.media;unittest.mock,STATICALLY_REFERENCED,tests/core/test_media.py,,,,,NO_OR_UNKNOWN,TEST
tests/core/test_media.py,test_returns_none_when_no_decoder_is_available,function,26,31,,,_ImageIO;ffmpeg_executable;patch,__future__;dubbing.media;unittest.mock,UNRESOLVED_STATICALLY,tests/core/test_media.py,,,,,NO_OR_UNKNOWN,TEST
tests/core/test_mutant_killers.py,TestAlignerWindowBoundaries,class,46,84,,,,__future__;array;dubbing.aligner;dubbing.assembler;dubbing.models;dubbing.prosody;dubbing.srt_parser;io;pytest;tests.support.assertions;tests.support.builders;wave,UNRESOLVED_STATICALLY,tests/core/test_mutant_killers.py,,,,,NO_OR_UNKNOWN,TEST
tests/core/test_mutant_killers.py,TestAlignerWindowBoundaries.test_window_one_is_not_degenerate_exact_fit,method,49,55,,,,__future__;array;dubbing.aligner;dubbing.assembler;dubbing.models;dubbing.prosody;dubbing.srt_parser;io;pytest;tests.support.assertions;tests.support.builders;wave,UNRESOLVED_STATICALLY,tests/core/test_mutant_killers.py,,,,,NO_OR_UNKNOWN,TEST
tests/core/test_mutant_killers.py,TestAlignerWindowBoundaries.test_window_one_overlong_tts_compresses,method,57,62,,,,__future__;array;dubbing.aligner;dubbing.assembler;dubbing.models;dubbing.prosody;dubbing.srt_parser;io;pytest;tests.support.assertions;tests.support.builders;wave,UNRESOLVED_STATICALLY,tests/core/test_mutant_killers.py,,,,,NO_OR_UNKNOWN,TEST
tests/core/test_mutant_killers.py,TestAlignerWindowBoundaries.test_negative_window_stretch_ratio_is_one,method,64,68,,,,__future__;array;dubbing.aligner;dubbing.assembler;dubbing.models;dubbing.prosody;dubbing.srt_parser;io;pytest;tests.support.assertions;tests.support.builders;wave,UNRESOLVED_STATICALLY,tests/core/test_mutant_killers.py,,,,,NO_OR_UNKNOWN,TEST
tests/core/test_mutant_killers.py,TestAlignerWindowBoundaries.test_tts_ms_one_below_window_gives_natural_speed,method,70,75,,,,__future__;array;dubbing.aligner;dubbing.assembler;dubbing.models;dubbing.prosody;dubbing.srt_parser;io;pytest;tests.support.assertions;tests.support.builders;wave,UNRESOLVED_STATICALLY,tests/core/test_mutant_killers.py,,,,,NO_OR_UNKNOWN,TEST
tests/core/test_mutant_killers.py,TestAlignerWindowBoundaries.test_tts_ms_one_above_window_triggers_compression,method,77,84,,,,__future__;array;dubbing.aligner;dubbing.assembler;dubbing.models;dubbing.prosody;dubbing.srt_parser;io;pytest;tests.support.assertions;tests.support.builders;wave,UNRESOLVED_STATICALLY,tests/core/test_mutant_killers.py,,,,,NO_OR_UNKNOWN,TEST
tests/core/test_mutant_killers.py,TestSrtParserLineBoundaries,class,87,116,,,,__future__;array;dubbing.aligner;dubbing.assembler;dubbing.models;dubbing.prosody;dubbing.srt_parser;io;pytest;tests.support.assertions;tests.support.builders;wave,UNRESOLVED_STATICALLY,tests/core/test_mutant_killers.py,,,,,NO_OR_UNKNOWN,TEST
tests/core/test_mutant_killers.py,TestSrtParserLineBoundaries.test_two_line_block_is_skipped,method,90,93,,,,__future__;array;dubbing.aligner;dubbing.assembler;dubbing.models;dubbing.prosody;dubbing.srt_parser;io;pytest;tests.support.assertions;tests.support.builders;wave,UNRESOLVED_STATICALLY,tests/core/test_mutant_killers.py,,,,,NO_OR_UNKNOWN,TEST
tests/core/test_mutant_killers.py,TestSrtParserLineBoundaries.test_three_line_block_is_parsed,method,95,100,,,,__future__;array;dubbing.aligner;dubbing.assembler;dubbing.models;dubbing.prosody;dubbing.srt_parser;io;pytest;tests.support.assertions;tests.support.builders;wave,UNRESOLVED_STATICALLY,tests/core/test_mutant_killers.py,,,,,NO_OR_UNKNOWN,TEST
tests/core/test_mutant_killers.py,TestSrtParserLineBoundaries.test_four_line_block_includes_both_text_lines,method,102,106,,,,__future__;array;dubbing.aligner;dubbing.assembler;dubbing.models;dubbing.prosody;dubbing.srt_parser;io;pytest;tests.support.assertions;tests.support.builders;wave,UNRESOLVED_STATICALLY,tests/core/test_mutant_killers.py,,,,,NO_OR_UNKNOWN,TEST
tests/core/test_mutant_killers.py,TestSrtParserLineBoundaries.test_two_line_block_does_not_corrupt_later_valid_block,method,108,116,,,,__future__;array;dubbing.aligner;dubbing.assembler;dubbing.models;dubbing.prosody;dubbing.srt_parser;io;pytest;tests.support.assertions;tests.support.builders;wave,UNRESOLVED_STATICALLY,tests/core/test_mutant_killers.py,,,,,NO_OR_UNKNOWN,TEST
tests/core/test_mutant_killers.py,TestMsToFramesBoundaries,class,119,142,,,,__future__;array;dubbing.aligner;dubbing.assembler;dubbing.models;dubbing.prosody;dubbing.srt_parser;io;pytest;tests.support.assertions;tests.support.builders;wave,UNRESOLVED_STATICALLY,tests/core/test_mutant_killers.py,,,,,NO_OR_UNKNOWN,TEST
tests/core/test_mutant_killers.py,TestMsToFramesBoundaries.test_zero_ms_gives_zero_frames,method,122,123,,,,__future__;array;dubbing.aligner;dubbing.assembler;dubbing.models;dubbing.prosody;dubbing.srt_parser;io;pytest;tests.support.assertions;tests.support.builders;wave,UNRESOLVED_STATICALLY,tests/core/test_mutant_killers.py,,,,,NO_OR_UNKNOWN,TEST
tests/core/test_mutant_killers.py,TestMsToFramesBoundaries.test_one_second_gives_exact_sample_rate,method,125,126,,,,__future__;array;dubbing.aligner;dubbing.assembler;dubbing.models;dubbing.prosody;dubbing.srt_parser;io;pytest;tests.support.assertions;tests.support.builders;wave,UNRESOLVED_STATICALLY,tests/core/test_mutant_killers.py,,,,,NO_OR_UNKNOWN,TEST
tests/core/test_mutant_killers.py,TestMsToFramesBoundaries.test_half_second_at_44100hz,method,128,129,,,,__future__;array;dubbing.aligner;dubbing.assembler;dubbing.models;dubbing.prosody;dubbing.srt_parser;io;pytest;tests.support.assertions;tests.support.builders;wave,UNRESOLVED_STATICALLY,tests/core/test_mutant_killers.py,,,,,NO_OR_UNKNOWN,TEST
tests/core/test_mutant_killers.py,TestMsToFramesBoundaries.test_divisor_is_1000_not_100,method,131,133,,,,__future__;array;dubbing.aligner;dubbing.assembler;dubbing.models;dubbing.prosody;dubbing.srt_parser;io;pytest;tests.support.assertions;tests.support.builders;wave,UNRESOLVED_STATICALLY,tests/core/test_mutant_killers.py,,,,,NO_OR_UNKNOWN,TEST
tests/core/test_mutant_killers.py,TestMsToFramesBoundaries.test_higher_rate_gives_more_frames,method,135,137,,,,__future__;array;dubbing.aligner;dubbing.assembler;dubbing.models;dubbing.prosody;dubbing.srt_parser;io;pytest;tests.support.assertions;tests.support.builders;wave,UNRESOLVED_STATICALLY,tests/core/test_mutant_killers.py,,,,,NO_OR_UNKNOWN,TEST
tests/core/test_mutant_killers.py,TestMsToFramesBoundaries.test_rounding_matches_python_round,method,139,142,,,,__future__;array;dubbing.aligner;dubbing.assembler;dubbing.models;dubbing.prosody;dubbing.srt_parser;io;pytest;tests.support.assertions;tests.support.builders;wave,UNRESOLVED_STATICALLY,tests/core/test_mutant_killers.py,,,,,NO_OR_UNKNOWN,TEST
tests/core/test_mutant_killers.py,TestFitNegatedConditions,class,151,172,,,,__future__;array;dubbing.aligner;dubbing.assembler;dubbing.models;dubbing.prosody;dubbing.srt_parser;io;pytest;tests.support.assertions;tests.support.builders;wave,UNRESOLVED_STATICALLY,tests/core/test_mutant_killers.py,,,,,NO_OR_UNKNOWN,TEST
tests/core/test_mutant_killers.py,TestFitNegatedConditions.test_target_zero_returns_empty,method,154,157,,,,__future__;array;dubbing.aligner;dubbing.assembler;dubbing.models;dubbing.prosody;dubbing.srt_parser;io;pytest;tests.support.assertions;tests.support.builders;wave,UNRESOLVED_STATICALLY,tests/core/test_mutant_killers.py,,,,,NO_OR_UNKNOWN,TEST
tests/core/test_mutant_killers.py,TestFitNegatedConditions.test_target_negative_returns_empty,method,159,161,,,,__future__;array;dubbing.aligner;dubbing.assembler;dubbing.models;dubbing.prosody;dubbing.srt_parser;io;pytest;tests.support.assertions;tests.support.builders;wave,UNRESOLVED_STATICALLY,tests/core/test_mutant_killers.py,,,,,NO_OR_UNKNOWN,TEST
tests/core/test_mutant_killers.py,TestFitNegatedConditions.test_empty_source_with_positive_target_returns_empty,method,163,166,,,,__future__;array;dubbing.aligner;dubbing.assembler;dubbing.models;dubbing.prosody;dubbing.srt_parser;io;pytest;tests.support.assertions;tests.support.builders;wave,UNRESOLVED_STATICALLY,tests/core/test_mutant_killers.py,,,,,NO_OR_UNKNOWN,TEST
tests/core/test_mutant_killers.py,TestFitNegatedConditions.test_identity_when_lengths_equal,method,168,172,,,,__future__;array;dubbing.aligner;dubbing.assembler;dubbing.models;dubbing.prosody;dubbing.srt_parser;io;pytest;tests.support.assertions;tests.support.builders;wave,UNRESOLVED_STATICALLY,tests/core/test_mutant_killers.py,,,,,NO_OR_UNKNOWN,TEST
tests/core/test_mutant_killers.py,TestSilenceNegatedConditions,class,175,195,,,,__future__;array;dubbing.aligner;dubbing.assembler;dubbing.models;dubbing.prosody;dubbing.srt_parser;io;pytest;tests.support.assertions;tests.support.builders;wave,UNRESOLVED_STATICALLY,tests/core/test_mutant_killers.py,,,,,NO_OR_UNKNOWN,TEST
tests/core/test_mutant_killers.py,TestSilenceNegatedConditions.test_zero_frames_produces_empty_array,method,178,180,,,,__future__;array;dubbing.aligner;dubbing.assembler;dubbing.models;dubbing.prosody;dubbing.srt_parser;io;pytest;tests.support.assertions;tests.support.builders;wave,UNRESOLVED_STATICALLY,tests/core/test_mutant_killers.py,,,,,NO_OR_UNKNOWN,TEST
tests/core/test_mutant_killers.py,TestSilenceNegatedConditions.test_negative_frames_produces_empty_array,method,182,183,,,,__future__;array;dubbing.aligner;dubbing.assembler;dubbing.models;dubbing.prosody;dubbing.srt_parser;io;pytest;tests.support.assertions;tests.support.builders;wave,UNRESOLVED_STATICALLY,tests/core/test_mutant_killers.py,,,,,NO_OR_UNKNOWN,TEST
tests/core/test_mutant_killers.py,TestSilenceNegatedConditions.test_large_negative_produces_empty,method,185,186,,,,__future__;array;dubbing.aligner;dubbing.assembler;dubbing.models;dubbing.prosody;dubbing.srt_parser;io;pytest;tests.support.assertions;tests.support.builders;wave,UNRESOLVED_STATICALLY,tests/core/test_mutant_killers.py,,,,,NO_OR_UNKNOWN,TEST
tests/core/test_mutant_killers.py,TestSilenceNegatedConditions.test_positive_frames_produces_exact_count,method,188,191,,,,__future__;array;dubbing.aligner;dubbing.assembler;dubbing.models;dubbing.prosody;dubbing.srt_parser;io;pytest;tests.support.assertions;tests.support.builders;wave,UNRESOLVED_STATICALLY,tests/core/test_mutant_killers.py,,,,,NO_OR_UNKNOWN,TEST
tests/core/test_mutant_killers.py,TestSilenceNegatedConditions.test_silence_samples_are_zero,method,193,195,,,,__future__;array;dubbing.aligner;dubbing.assembler;dubbing.models;dubbing.prosody;dubbing.srt_parser;io;pytest;tests.support.assertions;tests.support.builders;wave,UNRESOLVED_STATICALLY,tests/core/test_mutant_killers.py,,,,,NO_OR_UNKNOWN,TEST
tests/core/test_mutant_killers.py,TestAssemblerWindowCondition,class,198,225,,,,__future__;array;dubbing.aligner;dubbing.assembler;dubbing.models;dubbing.prosody;dubbing.srt_parser;io;pytest;tests.support.assertions;tests.support.builders;wave,UNRESOLVED_STATICALLY,tests/core/test_mutant_killers.py,,,,,NO_OR_UNKNOWN,TEST
tests/core/test_mutant_killers.py,TestAssemblerWindowCondition.test_zero_window_appends_natural_duration_not_nothing,method,201,207,,,,__future__;array;dubbing.aligner;dubbing.assembler;dubbing.models;dubbing.prosody;dubbing.srt_parser;io;pytest;tests.support.assertions;tests.support.builders;wave,UNRESOLVED_STATICALLY,tests/core/test_mutant_killers.py,,,,,NO_OR_UNKNOWN,TEST
tests/core/test_mutant_killers.py,TestAssemblerWindowCondition.test_one_ms_window_takes_normal_path,method,209,216,,,,__future__;array;dubbing.aligner;dubbing.assembler;dubbing.models;dubbing.prosody;dubbing.srt_parser;io;pytest;tests.support.assertions;tests.support.builders;wave,UNRESOLVED_STATICALLY,tests/core/test_mutant_killers.py,,,,,NO_OR_UNKNOWN,TEST
tests/core/test_mutant_killers.py,TestAssemblerWindowCondition.test_nonzero_window_pads_short_audio_to_window_end,method,218,225,,,,__future__;array;dubbing.aligner;dubbing.assembler;dubbing.models;dubbing.prosody;dubbing.srt_parser;io;pytest;tests.support.assertions;tests.support.builders;wave,UNRESOLVED_STATICALLY,tests/core/test_mutant_killers.py,,,,,NO_OR_UNKNOWN,TEST
tests/core/test_mutant_killers.py,TestFitEndpointPreservation,class,234,274,,,,__future__;array;dubbing.aligner;dubbing.assembler;dubbing.models;dubbing.prosody;dubbing.srt_parser;io;pytest;tests.support.assertions;tests.support.builders;wave,UNRESOLVED_STATICALLY,tests/core/test_mutant_killers.py,,,,,NO_OR_UNKNOWN,TEST
tests/core/test_mutant_killers.py,TestFitEndpointPreservation.test_upsampled_first_sample_preserved,method,237,240,,,,__future__;array;dubbing.aligner;dubbing.assembler;dubbing.models;dubbing.prosody;dubbing.srt_parser;io;pytest;tests.support.assertions;tests.support.builders;wave,UNRESOLVED_STATICALLY,tests/core/test_mutant_killers.py,,,,,NO_OR_UNKNOWN,TEST
tests/core/test_mutant_killers.py,TestFitEndpointPreservation.test_upsampled_last_sample_preserved,method,242,246,,,,__future__;array;dubbing.aligner;dubbing.assembler;dubbing.models;dubbing.prosody;dubbing.srt_parser;io;pytest;tests.support.assertions;tests.support.builders;wave,UNRESOLVED_STATICALLY,tests/core/test_mutant_killers.py,,,,,NO_OR_UNKNOWN,TEST
tests/core/test_mutant_killers.py,TestFitEndpointPreservation.test_downsampled_first_sample_preserved,method,248,250,,,,__future__;array;dubbing.aligner;dubbing.assembler;dubbing.models;dubbing.prosody;dubbing.srt_parser;io;pytest;tests.support.assertions;tests.support.builders;wave,UNRESOLVED_STATICALLY,tests/core/test_mutant_killers.py,,,,,NO_OR_UNKNOWN,TEST
tests/core/test_mutant_killers.py,TestFitEndpointPreservation.test_downsampled_last_sample_preserved,method,252,255,,,,__future__;array;dubbing.aligner;dubbing.assembler;dubbing.models;dubbing.prosody;dubbing.srt_parser;io;pytest;tests.support.assertions;tests.support.builders;wave,UNRESOLVED_STATICALLY,tests/core/test_mutant_killers.py,,,,,NO_OR_UNKNOWN,TEST
tests/core/test_mutant_killers.py,TestFitEndpointPreservation.test_output_length_is_exactly_target,method,257,262,,,,__future__;array;dubbing.aligner;dubbing.assembler;dubbing.models;dubbing.prosody;dubbing.srt_parser;io;pytest;tests.support.assertions;tests.support.builders;wave,UNRESOLVED_STATICALLY,tests/core/test_mutant_killers.py,,,,,NO_OR_UNKNOWN,TEST
tests/core/test_mutant_killers.py,TestFitEndpointPreservation.test_single_source_sample_broadcast,method,264,269,,,,__future__;array;dubbing.aligner;dubbing.assembler;dubbing.models;dubbing.prosody;dubbing.srt_parser;io;pytest;tests.support.assertions;tests.support.builders;wave,UNRESOLVED_STATICALLY,tests/core/test_mutant_killers.py,,,,,NO_OR_UNKNOWN,TEST
tests/core/test_mutant_killers.py,TestFitEndpointPreservation.test_single_target_preserves_first_sample,method,271,274,,,,__future__;array;dubbing.aligner;dubbing.assembler;dubbing.models;dubbing.prosody;dubbing.srt_parser;io;pytest;tests.support.assertions;tests.support.builders;wave,UNRESOLVED_STATICALLY,tests/core/test_mutant_killers.py,,,,,NO_OR_UNKNOWN,TEST
tests/core/test_mutant_killers.py,TestResampleDirection,class,277,303,,,,__future__;array;dubbing.aligner;dubbing.assembler;dubbing.models;dubbing.prosody;dubbing.srt_parser;io;pytest;tests.support.assertions;tests.support.builders;wave,UNRESOLVED_STATICALLY,tests/core/test_mutant_killers.py,,,,,NO_OR_UNKNOWN,TEST
tests/core/test_mutant_killers.py,TestResampleDirection.test_same_rate_returns_identical_object,method,280,284,,,,__future__;array;dubbing.aligner;dubbing.assembler;dubbing.models;dubbing.prosody;dubbing.srt_parser;io;pytest;tests.support.assertions;tests.support.builders;wave,UNRESOLVED_STATICALLY,tests/core/test_mutant_killers.py,,,,,NO_OR_UNKNOWN,TEST
tests/core/test_mutant_killers.py,TestResampleDirection.test_double_rate_doubles_frame_count,method,286,290,,,,__future__;array;dubbing.aligner;dubbing.assembler;dubbing.models;dubbing.prosody;dubbing.srt_parser;io;pytest;tests.support.assertions;tests.support.builders;wave,UNRESOLVED_STATICALLY,tests/core/test_mutant_killers.py,,,,,NO_OR_UNKNOWN,TEST
tests/core/test_mutant_killers.py,TestResampleDirection.test_half_rate_halves_frame_count,method,292,296,,,,__future__;array;dubbing.aligner;dubbing.assembler;dubbing.models;dubbing.prosody;dubbing.srt_parser;io;pytest;tests.support.assertions;tests.support.builders;wave,UNRESOLVED_STATICALLY,tests/core/test_mutant_killers.py,,,,,NO_OR_UNKNOWN,TEST
tests/core/test_mutant_killers.py,TestResampleDirection.test_rate_conversion_not_inverted,method,298,303,,,,__future__;array;dubbing.aligner;dubbing.assembler;dubbing.models;dubbing.prosody;dubbing.srt_parser;io;pytest;tests.support.assertions;tests.support.builders;wave,UNRESOLVED_STATICALLY,tests/core/test_mutant_killers.py,,,,,NO_OR_UNKNOWN,TEST
tests/core/test_mutant_killers.py,TestDecodeWavReturnValues,class,306,347,,,,__future__;array;dubbing.aligner;dubbing.assembler;dubbing.models;dubbing.prosody;dubbing.srt_parser;io;pytest;tests.support.assertions;tests.support.builders;wave,UNRESOLVED_STATICALLY,tests/core/test_mutant_killers.py,,,,,NO_OR_UNKNOWN,TEST
tests/core/test_mutant_killers.py,TestDecodeWavReturnValues.test_returns_actual_framerate_22050,method,309,312,,,,__future__;array;dubbing.aligner;dubbing.assembler;dubbing.models;dubbing.prosody;dubbing.srt_parser;io;pytest;tests.support.assertions;tests.support.builders;wave,UNRESOLVED_STATICALLY,tests/core/test_mutant_killers.py,,,,,NO_OR_UNKNOWN,TEST
tests/core/test_mutant_killers.py,TestDecodeWavReturnValues.test_returns_actual_framerate_44100,method,314,318,,,,__future__;array;dubbing.aligner;dubbing.assembler;dubbing.models;dubbing.prosody;dubbing.srt_parser;io;pytest;tests.support.assertions;tests.support.builders;wave,UNRESOLVED_STATICALLY,tests/core/test_mutant_killers.py,,,,,NO_OR_UNKNOWN,TEST
tests/core/test_mutant_killers.py,TestDecodeWavReturnValues.test_rate_44100_different_from_22050,method,320,324,,,,__future__;array;dubbing.aligner;dubbing.assembler;dubbing.models;dubbing.prosody;dubbing.srt_parser;io;pytest;tests.support.assertions;tests.support.builders;wave,UNRESOLVED_STATICALLY,tests/core/test_mutant_killers.py,,,,,NO_OR_UNKNOWN,TEST
tests/core/test_mutant_killers.py,TestDecodeWavReturnValues.test_sample_count_matches_wav_frames,method,326,332,,,,__future__;array;dubbing.aligner;dubbing.assembler;dubbing.models;dubbing.prosody;dubbing.srt_parser;io;pytest;tests.support.assertions;tests.support.builders;wave,UNRESOLVED_STATICALLY,tests/core/test_mutant_killers.py,,,,,NO_OR_UNKNOWN,TEST
tests/core/test_mutant_killers.py,TestDecodeWavReturnValues.test_raises_on_garbage_bytes,method,334,336,,,,__future__;array;dubbing.aligner;dubbing.assembler;dubbing.models;dubbing.prosody;dubbing.srt_parser;io;pytest;tests.support.assertions;tests.support.builders;wave,UNRESOLVED_STATICALLY,tests/core/test_mutant_killers.py,,,,,NO_OR_UNKNOWN,TEST
tests/core/test_mutant_killers.py,TestDecodeWavReturnValues.test_raises_on_8bit_wav,method,338,347,,,,__future__;array;dubbing.aligner;dubbing.assembler;dubbing.models;dubbing.prosody;dubbing.srt_parser;io;pytest;tests.support.assertions;tests.support.builders;wave,UNRESOLVED_STATICALLY,tests/core/test_mutant_killers.py,,,,,NO_OR_UNKNOWN,TEST
tests/core/test_mutant_killers.py,TestSrtParserFieldIndexing,class,350,389,,,,__future__;array;dubbing.aligner;dubbing.assembler;dubbing.models;dubbing.prosody;dubbing.srt_parser;io;pytest;tests.support.assertions;tests.support.builders;wave,UNRESOLVED_STATICALLY,tests/core/test_mutant_killers.py,,,,,NO_OR_UNKNOWN,TEST
tests/core/test_mutant_killers.py,TestSrtParserFieldIndexing.test_index_extracted_from_first_line,method,353,357,,,,__future__;array;dubbing.aligner;dubbing.assembler;dubbing.models;dubbing.prosody;dubbing.srt_parser;io;pytest;tests.support.assertions;tests.support.builders;wave,UNRESOLVED_STATICALLY,tests/core/test_mutant_killers.py,,,,,NO_OR_UNKNOWN,TEST
tests/core/test_mutant_killers.py,TestSrtParserFieldIndexing.test_start_ms_from_timecode_left_side,method,359,363,,,,__future__;array;dubbing.aligner;dubbing.assembler;dubbing.models;dubbing.prosody;dubbing.srt_parser;io;pytest;tests.support.assertions;tests.support.builders;wave,UNRESOLVED_STATICALLY,tests/core/test_mutant_killers.py,,,,,NO_OR_UNKNOWN,TEST
tests/core/test_mutant_killers.py,TestSrtParserFieldIndexing.test_end_ms_from_timecode_right_side,method,365,369,,,,__future__;array;dubbing.aligner;dubbing.assembler;dubbing.models;dubbing.prosody;dubbing.srt_parser;io;pytest;tests.support.assertions;tests.support.builders;wave,UNRESOLVED_STATICALLY,tests/core/test_mutant_killers.py,,,,,NO_OR_UNKNOWN,TEST
tests/core/test_mutant_killers.py,TestSrtParserFieldIndexing.test_start_and_end_ms_not_swapped,method,371,377,,,,__future__;array;dubbing.aligner;dubbing.assembler;dubbing.models;dubbing.prosody;dubbing.srt_parser;io;pytest;tests.support.assertions;tests.support.builders;wave,UNRESOLVED_STATICALLY,tests/core/test_mutant_killers.py,,,,,NO_OR_UNKNOWN,TEST
tests/core/test_mutant_killers.py,TestSrtParserFieldIndexing.test_text_starts_at_line_two_not_line_one,method,379,384,,,,__future__;array;dubbing.aligner;dubbing.assembler;dubbing.models;dubbing.prosody;dubbing.srt_parser;io;pytest;tests.support.assertions;tests.support.builders;wave,UNRESOLVED_STATICALLY,tests/core/test_mutant_killers.py,,,,,NO_OR_UNKNOWN,TEST
tests/core/test_mutant_killers.py,TestSrtParserFieldIndexing.test_multiline_text_joined_from_line_two_onwards,method,386,389,,,,__future__;array;dubbing.aligner;dubbing.assembler;dubbing.models;dubbing.prosody;dubbing.srt_parser;io;pytest;tests.support.assertions;tests.support.builders;wave,UNRESOLVED_STATICALLY,tests/core/test_mutant_killers.py,,,,,NO_OR_UNKNOWN,TEST
tests/core/test_mutant_killers.py,TestSegmentPlanReturnValues,class,398,460,,,,__future__;array;dubbing.aligner;dubbing.assembler;dubbing.models;dubbing.prosody;dubbing.srt_parser;io;pytest;tests.support.assertions;tests.support.builders;wave,UNRESOLVED_STATICALLY,tests/core/test_mutant_killers.py,,,,,NO_OR_UNKNOWN,TEST
tests/core/test_mutant_killers.py,TestSegmentPlanReturnValues.test_all_four_keys_present,method,401,405,,,,__future__;array;dubbing.aligner;dubbing.assembler;dubbing.models;dubbing.prosody;dubbing.srt_parser;io;pytest;tests.support.assertions;tests.support.builders;wave,UNRESOLVED_STATICALLY,tests/core/test_mutant_killers.py,,,,,NO_OR_UNKNOWN,TEST
tests/core/test_mutant_killers.py,TestSegmentPlanReturnValues.test_start_ms_value_correct,method,407,410,,,,__future__;array;dubbing.aligner;dubbing.assembler;dubbing.models;dubbing.prosody;dubbing.srt_parser;io;pytest;tests.support.assertions;tests.support.builders;wave,UNRESOLVED_STATICALLY,tests/core/test_mutant_killers.py,,,,,NO_OR_UNKNOWN,TEST
tests/core/test_mutant_killers.py,TestSegmentPlanReturnValues.test_end_ms_value_correct,method,412,415,,,,__future__;array;dubbing.aligner;dubbing.assembler;dubbing.models;dubbing.prosody;dubbing.srt_parser;io;pytest;tests.support.assertions;tests.support.builders;wave,UNRESOLVED_STATICALLY,tests/core/test_mutant_killers.py,,,,,NO_OR_UNKNOWN,TEST
tests/core/test_mutant_killers.py,TestSegmentPlanReturnValues.test_start_and_end_not_swapped,method,417,423,,,,__future__;array;dubbing.aligner;dubbing.assembler;dubbing.models;dubbing.prosody;dubbing.srt_parser;io;pytest;tests.support.assertions;tests.support.builders;wave,UNRESOLVED_STATICALLY,tests/core/test_mutant_killers.py,,,,,NO_OR_UNKNOWN,TEST
tests/core/test_mutant_killers.py,TestSegmentPlanReturnValues.test_stretch_ratio_reflects_actual_ratio_not_always_one,method,425,430,,,,__future__;array;dubbing.aligner;dubbing.assembler;dubbing.models;dubbing.prosody;dubbing.srt_parser;io;pytest;tests.support.assertions;tests.support.builders;wave,UNRESOLVED_STATICALLY,tests/core/test_mutant_killers.py,,,,,NO_OR_UNKNOWN,TEST
tests/core/test_mutant_killers.py,TestSegmentPlanReturnValues.test_stretch_ratio_one_is_also_preserved,method,432,435,,,,__future__;array;dubbing.aligner;dubbing.assembler;dubbing.models;dubbing.prosody;dubbing.srt_parser;io;pytest;tests.support.assertions;tests.support.builders;wave,UNRESOLVED_STATICALLY,tests/core/test_mutant_killers.py,,,,,NO_OR_UNKNOWN,TEST
tests/core/test_mutant_killers.py,TestSegmentPlanReturnValues.test_text_from_segment_entry_text,method,437,441,,,,__future__;array;dubbing.aligner;dubbing.assembler;dubbing.models;dubbing.prosody;dubbing.srt_parser;io;pytest;tests.support.assertions;tests.support.builders;wave,UNRESOLVED_STATICALLY,tests/core/test_mutant_killers.py,,,,,NO_OR_UNKNOWN,TEST
tests/core/test_mutant_killers.py,TestSegmentPlanReturnValues.test_order_preserved_across_multiple_segments,method,443,450,,,,__future__;array;dubbing.aligner;dubbing.assembler;dubbing.models;dubbing.prosody;dubbing.srt_parser;io;pytest;tests.support.assertions;tests.support.builders;wave,UNRESOLVED_STATICALLY,tests/core/test_mutant_killers.py,,,,,NO_OR_UNKNOWN,TEST
tests/core/test_mutant_killers.py,TestSegmentPlanReturnValues.test_empty_input_returns_empty_list,method,452,453,,,,__future__;array;dubbing.aligner;dubbing.assembler;dubbing.models;dubbing.prosody;dubbing.srt_parser;io;pytest;tests.support.assertions;tests.support.builders;wave,UNRESOLVED_STATICALLY,tests/core/test_mutant_killers.py,,,,,NO_OR_UNKNOWN,TEST
tests/core/test_mutant_killers.py,TestSegmentPlanReturnValues.test_returns_list_of_dicts,method,455,460,,,,__future__;array;dubbing.aligner;dubbing.assembler;dubbing.models;dubbing.prosody;dubbing.srt_parser;io;pytest;tests.support.assertions;tests.support.builders;wave,UNRESOLVED_STATICALLY,tests/core/test_mutant_killers.py,,,,,NO_OR_UNKNOWN,TEST
tests/core/test_mutant_killers.py,TestParseProsodyReturnValues,class,463,499,,,,__future__;array;dubbing.aligner;dubbing.assembler;dubbing.models;dubbing.prosody;dubbing.srt_parser;io;pytest;tests.support.assertions;tests.support.builders;wave,UNRESOLVED_STATICALLY,tests/core/test_mutant_killers.py,,,,,NO_OR_UNKNOWN,TEST
tests/core/test_mutant_killers.py,TestParseProsodyReturnValues.test_clean_text_is_not_original_when_tag_present,method,466,471,,,,__future__;array;dubbing.aligner;dubbing.assembler;dubbing.models;dubbing.prosody;dubbing.srt_parser;io;pytest;tests.support.assertions;tests.support.builders;wave,UNRESOLVED_STATICALLY,tests/core/test_mutant_killers.py,,,,,NO_OR_UNKNOWN,TEST
tests/core/test_mutant_killers.py,TestParseProsodyReturnValues.test_name_is_left_of_colon_not_right,method,473,477,,,,__future__;array;dubbing.aligner;dubbing.assembler;dubbing.models;dubbing.prosody;dubbing.srt_parser;io;pytest;tests.support.assertions;tests.support.builders;wave,UNRESOLVED_STATICALLY,tests/core/test_mutant_killers.py,,,,,NO_OR_UNKNOWN,TEST
tests/core/test_mutant_killers.py,TestParseProsodyReturnValues.test_value_is_right_of_colon_not_left,method,479,482,,,,__future__;array;dubbing.aligner;dubbing.assembler;dubbing.models;dubbing.prosody;dubbing.srt_parser;io;pytest;tests.support.assertions;tests.support.builders;wave,UNRESOLVED_STATICALLY,tests/core/test_mutant_killers.py,,,,,NO_OR_UNKNOWN,TEST
tests/core/test_mutant_killers.py,TestParseProsodyReturnValues.test_multiple_tags_all_stripped_from_clean,method,484,489,,,,__future__;array;dubbing.aligner;dubbing.assembler;dubbing.models;dubbing.prosody;dubbing.srt_parser;io;pytest;tests.support.assertions;tests.support.builders;wave,UNRESOLVED_STATICALLY,tests/core/test_mutant_killers.py,,,,,NO_OR_UNKNOWN,TEST
tests/core/test_mutant_killers.py,TestParseProsodyReturnValues.test_tags_list_not_empty_when_tags_present,method,491,494,,,,__future__;array;dubbing.aligner;dubbing.assembler;dubbing.models;dubbing.prosody;dubbing.srt_parser;io;pytest;tests.support.assertions;tests.support.builders;wave,UNRESOLVED_STATICALLY,tests/core/test_mutant_killers.py,,,,,NO_OR_UNKNOWN,TEST
tests/core/test_mutant_killers.py,TestParseProsodyReturnValues.test_no_tags_returns_empty_list_not_none,method,496,499,,,,__future__;array;dubbing.aligner;dubbing.assembler;dubbing.models;dubbing.prosody;dubbing.srt_parser;io;pytest;tests.support.assertions;tests.support.builders;wave,UNRESOLVED_STATICALLY,tests/core/test_mutant_killers.py,,,,,NO_OR_UNKNOWN,TEST
tests/core/test_mutant_killers.py,TestAlignerReturnValues,class,502,546,,,,__future__;array;dubbing.aligner;dubbing.assembler;dubbing.models;dubbing.prosody;dubbing.srt_parser;io;pytest;tests.support.assertions;tests.support.builders;wave,UNRESOLVED_STATICALLY,tests/core/test_mutant_killers.py,,,,,NO_OR_UNKNOWN,TEST
tests/core/test_mutant_killers.py,TestAlignerReturnValues.test_stretch_ratio_for_overlong_is_window_over_tts_not_inverted,method,505,511,,,,__future__;array;dubbing.aligner;dubbing.assembler;dubbing.models;dubbing.prosody;dubbing.srt_parser;io;pytest;tests.support.assertions;tests.support.builders;wave,UNRESOLVED_STATICALLY,tests/core/test_mutant_killers.py,,,,,NO_OR_UNKNOWN,TEST
tests/core/test_mutant_killers.py,TestAlignerReturnValues.test_end_ms_equals_srt_end_for_overlong_tts,method,513,517,,,,__future__;array;dubbing.aligner;dubbing.assembler;dubbing.models;dubbing.prosody;dubbing.srt_parser;io;pytest;tests.support.assertions;tests.support.builders;wave,UNRESOLVED_STATICALLY,tests/core/test_mutant_killers.py,,,,,NO_OR_UNKNOWN,TEST
tests/core/test_mutant_killers.py,TestAlignerReturnValues.test_start_ms_unchanged_from_srt_entry,method,519,522,,,,__future__;array;dubbing.aligner;dubbing.assembler;dubbing.models;dubbing.prosody;dubbing.srt_parser;io;pytest;tests.support.assertions;tests.support.builders;wave,UNRESOLVED_STATICALLY,tests/core/test_mutant_killers.py,,,,,NO_OR_UNKNOWN,TEST
tests/core/test_mutant_killers.py,TestAlignerReturnValues.test_segment_reference_is_the_same_object,method,524,528,,,,__future__;array;dubbing.aligner;dubbing.assembler;dubbing.models;dubbing.prosody;dubbing.srt_parser;io;pytest;tests.support.assertions;tests.support.builders;wave,UNRESOLVED_STATICALLY,tests/core/test_mutant_killers.py,,,,,NO_OR_UNKNOWN,TEST
tests/core/test_mutant_killers.py,TestAlignerReturnValues.test_degenerate_window_has_ratio_one_not_zero,method,530,534,,,,__future__;array;dubbing.aligner;dubbing.assembler;dubbing.models;dubbing.prosody;dubbing.srt_parser;io;pytest;tests.support.assertions;tests.support.builders;wave,UNRESOLVED_STATICALLY,tests/core/test_mutant_killers.py,,,,,NO_OR_UNKNOWN,TEST
tests/core/test_mutant_killers.py,TestAlignerReturnValues.test_zero_tts_duration_has_ratio_one_not_zero,method,536,540,,,,__future__;array;dubbing.aligner;dubbing.assembler;dubbing.models;dubbing.prosody;dubbing.srt_parser;io;pytest;tests.support.assertions;tests.support.builders;wave,UNRESOLVED_STATICALLY,tests/core/test_mutant_killers.py,,,,,NO_OR_UNKNOWN,TEST
tests/core/test_mutant_killers.py,TestAlignerReturnValues.test_error_message_includes_both_lengths,method,542,546,,,,__future__;array;dubbing.aligner;dubbing.assembler;dubbing.models;dubbing.prosody;dubbing.srt_parser;io;pytest;tests.support.assertions;tests.support.builders;wave,UNRESOLVED_STATICALLY,tests/core/test_mutant_killers.py,,,,,NO_OR_UNKNOWN,TEST
tests/core/test_mutant_killers.py,TestAssemblerOutputCorrectness,class,549,602,,,,__future__;array;dubbing.aligner;dubbing.assembler;dubbing.models;dubbing.prosody;dubbing.srt_parser;io;pytest;tests.support.assertions;tests.support.builders;wave,UNRESOLVED_STATICALLY,tests/core/test_mutant_killers.py,,,,,NO_OR_UNKNOWN,TEST
tests/core/test_mutant_killers.py,TestAssemblerOutputCorrectness.test_output_sample_rate_is_default,method,552,558,,,,__future__;array;dubbing.aligner;dubbing.assembler;dubbing.models;dubbing.prosody;dubbing.srt_parser;io;pytest;tests.support.assertions;tests.support.builders;wave,UNRESOLVED_STATICALLY,tests/core/test_mutant_killers.py,,,,,NO_OR_UNKNOWN,TEST
tests/core/test_mutant_killers.py,TestAssemblerOutputCorrectness.test_overlong_compressed_audio_fills_window,method,560,568,,,,__future__;array;dubbing.aligner;dubbing.assembler;dubbing.models;dubbing.prosody;dubbing.srt_parser;io;pytest;tests.support.assertions;tests.support.builders;wave,UNRESOLVED_STATICALLY,tests/core/test_mutant_killers.py,,,,,NO_OR_UNKNOWN,TEST
tests/core/test_mutant_killers.py,TestAssemblerOutputCorrectness.test_short_audio_silence_in_tail,method,570,579,,,,__future__;array;dubbing.aligner;dubbing.assembler;dubbing.models;dubbing.prosody;dubbing.srt_parser;io;pytest;tests.support.assertions;tests.support.builders;wave,UNRESOLVED_STATICALLY,tests/core/test_mutant_killers.py,,,,,NO_OR_UNKNOWN,TEST
tests/core/test_mutant_killers.py,TestAssemblerOutputCorrectness.test_leading_gap_is_silence,method,581,588,,,,__future__;array;dubbing.aligner;dubbing.assembler;dubbing.models;dubbing.prosody;dubbing.srt_parser;io;pytest;tests.support.assertions;tests.support.builders;wave,UNRESOLVED_STATICALLY,tests/core/test_mutant_killers.py,,,,,NO_OR_UNKNOWN,TEST
tests/core/test_mutant_killers.py,TestAssemblerOutputCorrectness.test_raises_value_error_on_length_mismatch,method,590,595,,,,__future__;array;dubbing.aligner;dubbing.assembler;dubbing.models;dubbing.prosody;dubbing.srt_parser;io;pytest;tests.support.assertions;tests.support.builders;wave,UNRESOLVED_STATICALLY,tests/core/test_mutant_killers.py,,,,,NO_OR_UNKNOWN,TEST
tests/core/test_mutant_killers.py,TestAssemblerOutputCorrectness.test_raises_value_error_on_empty_audio_bytes,method,597,602,,,,__future__;array;dubbing.aligner;dubbing.assembler;dubbing.models;dubbing.prosody;dubbing.srt_parser;io;pytest;tests.support.assertions;tests.support.builders;wave,UNRESOLVED_STATICALLY,tests/core/test_mutant_killers.py,,,,,NO_OR_UNKNOWN,TEST
tests/core/test_parallel_pipeline.py,_minimal_wav,function,27,34,,tests/core/test_parallel_pipeline.py:_minimal_wav;tests/web/test_app.py:_minimal_wav;tests/web/test_result.py:_minimal_wav;tests/web/test_stream.py:_minimal_wav;tests/web/test_upload_limit.py:_minimal_wav,DubbingPipeline;RuntimeError;TTSResult;_FailingBackend;_InstantBackend;_ReverseCompletionBackend;_SleepingBackend;_minimal_wav;all;buf.getvalue;enumerate;int;io.BytesIO;isinstance;len;pipeline._synthesize_parallel;pipeline.run_full;pytest.raises;str;time.perf_counter;time.sleep;wave.open;wf.setframerate;wf.setnchannels;wf.setsampwidth;wf.writeframes;zip,__future__;dubbing.backends.base;dubbing.models;dubbing.pipeline;io;pytest;time;wave,STATICALLY_REFERENCED,tests/core/test_parallel_pipeline.py;tests/web/test_app.py;tests/web/test_result.py;tests/web/test_stream.py;tests/web/test_upload_limit.py,,,,,NO_OR_UNKNOWN,TEST
tests/core/test_parallel_pipeline.py,_SleepingBackend,class,106,113,,tests/core/test_parallel_pipeline.py:_SleepingBackend,,__future__;dubbing.backends.base;dubbing.models;dubbing.pipeline;io;pytest;time;wave,STATICALLY_REFERENCED,tests/core/test_parallel_pipeline.py,,,,,NO_OR_UNKNOWN,TEST
tests/core/test_parallel_pipeline.py,_SleepingBackend.synthesize,method,109,113,,tests/core/test_espeak_backend.py:backend.synthesize;tests/core/test_piper_backend.py:PiperTTSBackend.synthesize;tests/core/test_say_backend.py:SayTTSBackend.synthesize;tests/core/test_say_backend.py:backend.synthesize;tests/web/test_app.py:super.synthesize;tests/web/test_upload_limit.py:super.synthesize,,__future__;dubbing.backends.base;dubbing.models;dubbing.pipeline;io;pytest;time;wave,STATICALLY_REFERENCED,tests/core/test_adversarial_hardening.py;tests/core/test_batch.py;tests/core/test_espeak_backend.py;tests/core/test_parallel_pipeline.py;tests/core/test_pipeline.py;tests/core/test_piper_backend.py;tests/core/test_prosody_bounds.py;tests/core/test_say_backend.py;tests/diarization/test_pipeline.py;tests/web/test_app.py;tests/web/test_result.py;tests/web/test_stream.py;tests/web/test_upload_limit.py,,,,,YES,TEST
tests/core/test_parallel_pipeline.py,_ReverseCompletionBackend,class,116,128,,tests/core/test_parallel_pipeline.py:_ReverseCompletionBackend,,__future__;dubbing.backends.base;dubbing.models;dubbing.pipeline;io;pytest;time;wave,STATICALLY_REFERENCED,tests/core/test_parallel_pipeline.py,,,,,NO_OR_UNKNOWN,TEST
tests/core/test_parallel_pipeline.py,_ReverseCompletionBackend.synthesize,method,124,128,,tests/core/test_espeak_backend.py:backend.synthesize;tests/core/test_piper_backend.py:PiperTTSBackend.synthesize;tests/core/test_say_backend.py:SayTTSBackend.synthesize;tests/core/test_say_backend.py:backend.synthesize;tests/web/test_app.py:super.synthesize;tests/web/test_upload_limit.py:super.synthesize,,__future__;dubbing.backends.base;dubbing.models;dubbing.pipeline;io;pytest;time;wave,STATICALLY_REFERENCED,tests/core/test_adversarial_hardening.py;tests/core/test_batch.py;tests/core/test_espeak_backend.py;tests/core/test_parallel_pipeline.py;tests/core/test_pipeline.py;tests/core/test_piper_backend.py;tests/core/test_prosody_bounds.py;tests/core/test_say_backend.py;tests/diarization/test_pipeline.py;tests/web/test_app.py;tests/web/test_result.py;tests/web/test_stream.py;tests/web/test_upload_limit.py,,,,,YES,TEST
tests/core/test_parallel_pipeline.py,_FailingBackend,class,131,135,,tests/core/test_parallel_pipeline.py:_FailingBackend;tests/web/test_app.py:_FailingBackend,,__future__;dubbing.backends.base;dubbing.models;dubbing.pipeline;io;pytest;time;wave,STATICALLY_REFERENCED,tests/core/test_parallel_pipeline.py;tests/web/test_app.py,,,,,NO_OR_UNKNOWN,TEST
tests/core/test_parallel_pipeline.py,_FailingBackend.synthesize,method,134,135,,tests/core/test_espeak_backend.py:backend.synthesize;tests/core/test_piper_backend.py:PiperTTSBackend.synthesize;tests/core/test_say_backend.py:SayTTSBackend.synthesize;tests/core/test_say_backend.py:backend.synthesize;tests/web/test_app.py:super.synthesize;tests/web/test_upload_limit.py:super.synthesize,,__future__;dubbing.backends.base;dubbing.models;dubbing.pipeline;io;pytest;time;wave,STATICALLY_REFERENCED,tests/core/test_adversarial_hardening.py;tests/core/test_batch.py;tests/core/test_espeak_backend.py;tests/core/test_parallel_pipeline.py;tests/core/test_pipeline.py;tests/core/test_piper_backend.py;tests/core/test_prosody_bounds.py;tests/core/test_say_backend.py;tests/diarization/test_pipeline.py;tests/web/test_app.py;tests/web/test_result.py;tests/web/test_stream.py;tests/web/test_upload_limit.py,,,,,YES,TEST
tests/core/test_parallel_pipeline.py,_InstantBackend,class,138,143,,tests/core/test_parallel_pipeline.py:_InstantBackend,,__future__;dubbing.backends.base;dubbing.models;dubbing.pipeline;io;pytest;time;wave,STATICALLY_REFERENCED,tests/core/test_parallel_pipeline.py,,,,,NO_OR_UNKNOWN,TEST
tests/core/test_parallel_pipeline.py,_InstantBackend.synthesize,method,141,143,,tests/core/test_espeak_backend.py:backend.synthesize;tests/core/test_piper_backend.py:PiperTTSBackend.synthesize;tests/core/test_say_backend.py:SayTTSBackend.synthesize;tests/core/test_say_backend.py:backend.synthesize;tests/web/test_app.py:super.synthesize;tests/web/test_upload_limit.py:super.synthesize,,__future__;dubbing.backends.base;dubbing.models;dubbing.pipeline;io;pytest;time;wave,STATICALLY_REFERENCED,tests/core/test_adversarial_hardening.py;tests/core/test_batch.py;tests/core/test_espeak_backend.py;tests/core/test_parallel_pipeline.py;tests/core/test_pipeline.py;tests/core/test_piper_backend.py;tests/core/test_prosody_bounds.py;tests/core/test_say_backend.py;tests/diarization/test_pipeline.py;tests/web/test_app.py;tests/web/test_result.py;tests/web/test_stream.py;tests/web/test_upload_limit.py,,,,,YES,TEST
tests/core/test_parallel_pipeline.py,TestParallelSpeedup,class,150,185,,,,__future__;dubbing.backends.base;dubbing.models;dubbing.pipeline;io;pytest;time;wave,UNRESOLVED_STATICALLY,tests/core/test_parallel_pipeline.py,,,,,NO_OR_UNKNOWN,TEST
tests/core/test_parallel_pipeline.py,TestParallelSpeedup.test_six_segments_faster_than_three_times_single_segment,method,151,165,,,,__future__;dubbing.backends.base;dubbing.models;dubbing.pipeline;io;pytest;time;wave,UNRESOLVED_STATICALLY,tests/core/test_parallel_pipeline.py,,,,,NO_OR_UNKNOWN,TEST
tests/core/test_parallel_pipeline.py,TestParallelSpeedup.test_six_segments_clearly_faster_than_sequential,method,167,179,,,,__future__;dubbing.backends.base;dubbing.models;dubbing.pipeline;io;pytest;time;wave,UNRESOLVED_STATICALLY,tests/core/test_parallel_pipeline.py,,,,,NO_OR_UNKNOWN,TEST
tests/core/test_parallel_pipeline.py,TestParallelSpeedup.test_result_count_matches_segment_count,method,181,185,,,,__future__;dubbing.backends.base;dubbing.models;dubbing.pipeline;io;pytest;time;wave,UNRESOLVED_STATICALLY,tests/core/test_parallel_pipeline.py,,,,,NO_OR_UNKNOWN,TEST
tests/core/test_parallel_pipeline.py,TestOutputOrder,class,192,254,,,,__future__;dubbing.backends.base;dubbing.models;dubbing.pipeline;io;pytest;time;wave,UNRESOLVED_STATICALLY,tests/core/test_parallel_pipeline.py,,,,,NO_OR_UNKNOWN,TEST
tests/core/test_parallel_pipeline.py,TestOutputOrder.test_results_in_srt_index_order_despite_reverse_completion,method,193,203,,,,__future__;dubbing.backends.base;dubbing.models;dubbing.pipeline;io;pytest;time;wave,UNRESOLVED_STATICALLY,tests/core/test_parallel_pipeline.py,,,,,NO_OR_UNKNOWN,TEST
tests/core/test_parallel_pipeline.py,TestOutputOrder.test_timed_segments_in_srt_index_order,method,205,211,,,,__future__;dubbing.backends.base;dubbing.models;dubbing.pipeline;io;pytest;time;wave,UNRESOLVED_STATICALLY,tests/core/test_parallel_pipeline.py,,,,,NO_OR_UNKNOWN,TEST
tests/core/test_parallel_pipeline.py,TestOutputOrder.test_start_times_are_non_decreasing_in_output,method,213,220,,,,__future__;dubbing.backends.base;dubbing.models;dubbing.pipeline;io;pytest;time;wave,UNRESOLVED_STATICALLY,tests/core/test_parallel_pipeline.py,,,,,NO_OR_UNKNOWN,TEST
tests/core/test_parallel_pipeline.py,TestOutputOrder.test_reverse_written_srt_results_in_ascending_start_times,method,222,241,,,,__future__;dubbing.backends.base;dubbing.models;dubbing.pipeline;io;pytest;time;wave,UNRESOLVED_STATICALLY,tests/core/test_parallel_pipeline.py,,,,,NO_OR_UNKNOWN,TEST
tests/core/test_parallel_pipeline.py,TestOutputOrder.test_result_text_matches_srt_index_position,method,243,254,,,,__future__;dubbing.backends.base;dubbing.models;dubbing.pipeline;io;pytest;time;wave,UNRESOLVED_STATICALLY,tests/core/test_parallel_pipeline.py,,,,,NO_OR_UNKNOWN,TEST
tests/core/test_parallel_pipeline.py,TestParallelErrorHandling,class,261,279,,,,__future__;dubbing.backends.base;dubbing.models;dubbing.pipeline;io;pytest;time;wave,UNRESOLVED_STATICALLY,tests/core/test_parallel_pipeline.py,,,,,NO_OR_UNKNOWN,TEST
tests/core/test_parallel_pipeline.py,TestParallelErrorHandling.test_failing_backend_raises_runtime_error,method,262,265,,,,__future__;dubbing.backends.base;dubbing.models;dubbing.pipeline;io;pytest;time;wave,UNRESOLVED_STATICALLY,tests/core/test_parallel_pipeline.py,,,,,NO_OR_UNKNOWN,TEST
tests/core/test_parallel_pipeline.py,TestParallelErrorHandling.test_failing_backend_on_six_segments_propagates_exception,method,267,271,,,,__future__;dubbing.backends.base;dubbing.models;dubbing.pipeline;io;pytest;time;wave,UNRESOLVED_STATICALLY,tests/core/test_parallel_pipeline.py,,,,,NO_OR_UNKNOWN,TEST
tests/core/test_parallel_pipeline.py,TestParallelErrorHandling.test_error_message_wraps_original_cause,method,273,279,,,,__future__;dubbing.backends.base;dubbing.models;dubbing.pipeline;io;pytest;time;wave,UNRESOLVED_STATICALLY,tests/core/test_parallel_pipeline.py,,,,,NO_OR_UNKNOWN,TEST
tests/core/test_parallel_pipeline.py,TestEdgeCases,class,286,322,,,,__future__;dubbing.backends.base;dubbing.models;dubbing.pipeline;io;pytest;time;wave,UNRESOLVED_STATICALLY,tests/core/test_parallel_pipeline.py,,,,,NO_OR_UNKNOWN,TEST
tests/core/test_parallel_pipeline.py,TestEdgeCases.test_empty_segment_list_returns_empty_results,method,287,294,,,,__future__;dubbing.backends.base;dubbing.models;dubbing.pipeline;io;pytest;time;wave,UNRESOLVED_STATICALLY,tests/core/test_parallel_pipeline.py,,,,,NO_OR_UNKNOWN,TEST
tests/core/test_parallel_pipeline.py,TestEdgeCases.test_single_segment_returns_one_result,method,296,299,,,,__future__;dubbing.backends.base;dubbing.models;dubbing.pipeline;io;pytest;time;wave,UNRESOLVED_STATICALLY,tests/core/test_parallel_pipeline.py,,,,,NO_OR_UNKNOWN,TEST
tests/core/test_parallel_pipeline.py,TestEdgeCases.test_single_segment_result_is_tts_result,method,301,304,,,,__future__;dubbing.backends.base;dubbing.models;dubbing.pipeline;io;pytest;time;wave,UNRESOLVED_STATICALLY,tests/core/test_parallel_pipeline.py,,,,,NO_OR_UNKNOWN,TEST
tests/core/test_parallel_pipeline.py,TestEdgeCases.test_results_list_has_no_none_entries,method,306,309,,,,__future__;dubbing.backends.base;dubbing.models;dubbing.pipeline;io;pytest;time;wave,UNRESOLVED_STATICALLY,tests/core/test_parallel_pipeline.py,,,,,NO_OR_UNKNOWN,TEST
tests/core/test_parallel_pipeline.py,TestEdgeCases.test_all_results_have_audio_bytes,method,311,316,,,,__future__;dubbing.backends.base;dubbing.models;dubbing.pipeline;io;pytest;time;wave,UNRESOLVED_STATICALLY,tests/core/test_parallel_pipeline.py,,,,,NO_OR_UNKNOWN,TEST
tests/core/test_parallel_pipeline.py,TestEdgeCases.test_all_results_have_positive_duration,method,318,322,,,,__future__;dubbing.backends.base;dubbing.models;dubbing.pipeline;io;pytest;time;wave,UNRESOLVED_STATICALLY,tests/core/test_parallel_pipeline.py,,,,,NO_OR_UNKNOWN,TEST
tests/core/test_pipeline.py,_FixedDurationBackend,class,15,27,,tests/core/test_pipeline.py:_FixedDurationBackend,,__future__;dubbing.aligner;dubbing.backends.base;dubbing.models;dubbing.pipeline,STATICALLY_REFERENCED,tests/core/test_pipeline.py,,,,,NO_OR_UNKNOWN,TEST
tests/core/test_pipeline.py,_FixedDurationBackend.__init__,method,18,20,,,,__future__;dubbing.aligner;dubbing.backends.base;dubbing.models;dubbing.pipeline,UNRESOLVED_STATICALLY,tests/acceptance/test_acceptance_cli.py;tests/core/test_pipeline.py;tests/diarization/test_pipeline.py;tests/diarization/test_resumable.py;tests/diarization/test_sherpa_backend.py;tests/personal_capture/test_full_day_gate.py;tests/personal_capture/test_service.py;tests/transcription/test_faster_whisper_backend.py;tests/transcription/test_resumable.py;tests/translation/test_resumable.py,,,,,NO_OR_UNKNOWN,TEST
tests/core/test_pipeline.py,_FixedDurationBackend.synthesize,method,22,27,,tests/core/test_espeak_backend.py:backend.synthesize;tests/core/test_piper_backend.py:PiperTTSBackend.synthesize;tests/core/test_say_backend.py:SayTTSBackend.synthesize;tests/core/test_say_backend.py:backend.synthesize;tests/web/test_app.py:super.synthesize;tests/web/test_upload_limit.py:super.synthesize,,__future__;dubbing.aligner;dubbing.backends.base;dubbing.models;dubbing.pipeline,STATICALLY_REFERENCED,tests/core/test_adversarial_hardening.py;tests/core/test_batch.py;tests/core/test_espeak_backend.py;tests/core/test_parallel_pipeline.py;tests/core/test_pipeline.py;tests/core/test_piper_backend.py;tests/core/test_prosody_bounds.py;tests/core/test_say_backend.py;tests/diarization/test_pipeline.py;tests/web/test_app.py;tests/web/test_result.py;tests/web/test_stream.py;tests/web/test_upload_limit.py,,,,,YES,TEST
tests/core/test_pipeline.py,TestPipelineReturnType,class,75,90,,,,__future__;dubbing.aligner;dubbing.backends.base;dubbing.models;dubbing.pipeline,UNRESOLVED_STATICALLY,tests/core/test_pipeline.py,,,,,NO_OR_UNKNOWN,TEST
tests/core/test_pipeline.py,TestPipelineReturnType.test_run_returns_list,method,76,78,,,,__future__;dubbing.aligner;dubbing.backends.base;dubbing.models;dubbing.pipeline,UNRESOLVED_STATICALLY,tests/core/test_pipeline.py,,,,,NO_OR_UNKNOWN,TEST
tests/core/test_pipeline.py,TestPipelineReturnType.test_single_entry_returns_one_item,method,80,82,,,,__future__;dubbing.aligner;dubbing.backends.base;dubbing.models;dubbing.pipeline,UNRESOLVED_STATICALLY,tests/core/test_pipeline.py,,,,,NO_OR_UNKNOWN,TEST
tests/core/test_pipeline.py,TestPipelineReturnType.test_multi_entry_returns_correct_count,method,84,86,,,,__future__;dubbing.aligner;dubbing.backends.base;dubbing.models;dubbing.pipeline,UNRESOLVED_STATICALLY,tests/core/test_pipeline.py,,,,,NO_OR_UNKNOWN,TEST
tests/core/test_pipeline.py,TestPipelineReturnType.test_items_are_timed_segments,method,88,90,,,,__future__;dubbing.aligner;dubbing.backends.base;dubbing.models;dubbing.pipeline,UNRESOLVED_STATICALLY,tests/core/test_pipeline.py,,,,,NO_OR_UNKNOWN,TEST
tests/core/test_pipeline.py,TestPipelineTiming,class,97,123,,,,__future__;dubbing.aligner;dubbing.backends.base;dubbing.models;dubbing.pipeline,UNRESOLVED_STATICALLY,tests/core/test_pipeline.py,,,,,NO_OR_UNKNOWN,TEST
tests/core/test_pipeline.py,TestPipelineTiming.test_single_segment_start_ms,method,98,100,,,,__future__;dubbing.aligner;dubbing.backends.base;dubbing.models;dubbing.pipeline,UNRESOLVED_STATICALLY,tests/core/test_pipeline.py,,,,,NO_OR_UNKNOWN,TEST
tests/core/test_pipeline.py,TestPipelineTiming.test_single_segment_end_ms,method,102,104,,,,__future__;dubbing.aligner;dubbing.backends.base;dubbing.models;dubbing.pipeline,UNRESOLVED_STATICALLY,tests/core/test_pipeline.py,,,,,NO_OR_UNKNOWN,TEST
tests/core/test_pipeline.py,TestPipelineTiming.test_multi_segment_timings_sequential,method,106,113,,,,__future__;dubbing.aligner;dubbing.backends.base;dubbing.models;dubbing.pipeline,UNRESOLVED_STATICALLY,tests/core/test_pipeline.py,,,,,NO_OR_UNKNOWN,TEST
tests/core/test_pipeline.py,TestPipelineTiming.test_timing_independent_of_tts_duration,method,115,123,,,,__future__;dubbing.aligner;dubbing.backends.base;dubbing.models;dubbing.pipeline,UNRESOLVED_STATICALLY,tests/core/test_pipeline.py,,,,,NO_OR_UNKNOWN,TEST
tests/core/test_pipeline.py,TestPipelineProsody,class,130,160,,,,__future__;dubbing.aligner;dubbing.backends.base;dubbing.models;dubbing.pipeline,UNRESOLVED_STATICALLY,tests/core/test_pipeline.py,,,,,NO_OR_UNKNOWN,TEST
tests/core/test_pipeline.py,TestPipelineProsody.test_prosody_tag_stripped_from_segment_text,method,131,133,,,,__future__;dubbing.aligner;dubbing.backends.base;dubbing.models;dubbing.pipeline,UNRESOLVED_STATICALLY,tests/core/test_pipeline.py,,,,,NO_OR_UNKNOWN,TEST
tests/core/test_pipeline.py,TestPipelineProsody.test_text_content_preserved_after_stripping,method,135,137,,,,__future__;dubbing.aligner;dubbing.backends.base;dubbing.models;dubbing.pipeline,UNRESOLVED_STATICALLY,tests/core/test_pipeline.py,,,,,NO_OR_UNKNOWN,TEST
tests/core/test_pipeline.py,TestPipelineProsody.test_prosody_tag_stored_on_segment,method,139,144,,,,__future__;dubbing.aligner;dubbing.backends.base;dubbing.models;dubbing.pipeline,UNRESOLVED_STATICALLY,tests/core/test_pipeline.py,,,,,NO_OR_UNKNOWN,TEST
tests/core/test_pipeline.py,TestPipelineProsody.test_multiple_prosody_tags_all_stripped,method,146,150,,,,__future__;dubbing.aligner;dubbing.backends.base;dubbing.models;dubbing.pipeline,UNRESOLVED_STATICALLY,tests/core/test_pipeline.py,,,,,NO_OR_UNKNOWN,TEST
tests/core/test_pipeline.py,TestPipelineProsody.test_multiple_prosody_tags_all_stored,method,152,156,,,,__future__;dubbing.aligner;dubbing.backends.base;dubbing.models;dubbing.pipeline,UNRESOLVED_STATICALLY,tests/core/test_pipeline.py,,,,,NO_OR_UNKNOWN,TEST
tests/core/test_pipeline.py,TestPipelineProsody.test_segment_without_tags_has_empty_tags_list,method,158,160,,,,__future__;dubbing.aligner;dubbing.backends.base;dubbing.models;dubbing.pipeline,UNRESOLVED_STATICALLY,tests/core/test_pipeline.py,,,,,NO_OR_UNKNOWN,TEST
tests/core/test_pipeline.py,TestPipelineBackendInteraction,class,167,189,,,,__future__;dubbing.aligner;dubbing.backends.base;dubbing.models;dubbing.pipeline,UNRESOLVED_STATICALLY,tests/core/test_pipeline.py,,,,,NO_OR_UNKNOWN,TEST
tests/core/test_pipeline.py,TestPipelineBackendInteraction.test_backend_called_once_per_segment,method,168,171,,,,__future__;dubbing.aligner;dubbing.backends.base;dubbing.models;dubbing.pipeline,UNRESOLVED_STATICALLY,tests/core/test_pipeline.py,,,,,NO_OR_UNKNOWN,TEST
tests/core/test_pipeline.py,TestPipelineBackendInteraction.test_backend_receives_all_segments,method,173,177,,,,__future__;dubbing.aligner;dubbing.backends.base;dubbing.models;dubbing.pipeline,UNRESOLVED_STATICALLY,tests/core/test_pipeline.py,,,,,NO_OR_UNKNOWN,TEST
tests/core/test_pipeline.py,TestPipelineBackendInteraction.test_backend_receives_cleaned_text,method,179,183,,,,__future__;dubbing.aligner;dubbing.backends.base;dubbing.models;dubbing.pipeline,UNRESOLVED_STATICALLY,tests/core/test_pipeline.py,,,,,NO_OR_UNKNOWN,TEST
tests/core/test_pipeline.py,TestPipelineBackendInteraction.test_no_audio_files_written,method,185,189,,,,__future__;dubbing.aligner;dubbing.backends.base;dubbing.models;dubbing.pipeline,UNRESOLVED_STATICALLY,tests/core/test_pipeline.py,,,,,NO_OR_UNKNOWN,TEST
tests/core/test_pipeline.py,TestPipelinePlainTextFallback,class,196,215,,,,__future__;dubbing.aligner;dubbing.backends.base;dubbing.models;dubbing.pipeline,UNRESOLVED_STATICALLY,tests/core/test_pipeline.py,,,,,NO_OR_UNKNOWN,TEST
tests/core/test_pipeline.py,TestPipelinePlainTextFallback.test_plain_text_produces_one_segment,method,197,199,,,,__future__;dubbing.aligner;dubbing.backends.base;dubbing.models;dubbing.pipeline,UNRESOLVED_STATICALLY,tests/core/test_pipeline.py,,,,,NO_OR_UNKNOWN,TEST
tests/core/test_pipeline.py,TestPipelinePlainTextFallback.test_plain_text_segment_has_input_text,method,201,203,,,,__future__;dubbing.aligner;dubbing.backends.base;dubbing.models;dubbing.pipeline,UNRESOLVED_STATICALLY,tests/core/test_pipeline.py,,,,,NO_OR_UNKNOWN,TEST
tests/core/test_pipeline.py,TestPipelinePlainTextFallback.test_plain_text_segment_start_ms_is_zero,method,205,207,,,,__future__;dubbing.aligner;dubbing.backends.base;dubbing.models;dubbing.pipeline,UNRESOLVED_STATICALLY,tests/core/test_pipeline.py,,,,,NO_OR_UNKNOWN,TEST
tests/core/test_pipeline.py,TestPipelinePlainTextFallback.test_plain_text_segment_end_ms_is_zero,method,209,211,,,,__future__;dubbing.aligner;dubbing.backends.base;dubbing.models;dubbing.pipeline,UNRESOLVED_STATICALLY,tests/core/test_pipeline.py,,,,,NO_OR_UNKNOWN,TEST
tests/core/test_pipeline.py,TestPipelinePlainTextFallback.test_empty_string_input_produces_one_segment,method,213,215,,,,__future__;dubbing.aligner;dubbing.backends.base;dubbing.models;dubbing.pipeline,UNRESOLVED_STATICALLY,tests/core/test_pipeline.py,,,,,NO_OR_UNKNOWN,TEST
tests/core/test_pipeline.py,TestPipelineFileInput,class,222,240,,,,__future__;dubbing.aligner;dubbing.backends.base;dubbing.models;dubbing.pipeline,UNRESOLVED_STATICALLY,tests/core/test_pipeline.py,,,,,NO_OR_UNKNOWN,TEST
tests/core/test_pipeline.py,TestPipelineFileInput.test_path_input_reads_srt_file,method,223,227,,,,__future__;dubbing.aligner;dubbing.backends.base;dubbing.models;dubbing.pipeline,UNRESOLVED_STATICALLY,tests/core/test_pipeline.py,,,,,NO_OR_UNKNOWN,TEST
tests/core/test_pipeline.py,TestPipelineFileInput.test_path_input_timing_correct,method,229,234,,,,__future__;dubbing.aligner;dubbing.backends.base;dubbing.models;dubbing.pipeline,UNRESOLVED_STATICALLY,tests/core/test_pipeline.py,,,,,NO_OR_UNKNOWN,TEST
tests/core/test_pipeline.py,TestPipelineFileInput.test_path_input_multi_segment,method,236,240,,,,__future__;dubbing.aligner;dubbing.backends.base;dubbing.models;dubbing.pipeline,UNRESOLVED_STATICALLY,tests/core/test_pipeline.py,,,,,NO_OR_UNKNOWN,TEST
tests/core/test_pipeline.py,TestBackendInjected,class,247,273,,,,__future__;dubbing.aligner;dubbing.backends.base;dubbing.models;dubbing.pipeline,UNRESOLVED_STATICALLY,tests/core/test_pipeline.py,,,,,NO_OR_UNKNOWN,TEST
tests/core/test_pipeline.py,TestBackendInjected.test_pipeline_accepts_backend,method,248,250,,,,__future__;dubbing.aligner;dubbing.backends.base;dubbing.models;dubbing.pipeline,UNRESOLVED_STATICALLY,tests/core/test_pipeline.py,,,,,NO_OR_UNKNOWN,TEST
tests/core/test_pipeline.py,TestBackendInjected.test_single_srt_count,method,252,254,,,,__future__;dubbing.aligner;dubbing.backends.base;dubbing.models;dubbing.pipeline,UNRESOLVED_STATICALLY,tests/core/test_pipeline.py,,,,,NO_OR_UNKNOWN,TEST
tests/core/test_pipeline.py,TestBackendInjected.test_multi_srt_count,method,256,258,,,,__future__;dubbing.aligner;dubbing.backends.base;dubbing.models;dubbing.pipeline,UNRESOLVED_STATICALLY,tests/core/test_pipeline.py,,,,,NO_OR_UNKNOWN,TEST
tests/core/test_pipeline.py,TestBackendInjected.test_len_results_equals_len_srt_entries,method,260,264,,,,__future__;dubbing.aligner;dubbing.backends.base;dubbing.models;dubbing.pipeline,UNRESOLVED_STATICALLY,tests/core/test_pipeline.py,,,,,NO_OR_UNKNOWN,TEST
tests/core/test_pipeline.py,TestBackendInjected.test_len_results_equals_input_segment_count_single,method,266,269,,,,__future__;dubbing.aligner;dubbing.backends.base;dubbing.models;dubbing.pipeline,UNRESOLVED_STATICALLY,tests/core/test_pipeline.py,,,,,NO_OR_UNKNOWN,TEST
tests/core/test_pipeline.py,TestBackendInjected.test_backend_items_are_timed_segments,method,271,273,,,,__future__;dubbing.aligner;dubbing.backends.base;dubbing.models;dubbing.pipeline,UNRESOLVED_STATICALLY,tests/core/test_pipeline.py,,,,,NO_OR_UNKNOWN,TEST
tests/core/test_pipeline.py,TestLanguageFieldForwarded,class,280,325,,,,__future__;dubbing.aligner;dubbing.backends.base;dubbing.models;dubbing.pipeline,UNRESOLVED_STATICALLY,tests/core/test_pipeline.py,,,,,NO_OR_UNKNOWN,TEST
tests/core/test_pipeline.py,TestLanguageFieldForwarded.test_language_default_is_empty_string,method,281,285,,,,__future__;dubbing.aligner;dubbing.backends.base;dubbing.models;dubbing.pipeline,UNRESOLVED_STATICALLY,tests/core/test_pipeline.py;tests/core/test_srt_parser.py,,,,,NO_OR_UNKNOWN,TEST
tests/core/test_pipeline.py,TestLanguageFieldForwarded.test_language_forwarded_to_all_segments,method,287,292,,,,__future__;dubbing.aligner;dubbing.backends.base;dubbing.models;dubbing.pipeline,UNRESOLVED_STATICALLY,tests/core/test_pipeline.py,,,,,NO_OR_UNKNOWN,TEST
tests/core/test_pipeline.py,TestLanguageFieldForwarded.test_language_forwarded_with_prosody_tags,method,294,298,,,,__future__;dubbing.aligner;dubbing.backends.base;dubbing.models;dubbing.pipeline,UNRESOLVED_STATICALLY,tests/core/test_pipeline.py,,,,,NO_OR_UNKNOWN,TEST
tests/core/test_pipeline.py,TestLanguageFieldForwarded.test_language_field_is_str_type,method,300,304,,,,__future__;dubbing.aligner;dubbing.backends.base;dubbing.models;dubbing.pipeline,UNRESOLVED_STATICALLY,tests/core/test_pipeline.py,,,,,NO_OR_UNKNOWN,TEST
tests/core/test_pipeline.py,TestLanguageFieldForwarded.test_explicit_language_propagated_to_segment,method,306,309,,,,__future__;dubbing.aligner;dubbing.backends.base;dubbing.models;dubbing.pipeline,UNRESOLVED_STATICALLY,tests/core/test_pipeline.py,,,,,NO_OR_UNKNOWN,TEST
tests/core/test_pipeline.py,TestLanguageFieldForwarded.test_explicit_language_propagated_to_all_segments,method,311,315,,,,__future__;dubbing.aligner;dubbing.backends.base;dubbing.models;dubbing.pipeline,UNRESOLVED_STATICALLY,tests/core/test_pipeline.py,,,,,NO_OR_UNKNOWN,TEST
tests/core/test_pipeline.py,TestLanguageFieldForwarded.test_run_full_propagates_language,method,317,320,,,,__future__;dubbing.aligner;dubbing.backends.base;dubbing.models;dubbing.pipeline,UNRESOLVED_STATICALLY,tests/core/test_pipeline.py,,,,,NO_OR_UNKNOWN,TEST
tests/core/test_pipeline.py,TestLanguageFieldForwarded.test_language_propagated_for_plain_text_fallback,method,322,325,,,,__future__;dubbing.aligner;dubbing.backends.base;dubbing.models;dubbing.pipeline,UNRESOLVED_STATICALLY,tests/core/test_pipeline.py,,,,,NO_OR_UNKNOWN,TEST
tests/core/test_pipeline.py,TestProsodyTagsForwardedToBackend,class,332,387,,,,__future__;dubbing.aligner;dubbing.backends.base;dubbing.models;dubbing.pipeline,UNRESOLVED_STATICALLY,tests/core/test_pipeline.py,,,,,NO_OR_UNKNOWN,TEST
tests/core/test_pipeline.py,TestProsodyTagsForwardedToBackend.test_single_tag_forwarded_to_backend,method,333,339,,,,__future__;dubbing.aligner;dubbing.backends.base;dubbing.models;dubbing.pipeline,UNRESOLVED_STATICALLY,tests/core/test_pipeline.py,,,,,NO_OR_UNKNOWN,TEST
tests/core/test_pipeline.py,TestProsodyTagsForwardedToBackend.test_multiple_tags_forwarded_to_backend,method,341,345,,,,__future__;dubbing.aligner;dubbing.backends.base;dubbing.models;dubbing.pipeline,UNRESOLVED_STATICALLY,tests/core/test_pipeline.py,,,,,NO_OR_UNKNOWN,TEST
tests/core/test_pipeline.py,TestProsodyTagsForwardedToBackend.test_tag_names_forwarded_correctly,method,347,353,,,,__future__;dubbing.aligner;dubbing.backends.base;dubbing.models;dubbing.pipeline,UNRESOLVED_STATICALLY,tests/core/test_pipeline.py,,,,,NO_OR_UNKNOWN,TEST
tests/core/test_pipeline.py,TestProsodyTagsForwardedToBackend.test_no_tags_forwarded_when_plain_text,method,355,359,,,,__future__;dubbing.aligner;dubbing.backends.base;dubbing.models;dubbing.pipeline,UNRESOLVED_STATICALLY,tests/core/test_pipeline.py,,,,,NO_OR_UNKNOWN,TEST
tests/core/test_pipeline.py,TestProsodyTagsForwardedToBackend.test_tags_stripped_from_segment_text_before_backend,method,361,367,,,,__future__;dubbing.aligner;dubbing.backends.base;dubbing.models;dubbing.pipeline,UNRESOLVED_STATICALLY,tests/core/test_pipeline.py,,,,,NO_OR_UNKNOWN,TEST
tests/core/test_pipeline.py,TestProsodyTagsForwardedToBackend.test_tags_forwarded_independently_per_segment,method,369,387,,,,__future__;dubbing.aligner;dubbing.backends.base;dubbing.models;dubbing.pipeline,UNRESOLVED_STATICALLY,tests/core/test_pipeline.py,,,,,NO_OR_UNKNOWN,TEST
tests/core/test_piper_backend.py,_make_entry,function,29,30,,tests/core/test_piper_backend.py:_make_entry,MagicMock;PiperTTSBackend;PiperTTSBackend.synthesize;ProsodyTag;SRTEntry;Segment;_completed_process;_make_entry;_make_segment;_raw_to_wav;_wav_duration_ms;calls.append;captured.append;captured_calls.append;captured_input.append;captured_kwargs.append;enumerate;get;index;int;io.BytesIO;isinstance;issubclass;join;json.dumps;json.dumps.encode;len;list;mock_run.assert_not_called;mock_which.assert_called_once_with;monkeypatch.delenv;monkeypatch.setenv;patch;patch.dict;pytest.raises;range;select_backend;self._capture;subprocess.CalledProcessError;subprocess.CompletedProcess;subprocess.TimeoutExpired;text.encode;type;wave.open;wf.getframerate;wf.getnchannels;wf.getnframes;wf.getsampwidth;zip,__future__;dubbing.backends;dubbing.backends.base;dubbing.backends.piper;dubbing.models;io;json;pytest;subprocess;unittest.mock;wave,STATICALLY_REFERENCED,tests/core/test_piper_backend.py,,,,,NO_OR_UNKNOWN,TEST
tests/core/test_piper_backend.py,_make_segment,function,33,45,,tests/core/test_aligner.py:_make_segment;tests/core/test_piper_backend.py:_make_segment,MagicMock;PiperTTSBackend;PiperTTSBackend.synthesize;ProsodyTag;SRTEntry;Segment;_completed_process;_make_entry;_make_segment;_raw_to_wav;_wav_duration_ms;calls.append;captured.append;captured_calls.append;captured_input.append;captured_kwargs.append;enumerate;get;index;int;io.BytesIO;isinstance;issubclass;join;json.dumps;json.dumps.encode;len;list;mock_run.assert_not_called;mock_which.assert_called_once_with;monkeypatch.delenv;monkeypatch.setenv;patch;patch.dict;pytest.raises;range;select_backend;self._capture;subprocess.CalledProcessError;subprocess.CompletedProcess;subprocess.TimeoutExpired;text.encode;type;wave.open;wf.getframerate;wf.getnchannels;wf.getnframes;wf.getsampwidth;zip,__future__;dubbing.backends;dubbing.backends.base;dubbing.backends.piper;dubbing.models;io;json;pytest;subprocess;unittest.mock;wave,STATICALLY_REFERENCED,tests/core/test_aligner.py;tests/core/test_piper_backend.py,,,,,NO_OR_UNKNOWN,TEST
tests/core/test_piper_backend.py,_completed_process,function,48,49,,tests/core/test_piper_backend.py:_completed_process,MagicMock;PiperTTSBackend;PiperTTSBackend.synthesize;ProsodyTag;SRTEntry;Segment;_completed_process;_make_entry;_make_segment;_raw_to_wav;_wav_duration_ms;calls.append;captured.append;captured_calls.append;captured_input.append;captured_kwargs.append;enumerate;get;index;int;io.BytesIO;isinstance;issubclass;join;json.dumps;json.dumps.encode;len;list;mock_run.assert_not_called;mock_which.assert_called_once_with;monkeypatch.delenv;monkeypatch.setenv;patch;patch.dict;pytest.raises;range;select_backend;self._capture;subprocess.CalledProcessError;subprocess.CompletedProcess;subprocess.TimeoutExpired;text.encode;type;wave.open;wf.getframerate;wf.getnchannels;wf.getnframes;wf.getsampwidth;zip,__future__;dubbing.backends;dubbing.backends.base;dubbing.backends.piper;dubbing.models;io;json;pytest;subprocess;unittest.mock;wave,STATICALLY_REFERENCED,tests/core/test_piper_backend.py,,,,,NO_OR_UNKNOWN,TEST
tests/core/test_piper_backend.py,_piper_patch,function,52,59,,,MagicMock;PiperTTSBackend;PiperTTSBackend.synthesize;ProsodyTag;SRTEntry;Segment;_completed_process;_make_entry;_make_segment;_raw_to_wav;_wav_duration_ms;calls.append;captured.append;captured_calls.append;captured_input.append;captured_kwargs.append;enumerate;get;index;int;io.BytesIO;isinstance;issubclass;join;json.dumps;json.dumps.encode;len;list;mock_run.assert_not_called;mock_which.assert_called_once_with;monkeypatch.delenv;monkeypatch.setenv;patch;patch.dict;pytest.raises;range;select_backend;self._capture;subprocess.CalledProcessError;subprocess.CompletedProcess;subprocess.TimeoutExpired;text.encode;type;wave.open;wf.getframerate;wf.getnchannels;wf.getnframes;wf.getsampwidth;zip,__future__;dubbing.backends;dubbing.backends.base;dubbing.backends.piper;dubbing.models;io;json;pytest;subprocess;unittest.mock;wave,UNRESOLVED_STATICALLY,tests/core/test_piper_backend.py,,,,,NO_OR_UNKNOWN,TEST
tests/core/test_piper_backend.py,TestInheritance,class,66,71,,,,__future__;dubbing.backends;dubbing.backends.base;dubbing.backends.piper;dubbing.models;io;json;pytest;subprocess;unittest.mock;wave,UNRESOLVED_STATICALLY,tests/core/test_piper_backend.py,,,,,NO_OR_UNKNOWN,TEST
tests/core/test_piper_backend.py,TestInheritance.test_piper_backend_subclasses_tts_backend,method,67,68,,,,__future__;dubbing.backends;dubbing.backends.base;dubbing.backends.piper;dubbing.models;io;json;pytest;subprocess;unittest.mock;wave,UNRESOLVED_STATICALLY,tests/core/test_piper_backend.py,,,,,NO_OR_UNKNOWN,TEST
tests/core/test_piper_backend.py,TestInheritance.test_instance_is_tts_backend,method,70,71,,,,__future__;dubbing.backends;dubbing.backends.base;dubbing.backends.piper;dubbing.models;io;json;pytest;subprocess;unittest.mock;wave,UNRESOLVED_STATICALLY,tests/core/test_piper_backend.py;tests/core/test_say_backend.py,,,,,NO_OR_UNKNOWN,TEST
tests/core/test_piper_backend.py,TestHappyPath,class,78,165,,,,__future__;dubbing.backends;dubbing.backends.base;dubbing.backends.piper;dubbing.models;io;json;pytest;subprocess;unittest.mock;wave,UNRESOLVED_STATICALLY,tests/core/test_piper_backend.py,,,,,NO_OR_UNKNOWN,TEST
tests/core/test_piper_backend.py,TestHappyPath.test_returns_list,method,79,83,,,,__future__;dubbing.backends;dubbing.backends.base;dubbing.backends.piper;dubbing.models;io;json;pytest;subprocess;unittest.mock;wave,UNRESOLVED_STATICALLY,tests/core/test_mutant_killers.py;tests/core/test_piper_backend.py;tests/core/test_srt_parser.py,,,,,NO_OR_UNKNOWN,TEST
tests/core/test_piper_backend.py,TestHappyPath.test_single_segment_yields_one_result,method,85,89,,,,__future__;dubbing.backends;dubbing.backends.base;dubbing.backends.piper;dubbing.models;io;json;pytest;subprocess;unittest.mock;wave,UNRESOLVED_STATICALLY,tests/core/test_piper_backend.py;tests/core/test_say_backend.py,,,,,NO_OR_UNKNOWN,TEST
tests/core/test_piper_backend.py,TestHappyPath.test_result_is_ttsresult_instance,method,91,95,,,,__future__;dubbing.backends;dubbing.backends.base;dubbing.backends.piper;dubbing.models;io;json;pytest;subprocess;unittest.mock;wave,UNRESOLVED_STATICALLY,tests/core/test_piper_backend.py,,,,,NO_OR_UNKNOWN,TEST
tests/core/test_piper_backend.py,TestHappyPath.test_audio_bytes_is_bytes,method,97,101,,,,__future__;dubbing.backends;dubbing.backends.base;dubbing.backends.piper;dubbing.models;io;json;pytest;subprocess;unittest.mock;wave,UNRESOLVED_STATICALLY,tests/core/test_piper_backend.py;tests/core/test_say_backend.py,,,,,NO_OR_UNKNOWN,TEST
tests/core/test_piper_backend.py,TestHappyPath.test_audio_starts_with_riff_header,method,103,108,,,,__future__;dubbing.backends;dubbing.backends.base;dubbing.backends.piper;dubbing.models;io;json;pytest;subprocess;unittest.mock;wave,UNRESOLVED_STATICALLY,tests/core/test_piper_backend.py,,,,,NO_OR_UNKNOWN,TEST
tests/core/test_piper_backend.py,TestHappyPath.test_audio_is_valid_wav,method,110,117,,,,__future__;dubbing.backends;dubbing.backends.base;dubbing.backends.piper;dubbing.models;io;json;pytest;subprocess;unittest.mock;wave,UNRESOLVED_STATICALLY,tests/core/test_piper_backend.py;tests/core/test_say_backend.py,,,,,NO_OR_UNKNOWN,TEST
tests/core/test_piper_backend.py,TestHappyPath.test_duration_ms_is_int,method,119,123,,,,__future__;dubbing.backends;dubbing.backends.base;dubbing.backends.piper;dubbing.models;io;json;pytest;subprocess;unittest.mock;wave,UNRESOLVED_STATICALLY,tests/core/test_piper_backend.py;tests/core/test_say_backend.py,,,,,NO_OR_UNKNOWN,TEST
tests/core/test_piper_backend.py,TestHappyPath.test_duration_ms_is_positive,method,125,129,,,,__future__;dubbing.backends;dubbing.backends.base;dubbing.backends.piper;dubbing.models;io;json;pytest;subprocess;unittest.mock;wave,UNRESOLVED_STATICALLY,tests/core/test_piper_backend.py,,,,,NO_OR_UNKNOWN,TEST
tests/core/test_piper_backend.py,TestHappyPath.test_segment_reference_preserved_in_result,method,131,136,,,,__future__;dubbing.backends;dubbing.backends.base;dubbing.backends.piper;dubbing.models;io;json;pytest;subprocess;unittest.mock;wave,UNRESOLVED_STATICALLY,tests/core/test_piper_backend.py,,,,,NO_OR_UNKNOWN,TEST
tests/core/test_piper_backend.py,TestHappyPath.test_three_segments_yield_three_results,method,138,143,,,,__future__;dubbing.backends;dubbing.backends.base;dubbing.backends.piper;dubbing.models;io;json;pytest;subprocess;unittest.mock;wave,UNRESOLVED_STATICALLY,tests/core/test_piper_backend.py;tests/core/test_say_backend.py,,,,,NO_OR_UNKNOWN,TEST
tests/core/test_piper_backend.py,TestHappyPath.test_results_order_matches_input_order,method,145,151,,,,__future__;dubbing.backends;dubbing.backends.base;dubbing.backends.piper;dubbing.models;io;json;pytest;subprocess;unittest.mock;wave,UNRESOLVED_STATICALLY,tests/core/test_piper_backend.py,,,,,NO_OR_UNKNOWN,TEST
tests/core/test_piper_backend.py,TestHappyPath.test_empty_segment_list_yields_empty_list,method,153,157,,,,__future__;dubbing.backends;dubbing.backends.base;dubbing.backends.piper;dubbing.models;io;json;pytest;subprocess;unittest.mock;wave,UNRESOLVED_STATICALLY,tests/core/test_piper_backend.py;tests/core/test_say_backend.py,,,,,NO_OR_UNKNOWN,TEST
tests/core/test_piper_backend.py,TestHappyPath.test_subprocess_called_once_per_segment,method,159,165,,,,__future__;dubbing.backends;dubbing.backends.base;dubbing.backends.piper;dubbing.models;io;json;pytest;subprocess;unittest.mock;wave,UNRESOLVED_STATICALLY,tests/core/test_piper_backend.py,,,,,NO_OR_UNKNOWN,TEST
tests/core/test_piper_backend.py,TestPiperNotFound,class,172,206,,,,__future__;dubbing.backends;dubbing.backends.base;dubbing.backends.piper;dubbing.models;io;json;pytest;subprocess;unittest.mock;wave,UNRESOLVED_STATICALLY,tests/core/test_piper_backend.py,,,,,NO_OR_UNKNOWN,TEST
tests/core/test_piper_backend.py,TestPiperNotFound.test_raises_runtime_error_when_which_returns_none,method,173,176,,,,__future__;dubbing.backends;dubbing.backends.base;dubbing.backends.piper;dubbing.models;io;json;pytest;subprocess;unittest.mock;wave,UNRESOLVED_STATICALLY,tests/core/test_piper_backend.py,,,,,NO_OR_UNKNOWN,TEST
tests/core/test_piper_backend.py,TestPiperNotFound.test_error_message_mentions_piper,method,178,181,,,,__future__;dubbing.backends;dubbing.backends.base;dubbing.backends.piper;dubbing.models;io;json;pytest;subprocess;unittest.mock;wave,UNRESOLVED_STATICALLY,tests/core/test_piper_backend.py,,,,,NO_OR_UNKNOWN,TEST
tests/core/test_piper_backend.py,TestPiperNotFound.test_error_message_mentions_path,method,183,186,,,,__future__;dubbing.backends;dubbing.backends.base;dubbing.backends.piper;dubbing.models;io;json;pytest;subprocess;unittest.mock;wave,UNRESOLVED_STATICALLY,tests/core/test_piper_backend.py,,,,,NO_OR_UNKNOWN,TEST
tests/core/test_piper_backend.py,TestPiperNotFound.test_raises_even_with_empty_segment_list,method,188,192,,,,__future__;dubbing.backends;dubbing.backends.base;dubbing.backends.piper;dubbing.models;io;json;pytest;subprocess;unittest.mock;wave,UNRESOLVED_STATICALLY,tests/core/test_piper_backend.py,,,,,NO_OR_UNKNOWN,TEST
tests/core/test_piper_backend.py,TestPiperNotFound.test_error_type_is_exactly_runtime_error,method,194,198,,,,__future__;dubbing.backends;dubbing.backends.base;dubbing.backends.piper;dubbing.models;io;json;pytest;subprocess;unittest.mock;wave,UNRESOLVED_STATICALLY,tests/core/test_piper_backend.py,,,,,NO_OR_UNKNOWN,TEST
tests/core/test_piper_backend.py,TestPiperNotFound.test_no_subprocess_call_when_piper_absent,method,200,206,,,,__future__;dubbing.backends;dubbing.backends.base;dubbing.backends.piper;dubbing.models;io;json;pytest;subprocess;unittest.mock;wave,UNRESOLVED_STATICALLY,tests/core/test_piper_backend.py,,,,,NO_OR_UNKNOWN,TEST
tests/core/test_piper_backend.py,TestModelNotConfigured,class,213,251,,,,__future__;dubbing.backends;dubbing.backends.base;dubbing.backends.piper;dubbing.models;io;json;pytest;subprocess;unittest.mock;wave,UNRESOLVED_STATICALLY,tests/core/test_piper_backend.py,,,,,NO_OR_UNKNOWN,TEST
tests/core/test_piper_backend.py,TestModelNotConfigured.test_raises_when_model_not_set_and_no_env_var,method,214,218,,,,__future__;dubbing.backends;dubbing.backends.base;dubbing.backends.piper;dubbing.models;io;json;pytest;subprocess;unittest.mock;wave,UNRESOLVED_STATICALLY,tests/core/test_piper_backend.py,,,,,NO_OR_UNKNOWN,TEST
tests/core/test_piper_backend.py,TestModelNotConfigured.test_raises_when_model_is_empty_string,method,220,224,,,,__future__;dubbing.backends;dubbing.backends.base;dubbing.backends.piper;dubbing.models;io;json;pytest;subprocess;unittest.mock;wave,UNRESOLVED_STATICALLY,tests/core/test_piper_backend.py,,,,,NO_OR_UNKNOWN,TEST
tests/core/test_piper_backend.py,TestModelNotConfigured.test_error_message_mentions_piper_model_env_var,method,226,230,,,,__future__;dubbing.backends;dubbing.backends.base;dubbing.backends.piper;dubbing.models;io;json;pytest;subprocess;unittest.mock;wave,UNRESOLVED_STATICALLY,tests/core/test_piper_backend.py,,,,,NO_OR_UNKNOWN,TEST
tests/core/test_piper_backend.py,TestModelNotConfigured.test_env_var_used_as_fallback_model,method,232,237,,,,__future__;dubbing.backends;dubbing.backends.base;dubbing.backends.piper;dubbing.models;io;json;pytest;subprocess;unittest.mock;wave,UNRESOLVED_STATICALLY,tests/core/test_piper_backend.py,,,,,NO_OR_UNKNOWN,TEST
tests/core/test_piper_backend.py,TestModelNotConfigured.test_constructor_model_takes_precedence_over_env,method,239,251,,,,__future__;dubbing.backends;dubbing.backends.base;dubbing.backends.piper;dubbing.models;io;json;pytest;subprocess;unittest.mock;wave,UNRESOLVED_STATICALLY,tests/core/test_piper_backend.py,,,,,NO_OR_UNKNOWN,TEST
tests/core/test_piper_backend.py,TestModelNotConfigured.test_constructor_model_takes_precedence_over_env.record,method,243,245,,,,__future__;dubbing.backends;dubbing.backends.base;dubbing.backends.piper;dubbing.models;io;json;pytest;subprocess;unittest.mock;wave,UNRESOLVED_STATICALLY,tests/acceptance/test_acceptance_cli.py;tests/core/test_pipeline.py;tests/core/test_piper_backend.py;tests/core/test_say_backend.py;tests/personal_capture/test_config.py;tests/personal_capture/test_operations.py;tests/personal_capture/test_review_app.py,,,,,YES,TEST
tests/core/test_piper_backend.py,TestSubprocessArgv,class,258,338,,,,__future__;dubbing.backends;dubbing.backends.base;dubbing.backends.piper;dubbing.models;io;json;pytest;subprocess;unittest.mock;wave,UNRESOLVED_STATICALLY,tests/core/test_piper_backend.py,,,,,NO_OR_UNKNOWN,TEST
tests/core/test_piper_backend.py,TestSubprocessArgv._capture,method,259,266,,tests/core/test_piper_backend.py:self._capture,,__future__;dubbing.backends;dubbing.backends.base;dubbing.backends.piper;dubbing.models;io;json;pytest;subprocess;unittest.mock;wave,STATICALLY_REFERENCED,tests/acceptance/test_acceptance_cli.py;tests/acceptance/test_project_structure.py;tests/core/test_piper_backend.py;tests/core/test_prosody.py;tests/core/test_say_backend.py;tests/personal_capture/test_benchmark.py;tests/personal_capture/test_config.py;tests/personal_capture/test_operations.py;tests/personal_capture/test_preflight.py;tests/personal_capture/test_review_app.py;tests/personal_capture/test_service.py,,,,,YES,TEST
tests/core/test_piper_backend.py,TestSubprocessArgv._capture.record,method,262,264,,,,__future__;dubbing.backends;dubbing.backends.base;dubbing.backends.piper;dubbing.models;io;json;pytest;subprocess;unittest.mock;wave,UNRESOLVED_STATICALLY,tests/acceptance/test_acceptance_cli.py;tests/core/test_pipeline.py;tests/core/test_piper_backend.py;tests/core/test_say_backend.py;tests/personal_capture/test_config.py;tests/personal_capture/test_operations.py;tests/personal_capture/test_review_app.py,,,,,YES,TEST
tests/core/test_piper_backend.py,TestSubprocessArgv.test_argv_starts_with_piper,method,268,273,,,,__future__;dubbing.backends;dubbing.backends.base;dubbing.backends.piper;dubbing.models;io;json;pytest;subprocess;unittest.mock;wave,UNRESOLVED_STATICALLY,tests/core/test_piper_backend.py,,,,,NO_OR_UNKNOWN,TEST
tests/core/test_piper_backend.py,TestSubprocessArgv.test_model_flag_in_argv,method,275,280,,,,__future__;dubbing.backends;dubbing.backends.base;dubbing.backends.piper;dubbing.models;io;json;pytest;subprocess;unittest.mock;wave,UNRESOLVED_STATICALLY,tests/core/test_piper_backend.py,,,,,NO_OR_UNKNOWN,TEST
tests/core/test_piper_backend.py,TestSubprocessArgv.test_model_path_follows_model_flag,method,282,288,,,,__future__;dubbing.backends;dubbing.backends.base;dubbing.backends.piper;dubbing.models;io;json;pytest;subprocess;unittest.mock;wave,UNRESOLVED_STATICALLY,tests/core/test_piper_backend.py,,,,,NO_OR_UNKNOWN,TEST
tests/core/test_piper_backend.py,TestSubprocessArgv.test_output_raw_flag_in_argv,method,290,295,,,,__future__;dubbing.backends;dubbing.backends.base;dubbing.backends.piper;dubbing.models;io;json;pytest;subprocess;unittest.mock;wave,UNRESOLVED_STATICALLY,tests/core/test_piper_backend.py,,,,,NO_OR_UNKNOWN,TEST
tests/core/test_piper_backend.py,TestSubprocessArgv.test_text_passed_via_stdin_not_argv,method,297,309,,,,__future__;dubbing.backends;dubbing.backends.base;dubbing.backends.piper;dubbing.models;io;json;pytest;subprocess;unittest.mock;wave,UNRESOLVED_STATICALLY,tests/core/test_piper_backend.py,,,,,NO_OR_UNKNOWN,TEST
tests/core/test_piper_backend.py,TestSubprocessArgv.test_text_passed_via_stdin_not_argv.record,method,302,304,,,,__future__;dubbing.backends;dubbing.backends.base;dubbing.backends.piper;dubbing.models;io;json;pytest;subprocess;unittest.mock;wave,UNRESOLVED_STATICALLY,tests/acceptance/test_acceptance_cli.py;tests/core/test_pipeline.py;tests/core/test_piper_backend.py;tests/core/test_say_backend.py;tests/personal_capture/test_config.py;tests/personal_capture/test_operations.py;tests/personal_capture/test_review_app.py,,,,,YES,TEST
tests/core/test_piper_backend.py,TestSubprocessArgv.test_hostile_text_not_injected_into_argv,method,311,325,,,,__future__;dubbing.backends;dubbing.backends.base;dubbing.backends.piper;dubbing.models;io;json;pytest;subprocess;unittest.mock;wave,UNRESOLVED_STATICALLY,tests/core/test_piper_backend.py,,,,,NO_OR_UNKNOWN,TEST
tests/core/test_piper_backend.py,TestSubprocessArgv.test_hostile_text_not_injected_into_argv.record,method,316,318,,,,__future__;dubbing.backends;dubbing.backends.base;dubbing.backends.piper;dubbing.models;io;json;pytest;subprocess;unittest.mock;wave,UNRESOLVED_STATICALLY,tests/acceptance/test_acceptance_cli.py;tests/core/test_pipeline.py;tests/core/test_piper_backend.py;tests/core/test_say_backend.py;tests/personal_capture/test_config.py;tests/personal_capture/test_operations.py;tests/personal_capture/test_review_app.py,,,,,YES,TEST
tests/core/test_piper_backend.py,TestSubprocessArgv.test_capture_stderr_is_set,method,327,338,,,,__future__;dubbing.backends;dubbing.backends.base;dubbing.backends.piper;dubbing.models;io;json;pytest;subprocess;unittest.mock;wave,UNRESOLVED_STATICALLY,tests/core/test_piper_backend.py,,,,,NO_OR_UNKNOWN,TEST
tests/core/test_piper_backend.py,TestSubprocessArgv.test_capture_stderr_is_set.record,method,331,333,,,,__future__;dubbing.backends;dubbing.backends.base;dubbing.backends.piper;dubbing.models;io;json;pytest;subprocess;unittest.mock;wave,UNRESOLVED_STATICALLY,tests/acceptance/test_acceptance_cli.py;tests/core/test_pipeline.py;tests/core/test_piper_backend.py;tests/core/test_say_backend.py;tests/personal_capture/test_config.py;tests/personal_capture/test_operations.py;tests/personal_capture/test_review_app.py,,,,,YES,TEST
tests/core/test_piper_backend.py,TestProsodyTagsAndText,class,345,375,,,,__future__;dubbing.backends;dubbing.backends.base;dubbing.backends.piper;dubbing.models;io;json;pytest;subprocess;unittest.mock;wave,UNRESOLVED_STATICALLY,tests/core/test_piper_backend.py,,,,,NO_OR_UNKNOWN,TEST
tests/core/test_piper_backend.py,TestProsodyTagsAndText.test_tags_preserved_in_result,method,346,352,,,,__future__;dubbing.backends;dubbing.backends.base;dubbing.backends.piper;dubbing.models;io;json;pytest;subprocess;unittest.mock;wave,UNRESOLVED_STATICALLY,tests/core/test_piper_backend.py,,,,,NO_OR_UNKNOWN,TEST
tests/core/test_piper_backend.py,TestProsodyTagsAndText.test_segment_text_reaches_subprocess_stdin,method,354,367,,,,__future__;dubbing.backends;dubbing.backends.base;dubbing.backends.piper;dubbing.models;io;json;pytest;subprocess;unittest.mock;wave,UNRESOLVED_STATICALLY,tests/core/test_piper_backend.py,,,,,NO_OR_UNKNOWN,TEST
tests/core/test_piper_backend.py,TestProsodyTagsAndText.test_segment_text_reaches_subprocess_stdin.record,method,359,361,,,,__future__;dubbing.backends;dubbing.backends.base;dubbing.backends.piper;dubbing.models;io;json;pytest;subprocess;unittest.mock;wave,UNRESOLVED_STATICALLY,tests/acceptance/test_acceptance_cli.py;tests/core/test_pipeline.py;tests/core/test_piper_backend.py;tests/core/test_say_backend.py;tests/personal_capture/test_config.py;tests/personal_capture/test_operations.py;tests/personal_capture/test_review_app.py,,,,,YES,TEST
tests/core/test_piper_backend.py,TestProsodyTagsAndText.test_multiple_tags_preserved,method,369,375,,,,__future__;dubbing.backends;dubbing.backends.base;dubbing.backends.piper;dubbing.models;io;json;pytest;subprocess;unittest.mock;wave,UNRESOLVED_STATICALLY,tests/core/test_piper_backend.py,,,,,NO_OR_UNKNOWN,TEST
tests/core/test_piper_backend.py,TestLanguagePassThrough,class,382,403,,,,__future__;dubbing.backends;dubbing.backends.base;dubbing.backends.piper;dubbing.models;io;json;pytest;subprocess;unittest.mock;wave,UNRESOLVED_STATICALLY,tests/core/test_piper_backend.py,,,,,NO_OR_UNKNOWN,TEST
tests/core/test_piper_backend.py,TestLanguagePassThrough.test_language_preserved_in_result,method,383,388,,,,__future__;dubbing.backends;dubbing.backends.base;dubbing.backends.piper;dubbing.models;io;json;pytest;subprocess;unittest.mock;wave,UNRESOLVED_STATICALLY,tests/core/test_piper_backend.py;tests/core/test_say_backend.py,,,,,NO_OR_UNKNOWN,TEST
tests/core/test_piper_backend.py,TestLanguagePassThrough.test_empty_language_preserved,method,390,395,,,,__future__;dubbing.backends;dubbing.backends.base;dubbing.backends.piper;dubbing.models;io;json;pytest;subprocess;unittest.mock;wave,UNRESOLVED_STATICALLY,tests/core/test_piper_backend.py,,,,,NO_OR_UNKNOWN,TEST
tests/core/test_piper_backend.py,TestLanguagePassThrough.test_language_for_each_result_matches_input_segment,method,397,403,,,,__future__;dubbing.backends;dubbing.backends.base;dubbing.backends.piper;dubbing.models;io;json;pytest;subprocess;unittest.mock;wave,UNRESOLVED_STATICALLY,tests/core/test_piper_backend.py,,,,,NO_OR_UNKNOWN,TEST
tests/core/test_piper_backend.py,TestSampleRateFromStderr,class,410,476,,,,__future__;dubbing.backends;dubbing.backends.base;dubbing.backends.piper;dubbing.models;io;json;pytest;subprocess;unittest.mock;wave,UNRESOLVED_STATICALLY,tests/core/test_piper_backend.py,,,,,NO_OR_UNKNOWN,TEST
tests/core/test_piper_backend.py,TestSampleRateFromStderr.test_default_sample_rate_when_no_stderr,method,411,416,,,,__future__;dubbing.backends;dubbing.backends.base;dubbing.backends.piper;dubbing.models;io;json;pytest;subprocess;unittest.mock;wave,UNRESOLVED_STATICALLY,tests/core/test_piper_backend.py,,,,,NO_OR_UNKNOWN,TEST
tests/core/test_piper_backend.py,TestSampleRateFromStderr.test_sample_rate_extracted_from_stderr_json,method,418,429,,,,__future__;dubbing.backends;dubbing.backends.base;dubbing.backends.piper;dubbing.models;io;json;pytest;subprocess;unittest.mock;wave,UNRESOLVED_STATICALLY,tests/core/test_piper_backend.py,,,,,NO_OR_UNKNOWN,TEST
tests/core/test_piper_backend.py,TestSampleRateFromStderr.test_non_json_stderr_falls_back_to_default_rate,method,431,437,,,,__future__;dubbing.backends;dubbing.backends.base;dubbing.backends.piper;dubbing.models;io;json;pytest;subprocess;unittest.mock;wave,UNRESOLVED_STATICALLY,tests/core/test_piper_backend.py,,,,,NO_OR_UNKNOWN,TEST
tests/core/test_piper_backend.py,TestSampleRateFromStderr.test_mixed_json_and_non_json_stderr_uses_first_audio_key,method,439,454,,,,__future__;dubbing.backends;dubbing.backends.base;dubbing.backends.piper;dubbing.models;io;json;pytest;subprocess;unittest.mock;wave,UNRESOLVED_STATICALLY,tests/core/test_piper_backend.py,,,,,NO_OR_UNKNOWN,TEST
tests/core/test_piper_backend.py,TestSampleRateFromStderr.test_stderr_json_without_audio_key_uses_default,method,456,462,,,,__future__;dubbing.backends;dubbing.backends.base;dubbing.backends.piper;dubbing.models;io;json;pytest;subprocess;unittest.mock;wave,UNRESOLVED_STATICALLY,tests/core/test_piper_backend.py,,,,,NO_OR_UNKNOWN,TEST
tests/core/test_piper_backend.py,TestSampleRateFromStderr.test_malformed_sample_rate_in_json_uses_default,method,464,476,,,,__future__;dubbing.backends;dubbing.backends.base;dubbing.backends.piper;dubbing.models;io;json;pytest;subprocess;unittest.mock;wave,UNRESOLVED_STATICALLY,tests/core/test_piper_backend.py,,,,,NO_OR_UNKNOWN,TEST
tests/core/test_piper_backend.py,TestSubprocessFailure,class,483,516,,,,__future__;dubbing.backends;dubbing.backends.base;dubbing.backends.piper;dubbing.models;io;json;pytest;subprocess;unittest.mock;wave,UNRESOLVED_STATICALLY,tests/core/test_piper_backend.py,,,,,NO_OR_UNKNOWN,TEST
tests/core/test_piper_backend.py,TestSubprocessFailure.test_called_process_error_propagates,method,484,491,,,,__future__;dubbing.backends;dubbing.backends.base;dubbing.backends.piper;dubbing.models;io;json;pytest;subprocess;unittest.mock;wave,UNRESOLVED_STATICALLY,tests/core/test_piper_backend.py,,,,,NO_OR_UNKNOWN,TEST
tests/core/test_piper_backend.py,TestSubprocessFailure.test_timeout_error_propagates,method,493,500,,,,__future__;dubbing.backends;dubbing.backends.base;dubbing.backends.piper;dubbing.models;io;json;pytest;subprocess;unittest.mock;wave,UNRESOLVED_STATICALLY,tests/core/test_piper_backend.py,,,,,NO_OR_UNKNOWN,TEST
tests/core/test_piper_backend.py,TestSubprocessFailure.test_error_on_second_segment_does_not_silently_return_partial,method,502,516,,,,__future__;dubbing.backends;dubbing.backends.base;dubbing.backends.piper;dubbing.models;io;json;pytest;subprocess;unittest.mock;wave,UNRESOLVED_STATICALLY,tests/core/test_piper_backend.py,,,,,NO_OR_UNKNOWN,TEST
tests/core/test_piper_backend.py,TestSubprocessFailure.test_error_on_second_segment_does_not_silently_return_partial.fail_on_second,method,505,510,,,,__future__;dubbing.backends;dubbing.backends.base;dubbing.backends.piper;dubbing.models;io;json;pytest;subprocess;unittest.mock;wave,UNRESOLVED_STATICALLY,tests/core/test_piper_backend.py,,,,,NO_OR_UNKNOWN,TEST
tests/core/test_piper_backend.py,TestRawToWav,class,523,551,,,,__future__;dubbing.backends;dubbing.backends.base;dubbing.backends.piper;dubbing.models;io;json;pytest;subprocess;unittest.mock;wave,UNRESOLVED_STATICALLY,tests/core/test_piper_backend.py,,,,,NO_OR_UNKNOWN,TEST
tests/core/test_piper_backend.py,TestRawToWav.test_returns_bytes,method,524,525,,,,__future__;dubbing.backends;dubbing.backends.base;dubbing.backends.piper;dubbing.models;io;json;pytest;subprocess;unittest.mock;wave,UNRESOLVED_STATICALLY,tests/core/test_piper_backend.py,,,,,NO_OR_UNKNOWN,TEST
tests/core/test_piper_backend.py,TestRawToWav.test_starts_with_riff_header,method,527,530,,,,__future__;dubbing.backends;dubbing.backends.base;dubbing.backends.piper;dubbing.models;io;json;pytest;subprocess;unittest.mock;wave,UNRESOLVED_STATICALLY,tests/core/test_piper_backend.py,,,,,NO_OR_UNKNOWN,TEST
tests/core/test_piper_backend.py,TestRawToWav.test_wav_encodes_correct_sample_rate,method,532,536,,,,__future__;dubbing.backends;dubbing.backends.base;dubbing.backends.piper;dubbing.models;io;json;pytest;subprocess;unittest.mock;wave,UNRESOLVED_STATICALLY,tests/core/test_piper_backend.py,,,,,NO_OR_UNKNOWN,TEST
tests/core/test_piper_backend.py,TestRawToWav.test_wav_is_mono,method,538,541,,,,__future__;dubbing.backends;dubbing.backends.base;dubbing.backends.piper;dubbing.models;io;json;pytest;subprocess;unittest.mock;wave,UNRESOLVED_STATICALLY,tests/core/test_piper_backend.py,,,,,NO_OR_UNKNOWN,TEST
tests/core/test_piper_backend.py,TestRawToWav.test_wav_is_16bit,method,543,546,,,,__future__;dubbing.backends;dubbing.backends.base;dubbing.backends.piper;dubbing.models;io;json;pytest;subprocess;unittest.mock;wave,UNRESOLVED_STATICALLY,tests/core/test_piper_backend.py,,,,,NO_OR_UNKNOWN,TEST
tests/core/test_piper_backend.py,TestRawToWav.test_empty_raw_produces_valid_wav_with_zero_frames,method,548,551,,,,__future__;dubbing.backends;dubbing.backends.base;dubbing.backends.piper;dubbing.models;io;json;pytest;subprocess;unittest.mock;wave,UNRESOLVED_STATICALLY,tests/core/test_piper_backend.py,,,,,NO_OR_UNKNOWN,TEST
tests/core/test_piper_backend.py,TestWavDurationMs,class,554,569,,,,__future__;dubbing.backends;dubbing.backends.base;dubbing.backends.piper;dubbing.models;io;json;pytest;subprocess;unittest.mock;wave,UNRESOLVED_STATICALLY,tests/core/test_piper_backend.py,,,,,NO_OR_UNKNOWN,TEST
tests/core/test_piper_backend.py,TestWavDurationMs.test_100ms_silent_pcm,method,555,558,,,,__future__;dubbing.backends;dubbing.backends.base;dubbing.backends.piper;dubbing.models;io;json;pytest;subprocess;unittest.mock;wave,UNRESOLVED_STATICALLY,tests/core/test_piper_backend.py,,,,,NO_OR_UNKNOWN,TEST
tests/core/test_piper_backend.py,TestWavDurationMs.test_1000ms_at_16khz,method,560,562,,,,__future__;dubbing.backends;dubbing.backends.base;dubbing.backends.piper;dubbing.models;io;json;pytest;subprocess;unittest.mock;wave,UNRESOLVED_STATICALLY,tests/core/test_piper_backend.py,,,,,NO_OR_UNKNOWN,TEST
tests/core/test_piper_backend.py,TestWavDurationMs.test_duration_rounds_down,method,564,569,,,,__future__;dubbing.backends;dubbing.backends.base;dubbing.backends.piper;dubbing.models;io;json;pytest;subprocess;unittest.mock;wave,UNRESOLVED_STATICALLY,tests/core/test_piper_backend.py,,,,,NO_OR_UNKNOWN,TEST
tests/core/test_piper_backend.py,TestSelectBackend,class,576,630,,,,__future__;dubbing.backends;dubbing.backends.base;dubbing.backends.piper;dubbing.models;io;json;pytest;subprocess;unittest.mock;wave,UNRESOLVED_STATICALLY,tests/core/test_piper_backend.py,,,,,NO_OR_UNKNOWN,TEST
tests/core/test_piper_backend.py,TestSelectBackend.test_returns_piper_backend_when_piper_on_path,method,577,583,,,,__future__;dubbing.backends;dubbing.backends.base;dubbing.backends.piper;dubbing.models;io;json;pytest;subprocess;unittest.mock;wave,UNRESOLVED_STATICALLY,tests/core/test_piper_backend.py,,,,,NO_OR_UNKNOWN,TEST
tests/core/test_piper_backend.py,TestSelectBackend.test_returns_say_backend_when_complete_say_toolchain_exists,method,585,591,,,,__future__;dubbing.backends;dubbing.backends.base;dubbing.backends.piper;dubbing.models;io;json;pytest;subprocess;unittest.mock;wave,UNRESOLVED_STATICALLY,tests/core/test_piper_backend.py,,,,,NO_OR_UNKNOWN,TEST
tests/core/test_piper_backend.py,TestSelectBackend.test_returns_say_backend_when_complete_say_toolchain_exists.which,method,586,587,,dubbing/apps/personal_capture/preflight.py:shutil.which;dubbing/backends/__init__.py:shutil.which;dubbing/backends/espeak.py:shutil.which;dubbing/backends/piper.py:shutil.which;dubbing/backends/say.py:shutil.which;dubbing/diarization/sherpa.py:shutil.which;dubbing/media.py:shutil.which;dubbing/transcription/job.py:shutil.which;tests/cli/test_cli.py:shutil.which;tests/core/test_espeak_backend.py:shutil.which;tests/core/test_say_backend.py:shutil.which,,__future__;dubbing.backends;dubbing.backends.base;dubbing.backends.piper;dubbing.models;io;json;pytest;subprocess;unittest.mock;wave,STATICALLY_REFERENCED,tests/cli/test_cli.py;tests/core/test_espeak_backend.py;tests/core/test_media.py;tests/core/test_parallel_pipeline.py;tests/core/test_piper_backend.py;tests/core/test_prosody.py;tests/core/test_prosody_bounds.py;tests/core/test_say_backend.py;tests/personal_capture/test_preflight.py,,,,,YES,TEST
tests/core/test_piper_backend.py,TestSelectBackend.test_piper_backend_is_tts_backend,method,593,599,,,,__future__;dubbing.backends;dubbing.backends.base;dubbing.backends.piper;dubbing.models;io;json;pytest;subprocess;unittest.mock;wave,UNRESOLVED_STATICALLY,tests/core/test_piper_backend.py,,,,,NO_OR_UNKNOWN,TEST
tests/core/test_piper_backend.py,TestSelectBackend.test_espeak_backend_is_tts_backend,method,601,607,,,,__future__;dubbing.backends;dubbing.backends.base;dubbing.backends.piper;dubbing.models;io;json;pytest;subprocess;unittest.mock;wave,UNRESOLVED_STATICALLY,tests/core/test_piper_backend.py,,,,,NO_OR_UNKNOWN,TEST
tests/core/test_piper_backend.py,TestSelectBackend.test_espeak_backend_is_tts_backend.which,method,602,603,,dubbing/apps/personal_capture/preflight.py:shutil.which;dubbing/backends/__init__.py:shutil.which;dubbing/backends/espeak.py:shutil.which;dubbing/backends/piper.py:shutil.which;dubbing/backends/say.py:shutil.which;dubbing/diarization/sherpa.py:shutil.which;dubbing/media.py:shutil.which;dubbing/transcription/job.py:shutil.which;tests/cli/test_cli.py:shutil.which;tests/core/test_espeak_backend.py:shutil.which;tests/core/test_say_backend.py:shutil.which,,__future__;dubbing.backends;dubbing.backends.base;dubbing.backends.piper;dubbing.models;io;json;pytest;subprocess;unittest.mock;wave,STATICALLY_REFERENCED,tests/cli/test_cli.py;tests/core/test_espeak_backend.py;tests/core/test_media.py;tests/core/test_parallel_pipeline.py;tests/core/test_piper_backend.py;tests/core/test_prosody.py;tests/core/test_prosody_bounds.py;tests/core/test_say_backend.py;tests/personal_capture/test_preflight.py,,,,,YES,TEST
tests/core/test_piper_backend.py,TestSelectBackend.test_which_called_with_piper_argument,method,609,616,,,,__future__;dubbing.backends;dubbing.backends.base;dubbing.backends.piper;dubbing.models;io;json;pytest;subprocess;unittest.mock;wave,UNRESOLVED_STATICALLY,tests/core/test_piper_backend.py,,,,,NO_OR_UNKNOWN,TEST
tests/core/test_piper_backend.py,TestSelectBackend.test_no_available_backend_raises_actionable_error,method,618,621,,,,__future__;dubbing.backends;dubbing.backends.base;dubbing.backends.piper;dubbing.models;io;json;pytest;subprocess;unittest.mock;wave,UNRESOLVED_STATICALLY,tests/core/test_piper_backend.py,,,,,NO_OR_UNKNOWN,TEST
tests/core/test_piper_backend.py,TestSelectBackend.test_piper_backend_returned_for_configured_paths,method,623,630,,,,__future__;dubbing.backends;dubbing.backends.base;dubbing.backends.piper;dubbing.models;io;json;pytest;subprocess;unittest.mock;wave,UNRESOLVED_STATICALLY,tests/core/test_piper_backend.py,,,,,NO_OR_UNKNOWN,TEST
tests/core/test_prosody.py,test_returns_tuple,function,12,15,,,all;isinstance;len;parse_prosody,__future__;dubbing.models;dubbing.prosody,UNRESOLVED_STATICALLY,tests/core/test_prosody.py,,,,,NO_OR_UNKNOWN,TEST
tests/core/test_prosody.py,test_clean_text_is_str,function,18,20,,,all;isinstance;len;parse_prosody,__future__;dubbing.models;dubbing.prosody,UNRESOLVED_STATICALLY,tests/core/test_prosody.py,,,,,NO_OR_UNKNOWN,TEST
tests/core/test_prosody.py,test_tags_is_list,function,23,25,,,all;isinstance;len;parse_prosody,__future__;dubbing.models;dubbing.prosody,UNRESOLVED_STATICALLY,tests/core/test_prosody.py,,,,,NO_OR_UNKNOWN,TEST
tests/core/test_prosody.py,test_plain_text_unchanged,function,32,35,,,all;isinstance;len;parse_prosody,__future__;dubbing.models;dubbing.prosody,UNRESOLVED_STATICALLY,tests/core/test_prosody.py,,,,,NO_OR_UNKNOWN,TEST
tests/core/test_prosody.py,test_empty_string,function,38,41,,,all;isinstance;len;parse_prosody,__future__;dubbing.models;dubbing.prosody,UNRESOLVED_STATICALLY,tests/core/test_pipeline.py;tests/core/test_prosody.py;tests/core/test_srt_parser.py,,,,,NO_OR_UNKNOWN,TEST
tests/core/test_prosody.py,test_whitespace_only,function,44,47,,,all;isinstance;len;parse_prosody,__future__;dubbing.models;dubbing.prosody,UNRESOLVED_STATICALLY,tests/core/test_prosody.py;tests/core/test_srt_parser.py,,,,,NO_OR_UNKNOWN,TEST
tests/core/test_prosody.py,test_emotion_tag_removed_from_text,function,54,56,,,all;isinstance;len;parse_prosody,__future__;dubbing.models;dubbing.prosody,UNRESOLVED_STATICALLY,tests/core/test_prosody.py,,,,,NO_OR_UNKNOWN,TEST
tests/core/test_prosody.py,test_emotion_tag_clean_text,function,59,61,,,all;isinstance;len;parse_prosody,__future__;dubbing.models;dubbing.prosody,UNRESOLVED_STATICALLY,tests/core/test_prosody.py,,,,,NO_OR_UNKNOWN,TEST
tests/core/test_prosody.py,test_emotion_tag_captured,function,64,68,,,all;isinstance;len;parse_prosody,__future__;dubbing.models;dubbing.prosody,UNRESOLVED_STATICALLY,tests/core/test_prosody.py,,,,,NO_OR_UNKNOWN,TEST
tests/core/test_prosody.py,test_rate_tag_removed_from_text,function,71,73,,,all;isinstance;len;parse_prosody,__future__;dubbing.models;dubbing.prosody,UNRESOLVED_STATICALLY,tests/core/test_prosody.py,,,,,NO_OR_UNKNOWN,TEST
tests/core/test_prosody.py,test_rate_tag_clean_text,function,76,78,,,all;isinstance;len;parse_prosody,__future__;dubbing.models;dubbing.prosody,UNRESOLVED_STATICALLY,tests/core/test_prosody.py,,,,,NO_OR_UNKNOWN,TEST
tests/core/test_prosody.py,test_rate_tag_captured,function,81,85,,,all;isinstance;len;parse_prosody,__future__;dubbing.models;dubbing.prosody,UNRESOLVED_STATICALLY,tests/core/test_prosody.py,,,,,NO_OR_UNKNOWN,TEST
tests/core/test_prosody.py,test_two_tags_both_removed,function,92,96,,,all;isinstance;len;parse_prosody,__future__;dubbing.models;dubbing.prosody,UNRESOLVED_STATICALLY,tests/core/test_prosody.py,,,,,NO_OR_UNKNOWN,TEST
tests/core/test_prosody.py,test_two_tags_both_captured,function,99,101,,,all;isinstance;len;parse_prosody,__future__;dubbing.models;dubbing.prosody,UNRESOLVED_STATICALLY,tests/core/test_prosody.py,,,,,NO_OR_UNKNOWN,TEST
tests/core/test_prosody.py,test_two_tags_correct_names,function,104,107,,,all;isinstance;len;parse_prosody,__future__;dubbing.models;dubbing.prosody,UNRESOLVED_STATICALLY,tests/core/test_prosody.py,,,,,NO_OR_UNKNOWN,TEST
tests/core/test_prosody.py,test_two_tags_correct_values,function,110,114,,,all;isinstance;len;parse_prosody,__future__;dubbing.models;dubbing.prosody,UNRESOLVED_STATICALLY,tests/core/test_prosody.py,,,,,NO_OR_UNKNOWN,TEST
tests/core/test_prosody.py,test_tag_in_middle_of_text,function,117,121,,,all;isinstance;len;parse_prosody,__future__;dubbing.models;dubbing.prosody,UNRESOLVED_STATICALLY,tests/core/test_prosody.py,,,,,NO_OR_UNKNOWN,TEST
tests/core/test_prosody.py,test_tag_at_end_of_text,function,124,128,,,all;isinstance;len;parse_prosody,__future__;dubbing.models;dubbing.prosody,UNRESOLVED_STATICALLY,tests/core/test_prosody.py,,,,,NO_OR_UNKNOWN,TEST
tests/core/test_prosody.py,test_tags_order_matches_appearance,function,131,133,,,all;isinstance;len;parse_prosody,__future__;dubbing.models;dubbing.prosody,UNRESOLVED_STATICALLY,tests/core/test_prosody.py,,,,,NO_OR_UNKNOWN,TEST
tests/core/test_prosody.py,test_three_tags_all_removed,function,136,139,,,all;isinstance;len;parse_prosody,__future__;dubbing.models;dubbing.prosody,UNRESOLVED_STATICALLY,tests/core/test_prosody.py,,,,,NO_OR_UNKNOWN,TEST
tests/core/test_prosody.py,test_tags_are_prosodytag_instances,function,146,148,,,all;isinstance;len;parse_prosody,__future__;dubbing.models;dubbing.prosody,UNRESOLVED_STATICALLY,tests/core/test_prosody.py,,,,,NO_OR_UNKNOWN,TEST
tests/core/test_prosody.py,test_html_like_tag_without_colon_not_consumed,function,155,159,,,all;isinstance;len;parse_prosody,__future__;dubbing.models;dubbing.prosody,UNRESOLVED_STATICALLY,tests/core/test_prosody.py,,,,,NO_OR_UNKNOWN,TEST
tests/core/test_prosody.py,test_numeric_value_tag_not_consumed,function,162,167,,,all;isinstance;len;parse_prosody,__future__;dubbing.models;dubbing.prosody,UNRESOLVED_STATICALLY,tests/core/test_prosody.py,,,,,NO_OR_UNKNOWN,TEST
tests/core/test_prosody.py,test_tag_with_spaces_not_consumed,function,170,174,,,all;isinstance;len;parse_prosody,__future__;dubbing.models;dubbing.prosody,UNRESOLVED_STATICALLY,tests/core/test_prosody.py,,,,,NO_OR_UNKNOWN,TEST
tests/core/test_prosody.py,test_text_before_tag_preserved,function,181,184,,,all;isinstance;len;parse_prosody,__future__;dubbing.models;dubbing.prosody,UNRESOLVED_STATICALLY,tests/core/test_prosody.py,,,,,NO_OR_UNKNOWN,TEST
tests/core/test_prosody.py,test_no_extra_whitespace_introduced,function,187,190,,,all;isinstance;len;parse_prosody,__future__;dubbing.models;dubbing.prosody,UNRESOLVED_STATICALLY,tests/core/test_prosody.py,,,,,NO_OR_UNKNOWN,TEST
tests/core/test_prosody_bounds.py,_stub_wav_bytes,function,25,32,,tests/core/test_prosody_bounds.py:_stub_wav_bytes,Path;Path.write_bytes;_say_cmd;_say_stdin;_stub_wav_bytes;_synthesize_with_say;buf.getvalue;calls.append;cmd.index;int;io.BytesIO;kwargs.get;list;monkeypatch.setattr;pytest.fixture;pytest.mark.parametrize;raw.decode;subprocess.CompletedProcess;wave.open;wf.setframerate;wf.setnchannels;wf.setsampwidth;wf.writeframes,__future__;dubbing.backends.say;io;pathlib;pytest;subprocess;wave,STATICALLY_REFERENCED,tests/core/test_prosody_bounds.py,,,,,NO_OR_UNKNOWN,TEST
tests/core/test_prosody_bounds.py,captured_say,function,36,49,pytest.fixture,,Path;Path.write_bytes;_say_cmd;_say_stdin;_stub_wav_bytes;_synthesize_with_say;buf.getvalue;calls.append;cmd.index;int;io.BytesIO;kwargs.get;list;monkeypatch.setattr;pytest.fixture;pytest.mark.parametrize;raw.decode;subprocess.CompletedProcess;wave.open;wf.setframerate;wf.setnchannels;wf.setsampwidth;wf.writeframes,__future__;dubbing.backends.say;io;pathlib;pytest;subprocess;wave,UNRESOLVED_STATICALLY,tests/core/test_prosody_bounds.py,,,,,NO_OR_UNKNOWN,TEST
tests/core/test_prosody_bounds.py,captured_say.fake_run,method,40,45,,,,__future__;dubbing.backends.say;io;pathlib;pytest;subprocess;wave,UNRESOLVED_STATICALLY,tests/core/test_prosody_bounds.py,,,,,NO_OR_UNKNOWN,TEST
tests/core/test_prosody_bounds.py,_say_cmd,function,52,53,,tests/core/test_prosody_bounds.py:_say_cmd,Path;Path.write_bytes;_say_cmd;_say_stdin;_stub_wav_bytes;_synthesize_with_say;buf.getvalue;calls.append;cmd.index;int;io.BytesIO;kwargs.get;list;monkeypatch.setattr;pytest.fixture;pytest.mark.parametrize;raw.decode;subprocess.CompletedProcess;wave.open;wf.setframerate;wf.setnchannels;wf.setsampwidth;wf.writeframes,__future__;dubbing.backends.say;io;pathlib;pytest;subprocess;wave,STATICALLY_REFERENCED,tests/core/test_prosody_bounds.py,,,,,NO_OR_UNKNOWN,TEST
tests/core/test_prosody_bounds.py,_say_stdin,function,56,58,,tests/core/test_prosody_bounds.py:_say_stdin,Path;Path.write_bytes;_say_cmd;_say_stdin;_stub_wav_bytes;_synthesize_with_say;buf.getvalue;calls.append;cmd.index;int;io.BytesIO;kwargs.get;list;monkeypatch.setattr;pytest.fixture;pytest.mark.parametrize;raw.decode;subprocess.CompletedProcess;wave.open;wf.setframerate;wf.setnchannels;wf.setsampwidth;wf.writeframes,__future__;dubbing.backends.say;io;pathlib;pytest;subprocess;wave,STATICALLY_REFERENCED,tests/core/test_prosody_bounds.py,,,,,NO_OR_UNKNOWN,TEST
tests/core/test_prosody_bounds.py,test_rate_clamping_delivered_to_say,function,78,85,pytest.mark.parametrize,,Path;Path.write_bytes;_say_cmd;_say_stdin;_stub_wav_bytes;_synthesize_with_say;buf.getvalue;calls.append;cmd.index;int;io.BytesIO;kwargs.get;list;monkeypatch.setattr;pytest.fixture;pytest.mark.parametrize;raw.decode;subprocess.CompletedProcess;wave.open;wf.setframerate;wf.setnchannels;wf.setsampwidth;wf.writeframes,__future__;dubbing.backends.say;io;pathlib;pytest;subprocess;wave,UNRESOLVED_STATICALLY,tests/core/test_prosody_bounds.py,,,,,NO_OR_UNKNOWN,TEST
tests/core/test_prosody_bounds.py,test_pitch_clamping_delivered_to_say,function,106,111,pytest.mark.parametrize,,Path;Path.write_bytes;_say_cmd;_say_stdin;_stub_wav_bytes;_synthesize_with_say;buf.getvalue;calls.append;cmd.index;int;io.BytesIO;kwargs.get;list;monkeypatch.setattr;pytest.fixture;pytest.mark.parametrize;raw.decode;subprocess.CompletedProcess;wave.open;wf.setframerate;wf.setnchannels;wf.setsampwidth;wf.writeframes,__future__;dubbing.backends.say;io;pathlib;pytest;subprocess;wave,UNRESOLVED_STATICALLY,tests/core/test_prosody_bounds.py,,,,,NO_OR_UNKNOWN,TEST
tests/core/test_prosody_bounds.py,test_rate_none_emits_no_r_flag,function,118,120,,,Path;Path.write_bytes;_say_cmd;_say_stdin;_stub_wav_bytes;_synthesize_with_say;buf.getvalue;calls.append;cmd.index;int;io.BytesIO;kwargs.get;list;monkeypatch.setattr;pytest.fixture;pytest.mark.parametrize;raw.decode;subprocess.CompletedProcess;wave.open;wf.setframerate;wf.setnchannels;wf.setsampwidth;wf.writeframes,__future__;dubbing.backends.say;io;pathlib;pytest;subprocess;wave,UNRESOLVED_STATICALLY,tests/core/test_prosody_bounds.py,,,,,NO_OR_UNKNOWN,TEST
tests/core/test_prosody_bounds.py,test_pitch_none_emits_no_pbas,function,123,125,,,Path;Path.write_bytes;_say_cmd;_say_stdin;_stub_wav_bytes;_synthesize_with_say;buf.getvalue;calls.append;cmd.index;int;io.BytesIO;kwargs.get;list;monkeypatch.setattr;pytest.fixture;pytest.mark.parametrize;raw.decode;subprocess.CompletedProcess;wave.open;wf.setframerate;wf.setnchannels;wf.setsampwidth;wf.writeframes,__future__;dubbing.backends.say;io;pathlib;pytest;subprocess;wave,UNRESOLVED_STATICALLY,tests/core/test_prosody_bounds.py,,,,,NO_OR_UNKNOWN,TEST
tests/core/test_prosody_bounds.py,test_rate_min_boundary_flag_present,function,133,137,,,Path;Path.write_bytes;_say_cmd;_say_stdin;_stub_wav_bytes;_synthesize_with_say;buf.getvalue;calls.append;cmd.index;int;io.BytesIO;kwargs.get;list;monkeypatch.setattr;pytest.fixture;pytest.mark.parametrize;raw.decode;subprocess.CompletedProcess;wave.open;wf.setframerate;wf.setnchannels;wf.setsampwidth;wf.writeframes,__future__;dubbing.backends.say;io;pathlib;pytest;subprocess;wave,UNRESOLVED_STATICALLY,tests/core/test_prosody_bounds.py,,,,,NO_OR_UNKNOWN,TEST
tests/core/test_prosody_bounds.py,test_rate_max_boundary_flag_present,function,140,144,,,Path;Path.write_bytes;_say_cmd;_say_stdin;_stub_wav_bytes;_synthesize_with_say;buf.getvalue;calls.append;cmd.index;int;io.BytesIO;kwargs.get;list;monkeypatch.setattr;pytest.fixture;pytest.mark.parametrize;raw.decode;subprocess.CompletedProcess;wave.open;wf.setframerate;wf.setnchannels;wf.setsampwidth;wf.writeframes,__future__;dubbing.backends.say;io;pathlib;pytest;subprocess;wave,UNRESOLVED_STATICALLY,tests/core/test_prosody_bounds.py,,,,,NO_OR_UNKNOWN,TEST
tests/core/test_prosody_bounds.py,test_pitch_min_boundary_embedded_present,function,147,149,,,Path;Path.write_bytes;_say_cmd;_say_stdin;_stub_wav_bytes;_synthesize_with_say;buf.getvalue;calls.append;cmd.index;int;io.BytesIO;kwargs.get;list;monkeypatch.setattr;pytest.fixture;pytest.mark.parametrize;raw.decode;subprocess.CompletedProcess;wave.open;wf.setframerate;wf.setnchannels;wf.setsampwidth;wf.writeframes,__future__;dubbing.backends.say;io;pathlib;pytest;subprocess;wave,UNRESOLVED_STATICALLY,tests/core/test_prosody_bounds.py,,,,,NO_OR_UNKNOWN,TEST
tests/core/test_prosody_bounds.py,test_pitch_max_boundary_embedded_present,function,152,154,,,Path;Path.write_bytes;_say_cmd;_say_stdin;_stub_wav_bytes;_synthesize_with_say;buf.getvalue;calls.append;cmd.index;int;io.BytesIO;kwargs.get;list;monkeypatch.setattr;pytest.fixture;pytest.mark.parametrize;raw.decode;subprocess.CompletedProcess;wave.open;wf.setframerate;wf.setnchannels;wf.setsampwidth;wf.writeframes,__future__;dubbing.backends.say;io;pathlib;pytest;subprocess;wave,UNRESOLVED_STATICALLY,tests/core/test_prosody_bounds.py,,,,,NO_OR_UNKNOWN,TEST
tests/core/test_prosody_bounds.py,test_rate_and_pitch_clamped_independently,function,170,184,pytest.mark.parametrize,,Path;Path.write_bytes;_say_cmd;_say_stdin;_stub_wav_bytes;_synthesize_with_say;buf.getvalue;calls.append;cmd.index;int;io.BytesIO;kwargs.get;list;monkeypatch.setattr;pytest.fixture;pytest.mark.parametrize;raw.decode;subprocess.CompletedProcess;wave.open;wf.setframerate;wf.setnchannels;wf.setsampwidth;wf.writeframes,__future__;dubbing.backends.say;io;pathlib;pytest;subprocess;wave,UNRESOLVED_STATICALLY,tests/core/test_prosody_bounds.py,,,,,NO_OR_UNKNOWN,TEST
tests/core/test_say_backend.py,make_entry,function,26,27,,tests/core/test_say_backend.py:make_entry,Path;Path.write_bytes;ProsodyTag;SRTEntry;SayTTSBackend;SayTTSBackend.synthesize;Segment;_pbas_for_tags;_rate_for_tags;_synthesize_with_say;_voice_for_language;all;backend.synthesize;buf.getvalue;calls.append;calls.clear;decode;endswith;hostile.encode;io.BytesIO;isinstance;issubclass;len;list;make_entry;make_segment;monkeypatch.setattr;patch;pytest.fixture;pytest.mark.skipif;pytest.raises;range;say_cmd.count;say_cmd.index;self._capture_commands;shutil.which;subprocess.CalledProcessError;subprocess.CompletedProcess;type;wave.open;wf.getframerate;wf.getnchannels;wf.getsampwidth;wf.setframerate;wf.setnchannels;wf.setsampwidth;wf.writeframes;zip,__future__;dubbing.backends.base;dubbing.backends.say;dubbing.models;io;pathlib;pytest;shutil;subprocess;unittest.mock;wave,STATICALLY_REFERENCED,tests/core/test_piper_backend.py;tests/core/test_say_backend.py,,,,,NO_OR_UNKNOWN,TEST
tests/core/test_say_backend.py,make_segment,function,30,31,,tests/conftest.py:make_segment;tests/core/test_boundaries.py:make_segment;tests/core/test_mutant_killers.py:make_segment;tests/core/test_say_backend.py:make_segment;tests/support/builders.py:make_segment,Path;Path.write_bytes;ProsodyTag;SRTEntry;SayTTSBackend;SayTTSBackend.synthesize;Segment;_pbas_for_tags;_rate_for_tags;_synthesize_with_say;_voice_for_language;all;backend.synthesize;buf.getvalue;calls.append;calls.clear;decode;endswith;hostile.encode;io.BytesIO;isinstance;issubclass;len;list;make_entry;make_segment;monkeypatch.setattr;patch;pytest.fixture;pytest.mark.skipif;pytest.raises;range;say_cmd.count;say_cmd.index;self._capture_commands;shutil.which;subprocess.CalledProcessError;subprocess.CompletedProcess;type;wave.open;wf.getframerate;wf.getnchannels;wf.getsampwidth;wf.setframerate;wf.setnchannels;wf.setsampwidth;wf.writeframes;zip,__future__;dubbing.backends.base;dubbing.backends.say;dubbing.models;io;pathlib;pytest;shutil;subprocess;unittest.mock;wave,STATICALLY_REFERENCED,tests/conftest.py;tests/core/test_aligner.py;tests/core/test_boundaries.py;tests/core/test_mutant_killers.py;tests/core/test_piper_backend.py;tests/core/test_say_backend.py;tests/support/builders.py,,,,,NO_OR_UNKNOWN,TEST
tests/core/test_say_backend.py,test_say_backend_is_tts_backend,function,38,39,,,Path;Path.write_bytes;ProsodyTag;SRTEntry;SayTTSBackend;SayTTSBackend.synthesize;Segment;_pbas_for_tags;_rate_for_tags;_synthesize_with_say;_voice_for_language;all;backend.synthesize;buf.getvalue;calls.append;calls.clear;decode;endswith;hostile.encode;io.BytesIO;isinstance;issubclass;len;list;make_entry;make_segment;monkeypatch.setattr;patch;pytest.fixture;pytest.mark.skipif;pytest.raises;range;say_cmd.count;say_cmd.index;self._capture_commands;shutil.which;subprocess.CalledProcessError;subprocess.CompletedProcess;type;wave.open;wf.getframerate;wf.getnchannels;wf.getsampwidth;wf.setframerate;wf.setnchannels;wf.setsampwidth;wf.writeframes;zip,__future__;dubbing.backends.base;dubbing.backends.say;dubbing.models;io;pathlib;pytest;shutil;subprocess;unittest.mock;wave,UNRESOLVED_STATICALLY,tests/core/test_say_backend.py,,,,,NO_OR_UNKNOWN,TEST
tests/core/test_say_backend.py,test_instance_is_tts_backend,function,42,43,,,Path;Path.write_bytes;ProsodyTag;SRTEntry;SayTTSBackend;SayTTSBackend.synthesize;Segment;_pbas_for_tags;_rate_for_tags;_synthesize_with_say;_voice_for_language;all;backend.synthesize;buf.getvalue;calls.append;calls.clear;decode;endswith;hostile.encode;io.BytesIO;isinstance;issubclass;len;list;make_entry;make_segment;monkeypatch.setattr;patch;pytest.fixture;pytest.mark.skipif;pytest.raises;range;say_cmd.count;say_cmd.index;self._capture_commands;shutil.which;subprocess.CalledProcessError;subprocess.CompletedProcess;type;wave.open;wf.getframerate;wf.getnchannels;wf.getsampwidth;wf.setframerate;wf.setnchannels;wf.setsampwidth;wf.writeframes;zip,__future__;dubbing.backends.base;dubbing.backends.say;dubbing.models;io;pathlib;pytest;shutil;subprocess;unittest.mock;wave,UNRESOLVED_STATICALLY,tests/core/test_piper_backend.py;tests/core/test_say_backend.py,,,,,NO_OR_UNKNOWN,TEST
tests/core/test_say_backend.py,test_raises_runtime_error_when_say_not_found,function,50,53,,,Path;Path.write_bytes;ProsodyTag;SRTEntry;SayTTSBackend;SayTTSBackend.synthesize;Segment;_pbas_for_tags;_rate_for_tags;_synthesize_with_say;_voice_for_language;all;backend.synthesize;buf.getvalue;calls.append;calls.clear;decode;endswith;hostile.encode;io.BytesIO;isinstance;issubclass;len;list;make_entry;make_segment;monkeypatch.setattr;patch;pytest.fixture;pytest.mark.skipif;pytest.raises;range;say_cmd.count;say_cmd.index;self._capture_commands;shutil.which;subprocess.CalledProcessError;subprocess.CompletedProcess;type;wave.open;wf.getframerate;wf.getnchannels;wf.getsampwidth;wf.setframerate;wf.setnchannels;wf.setsampwidth;wf.writeframes;zip,__future__;dubbing.backends.base;dubbing.backends.say;dubbing.models;io;pathlib;pytest;shutil;subprocess;unittest.mock;wave,UNRESOLVED_STATICALLY,tests/core/test_say_backend.py,,,,,NO_OR_UNKNOWN,TEST
tests/core/test_say_backend.py,test_say_error_message_mentions_macos_tts,function,56,59,,,Path;Path.write_bytes;ProsodyTag;SRTEntry;SayTTSBackend;SayTTSBackend.synthesize;Segment;_pbas_for_tags;_rate_for_tags;_synthesize_with_say;_voice_for_language;all;backend.synthesize;buf.getvalue;calls.append;calls.clear;decode;endswith;hostile.encode;io.BytesIO;isinstance;issubclass;len;list;make_entry;make_segment;monkeypatch.setattr;patch;pytest.fixture;pytest.mark.skipif;pytest.raises;range;say_cmd.count;say_cmd.index;self._capture_commands;shutil.which;subprocess.CalledProcessError;subprocess.CompletedProcess;type;wave.open;wf.getframerate;wf.getnchannels;wf.getsampwidth;wf.setframerate;wf.setnchannels;wf.setsampwidth;wf.writeframes;zip,__future__;dubbing.backends.base;dubbing.backends.say;dubbing.models;io;pathlib;pytest;shutil;subprocess;unittest.mock;wave,UNRESOLVED_STATICALLY,tests/core/test_say_backend.py,,,,,NO_OR_UNKNOWN,TEST
tests/core/test_say_backend.py,test_raises_runtime_error_when_afconvert_not_found,function,62,68,,,Path;Path.write_bytes;ProsodyTag;SRTEntry;SayTTSBackend;SayTTSBackend.synthesize;Segment;_pbas_for_tags;_rate_for_tags;_synthesize_with_say;_voice_for_language;all;backend.synthesize;buf.getvalue;calls.append;calls.clear;decode;endswith;hostile.encode;io.BytesIO;isinstance;issubclass;len;list;make_entry;make_segment;monkeypatch.setattr;patch;pytest.fixture;pytest.mark.skipif;pytest.raises;range;say_cmd.count;say_cmd.index;self._capture_commands;shutil.which;subprocess.CalledProcessError;subprocess.CompletedProcess;type;wave.open;wf.getframerate;wf.getnchannels;wf.getsampwidth;wf.setframerate;wf.setnchannels;wf.setsampwidth;wf.writeframes;zip,__future__;dubbing.backends.base;dubbing.backends.say;dubbing.models;io;pathlib;pytest;shutil;subprocess;unittest.mock;wave,UNRESOLVED_STATICALLY,tests/core/test_say_backend.py,,,,,NO_OR_UNKNOWN,TEST
tests/core/test_say_backend.py,test_raises_runtime_error_when_afconvert_not_found.which_side_effect,method,63,64,,,,__future__;dubbing.backends.base;dubbing.backends.say;dubbing.models;io;pathlib;pytest;shutil;subprocess;unittest.mock;wave,UNRESOLVED_STATICALLY,tests/core/test_say_backend.py,,,,,NO_OR_UNKNOWN,TEST
tests/core/test_say_backend.py,test_afconvert_error_message_mentions_macos_tts,function,71,77,,,Path;Path.write_bytes;ProsodyTag;SRTEntry;SayTTSBackend;SayTTSBackend.synthesize;Segment;_pbas_for_tags;_rate_for_tags;_synthesize_with_say;_voice_for_language;all;backend.synthesize;buf.getvalue;calls.append;calls.clear;decode;endswith;hostile.encode;io.BytesIO;isinstance;issubclass;len;list;make_entry;make_segment;monkeypatch.setattr;patch;pytest.fixture;pytest.mark.skipif;pytest.raises;range;say_cmd.count;say_cmd.index;self._capture_commands;shutil.which;subprocess.CalledProcessError;subprocess.CompletedProcess;type;wave.open;wf.getframerate;wf.getnchannels;wf.getsampwidth;wf.setframerate;wf.setnchannels;wf.setsampwidth;wf.writeframes;zip,__future__;dubbing.backends.base;dubbing.backends.say;dubbing.models;io;pathlib;pytest;shutil;subprocess;unittest.mock;wave,UNRESOLVED_STATICALLY,tests/core/test_say_backend.py,,,,,NO_OR_UNKNOWN,TEST
tests/core/test_say_backend.py,test_afconvert_error_message_mentions_macos_tts.which_side_effect,method,72,73,,,,__future__;dubbing.backends.base;dubbing.backends.say;dubbing.models;io;pathlib;pytest;shutil;subprocess;unittest.mock;wave,UNRESOLVED_STATICALLY,tests/core/test_say_backend.py,,,,,NO_OR_UNKNOWN,TEST
tests/core/test_say_backend.py,test_say_checked_before_afconvert_when_both_missing,function,80,84,,,Path;Path.write_bytes;ProsodyTag;SRTEntry;SayTTSBackend;SayTTSBackend.synthesize;Segment;_pbas_for_tags;_rate_for_tags;_synthesize_with_say;_voice_for_language;all;backend.synthesize;buf.getvalue;calls.append;calls.clear;decode;endswith;hostile.encode;io.BytesIO;isinstance;issubclass;len;list;make_entry;make_segment;monkeypatch.setattr;patch;pytest.fixture;pytest.mark.skipif;pytest.raises;range;say_cmd.count;say_cmd.index;self._capture_commands;shutil.which;subprocess.CalledProcessError;subprocess.CompletedProcess;type;wave.open;wf.getframerate;wf.getnchannels;wf.getsampwidth;wf.setframerate;wf.setnchannels;wf.setsampwidth;wf.writeframes;zip,__future__;dubbing.backends.base;dubbing.backends.say;dubbing.models;io;pathlib;pytest;shutil;subprocess;unittest.mock;wave,UNRESOLVED_STATICALLY,tests/core/test_say_backend.py,,,,,NO_OR_UNKNOWN,TEST
tests/core/test_say_backend.py,test_error_is_runtime_error_not_subclass,function,87,90,,,Path;Path.write_bytes;ProsodyTag;SRTEntry;SayTTSBackend;SayTTSBackend.synthesize;Segment;_pbas_for_tags;_rate_for_tags;_synthesize_with_say;_voice_for_language;all;backend.synthesize;buf.getvalue;calls.append;calls.clear;decode;endswith;hostile.encode;io.BytesIO;isinstance;issubclass;len;list;make_entry;make_segment;monkeypatch.setattr;patch;pytest.fixture;pytest.mark.skipif;pytest.raises;range;say_cmd.count;say_cmd.index;self._capture_commands;shutil.which;subprocess.CalledProcessError;subprocess.CompletedProcess;type;wave.open;wf.getframerate;wf.getnchannels;wf.getsampwidth;wf.setframerate;wf.setnchannels;wf.setsampwidth;wf.writeframes;zip,__future__;dubbing.backends.base;dubbing.backends.say;dubbing.models;io;pathlib;pytest;shutil;subprocess;unittest.mock;wave,UNRESOLVED_STATICALLY,tests/core/test_say_backend.py,,,,,NO_OR_UNKNOWN,TEST
tests/core/test_say_backend.py,test_synthesize_raises_when_say_unavailable,function,97,101,,,Path;Path.write_bytes;ProsodyTag;SRTEntry;SayTTSBackend;SayTTSBackend.synthesize;Segment;_pbas_for_tags;_rate_for_tags;_synthesize_with_say;_voice_for_language;all;backend.synthesize;buf.getvalue;calls.append;calls.clear;decode;endswith;hostile.encode;io.BytesIO;isinstance;issubclass;len;list;make_entry;make_segment;monkeypatch.setattr;patch;pytest.fixture;pytest.mark.skipif;pytest.raises;range;say_cmd.count;say_cmd.index;self._capture_commands;shutil.which;subprocess.CalledProcessError;subprocess.CompletedProcess;type;wave.open;wf.getframerate;wf.getnchannels;wf.getsampwidth;wf.setframerate;wf.setnchannels;wf.setsampwidth;wf.writeframes;zip,__future__;dubbing.backends.base;dubbing.backends.say;dubbing.models;io;pathlib;pytest;shutil;subprocess;unittest.mock;wave,UNRESOLVED_STATICALLY,tests/core/test_say_backend.py,,,,,NO_OR_UNKNOWN,TEST
tests/core/test_say_backend.py,test_synthesize_raises_when_afconvert_unavailable,function,104,112,,,Path;Path.write_bytes;ProsodyTag;SRTEntry;SayTTSBackend;SayTTSBackend.synthesize;Segment;_pbas_for_tags;_rate_for_tags;_synthesize_with_say;_voice_for_language;all;backend.synthesize;buf.getvalue;calls.append;calls.clear;decode;endswith;hostile.encode;io.BytesIO;isinstance;issubclass;len;list;make_entry;make_segment;monkeypatch.setattr;patch;pytest.fixture;pytest.mark.skipif;pytest.raises;range;say_cmd.count;say_cmd.index;self._capture_commands;shutil.which;subprocess.CalledProcessError;subprocess.CompletedProcess;type;wave.open;wf.getframerate;wf.getnchannels;wf.getsampwidth;wf.setframerate;wf.setnchannels;wf.setsampwidth;wf.writeframes;zip,__future__;dubbing.backends.base;dubbing.backends.say;dubbing.models;io;pathlib;pytest;shutil;subprocess;unittest.mock;wave,UNRESOLVED_STATICALLY,tests/core/test_say_backend.py,,,,,NO_OR_UNKNOWN,TEST
tests/core/test_say_backend.py,test_synthesize_raises_when_afconvert_unavailable.which_side_effect,method,107,108,,,,__future__;dubbing.backends.base;dubbing.backends.say;dubbing.models;io;pathlib;pytest;shutil;subprocess;unittest.mock;wave,UNRESOLVED_STATICALLY,tests/core/test_say_backend.py,,,,,NO_OR_UNKNOWN,TEST
tests/core/test_say_backend.py,test_synthesize_no_silence_fallback_when_unavailable,function,115,120,,,Path;Path.write_bytes;ProsodyTag;SRTEntry;SayTTSBackend;SayTTSBackend.synthesize;Segment;_pbas_for_tags;_rate_for_tags;_synthesize_with_say;_voice_for_language;all;backend.synthesize;buf.getvalue;calls.append;calls.clear;decode;endswith;hostile.encode;io.BytesIO;isinstance;issubclass;len;list;make_entry;make_segment;monkeypatch.setattr;patch;pytest.fixture;pytest.mark.skipif;pytest.raises;range;say_cmd.count;say_cmd.index;self._capture_commands;shutil.which;subprocess.CalledProcessError;subprocess.CompletedProcess;type;wave.open;wf.getframerate;wf.getnchannels;wf.getsampwidth;wf.setframerate;wf.setnchannels;wf.setsampwidth;wf.writeframes;zip,__future__;dubbing.backends.base;dubbing.backends.say;dubbing.models;io;pathlib;pytest;shutil;subprocess;unittest.mock;wave,UNRESOLVED_STATICALLY,tests/core/test_say_backend.py,,,,,NO_OR_UNKNOWN,TEST
tests/core/test_say_backend.py,test_synthesize_raises_on_first_segment_when_unavailable,function,123,127,,,Path;Path.write_bytes;ProsodyTag;SRTEntry;SayTTSBackend;SayTTSBackend.synthesize;Segment;_pbas_for_tags;_rate_for_tags;_synthesize_with_say;_voice_for_language;all;backend.synthesize;buf.getvalue;calls.append;calls.clear;decode;endswith;hostile.encode;io.BytesIO;isinstance;issubclass;len;list;make_entry;make_segment;monkeypatch.setattr;patch;pytest.fixture;pytest.mark.skipif;pytest.raises;range;say_cmd.count;say_cmd.index;self._capture_commands;shutil.which;subprocess.CalledProcessError;subprocess.CompletedProcess;type;wave.open;wf.getframerate;wf.getnchannels;wf.getsampwidth;wf.setframerate;wf.setnchannels;wf.setsampwidth;wf.writeframes;zip,__future__;dubbing.backends.base;dubbing.backends.say;dubbing.models;io;pathlib;pytest;shutil;subprocess;unittest.mock;wave,UNRESOLVED_STATICALLY,tests/core/test_say_backend.py,,,,,NO_OR_UNKNOWN,TEST
tests/core/test_say_backend.py,test_synthesize_raises_when_both_tools_missing,function,130,136,,,Path;Path.write_bytes;ProsodyTag;SRTEntry;SayTTSBackend;SayTTSBackend.synthesize;Segment;_pbas_for_tags;_rate_for_tags;_synthesize_with_say;_voice_for_language;all;backend.synthesize;buf.getvalue;calls.append;calls.clear;decode;endswith;hostile.encode;io.BytesIO;isinstance;issubclass;len;list;make_entry;make_segment;monkeypatch.setattr;patch;pytest.fixture;pytest.mark.skipif;pytest.raises;range;say_cmd.count;say_cmd.index;self._capture_commands;shutil.which;subprocess.CalledProcessError;subprocess.CompletedProcess;type;wave.open;wf.getframerate;wf.getnchannels;wf.getsampwidth;wf.setframerate;wf.setnchannels;wf.setsampwidth;wf.writeframes;zip,__future__;dubbing.backends.base;dubbing.backends.say;dubbing.models;io;pathlib;pytest;shutil;subprocess;unittest.mock;wave,UNRESOLVED_STATICALLY,tests/core/test_say_backend.py,,,,,NO_OR_UNKNOWN,TEST
tests/core/test_say_backend.py,test_empty_segment_list_yields_empty_list,function,143,147,,,Path;Path.write_bytes;ProsodyTag;SRTEntry;SayTTSBackend;SayTTSBackend.synthesize;Segment;_pbas_for_tags;_rate_for_tags;_synthesize_with_say;_voice_for_language;all;backend.synthesize;buf.getvalue;calls.append;calls.clear;decode;endswith;hostile.encode;io.BytesIO;isinstance;issubclass;len;list;make_entry;make_segment;monkeypatch.setattr;patch;pytest.fixture;pytest.mark.skipif;pytest.raises;range;say_cmd.count;say_cmd.index;self._capture_commands;shutil.which;subprocess.CalledProcessError;subprocess.CompletedProcess;type;wave.open;wf.getframerate;wf.getnchannels;wf.getsampwidth;wf.setframerate;wf.setnchannels;wf.setsampwidth;wf.writeframes;zip,__future__;dubbing.backends.base;dubbing.backends.say;dubbing.models;io;pathlib;pytest;shutil;subprocess;unittest.mock;wave,UNRESOLVED_STATICALLY,tests/core/test_piper_backend.py;tests/core/test_say_backend.py,,,,,NO_OR_UNKNOWN,TEST
tests/core/test_say_backend.py,test_empty_segment_list_result_is_list,function,150,154,,,Path;Path.write_bytes;ProsodyTag;SRTEntry;SayTTSBackend;SayTTSBackend.synthesize;Segment;_pbas_for_tags;_rate_for_tags;_synthesize_with_say;_voice_for_language;all;backend.synthesize;buf.getvalue;calls.append;calls.clear;decode;endswith;hostile.encode;io.BytesIO;isinstance;issubclass;len;list;make_entry;make_segment;monkeypatch.setattr;patch;pytest.fixture;pytest.mark.skipif;pytest.raises;range;say_cmd.count;say_cmd.index;self._capture_commands;shutil.which;subprocess.CalledProcessError;subprocess.CompletedProcess;type;wave.open;wf.getframerate;wf.getnchannels;wf.getsampwidth;wf.setframerate;wf.setnchannels;wf.setsampwidth;wf.writeframes;zip,__future__;dubbing.backends.base;dubbing.backends.say;dubbing.models;io;pathlib;pytest;shutil;subprocess;unittest.mock;wave,UNRESOLVED_STATICALLY,tests/core/test_say_backend.py,,,,,NO_OR_UNKNOWN,TEST
tests/core/test_say_backend.py,test_synthesize_propagates_say_subprocess_error,function,161,172,,,Path;Path.write_bytes;ProsodyTag;SRTEntry;SayTTSBackend;SayTTSBackend.synthesize;Segment;_pbas_for_tags;_rate_for_tags;_synthesize_with_say;_voice_for_language;all;backend.synthesize;buf.getvalue;calls.append;calls.clear;decode;endswith;hostile.encode;io.BytesIO;isinstance;issubclass;len;list;make_entry;make_segment;monkeypatch.setattr;patch;pytest.fixture;pytest.mark.skipif;pytest.raises;range;say_cmd.count;say_cmd.index;self._capture_commands;shutil.which;subprocess.CalledProcessError;subprocess.CompletedProcess;type;wave.open;wf.getframerate;wf.getnchannels;wf.getsampwidth;wf.setframerate;wf.setnchannels;wf.setsampwidth;wf.writeframes;zip,__future__;dubbing.backends.base;dubbing.backends.say;dubbing.models;io;pathlib;pytest;shutil;subprocess;unittest.mock;wave,UNRESOLVED_STATICALLY,tests/core/test_say_backend.py,,,,,NO_OR_UNKNOWN,TEST
tests/core/test_say_backend.py,test_synthesize_propagates_say_subprocess_error.which_ok,method,165,166,,,,__future__;dubbing.backends.base;dubbing.backends.say;dubbing.models;io;pathlib;pytest;shutil;subprocess;unittest.mock;wave,UNRESOLVED_STATICALLY,tests/core/test_say_backend.py,,,,,NO_OR_UNKNOWN,TEST
tests/core/test_say_backend.py,TestRateForTags,class,179,207,,,,__future__;dubbing.backends.base;dubbing.backends.say;dubbing.models;io;pathlib;pytest;shutil;subprocess;unittest.mock;wave,UNRESOLVED_STATICALLY,tests/core/test_say_backend.py,,,,,NO_OR_UNKNOWN,TEST
tests/core/test_say_backend.py,TestRateForTags.test_no_tags_yields_none,method,180,181,,,,__future__;dubbing.backends.base;dubbing.backends.say;dubbing.models;io;pathlib;pytest;shutil;subprocess;unittest.mock;wave,UNRESOLVED_STATICALLY,tests/core/test_say_backend.py,,,,,NO_OR_UNKNOWN,TEST
tests/core/test_say_backend.py,TestRateForTags.test_rate_slow_maps_to_low_wpm,method,183,185,,,,__future__;dubbing.backends.base;dubbing.backends.say;dubbing.models;io;pathlib;pytest;shutil;subprocess;unittest.mock;wave,UNRESOLVED_STATICALLY,tests/core/test_say_backend.py,,,,,NO_OR_UNKNOWN,TEST
tests/core/test_say_backend.py,TestRateForTags.test_rate_fast_maps_to_high_wpm,method,187,189,,,,__future__;dubbing.backends.base;dubbing.backends.say;dubbing.models;io;pathlib;pytest;shutil;subprocess;unittest.mock;wave,UNRESOLVED_STATICALLY,tests/core/test_say_backend.py,,,,,NO_OR_UNKNOWN,TEST
tests/core/test_say_backend.py,TestRateForTags.test_numeric_rate_used_verbatim,method,191,192,,,,__future__;dubbing.backends.base;dubbing.backends.say;dubbing.models;io;pathlib;pytest;shutil;subprocess;unittest.mock;wave,UNRESOLVED_STATICALLY,tests/core/test_say_backend.py,,,,,NO_OR_UNKNOWN,TEST
tests/core/test_say_backend.py,TestRateForTags.test_emotion_excited_speeds_up,method,194,196,,,,__future__;dubbing.backends.base;dubbing.backends.say;dubbing.models;io;pathlib;pytest;shutil;subprocess;unittest.mock;wave,UNRESOLVED_STATICALLY,tests/core/test_say_backend.py,,,,,NO_OR_UNKNOWN,TEST
tests/core/test_say_backend.py,TestRateForTags.test_emotion_sad_slows_down,method,198,200,,,,__future__;dubbing.backends.base;dubbing.backends.say;dubbing.models;io;pathlib;pytest;shutil;subprocess;unittest.mock;wave,UNRESOLVED_STATICALLY,tests/core/test_say_backend.py,,,,,NO_OR_UNKNOWN,TEST
tests/core/test_say_backend.py,TestRateForTags.test_explicit_rate_overrides_emotion,method,202,204,,,,__future__;dubbing.backends.base;dubbing.backends.say;dubbing.models;io;pathlib;pytest;shutil;subprocess;unittest.mock;wave,UNRESOLVED_STATICALLY,tests/core/test_say_backend.py,,,,,NO_OR_UNKNOWN,TEST
tests/core/test_say_backend.py,TestRateForTags.test_unknown_emotion_yields_none,method,206,207,,,,__future__;dubbing.backends.base;dubbing.backends.say;dubbing.models;io;pathlib;pytest;shutil;subprocess;unittest.mock;wave,UNRESOLVED_STATICALLY,tests/core/test_say_backend.py,,,,,NO_OR_UNKNOWN,TEST
tests/core/test_say_backend.py,TestPbasForTags,class,210,226,,,,__future__;dubbing.backends.base;dubbing.backends.say;dubbing.models;io;pathlib;pytest;shutil;subprocess;unittest.mock;wave,UNRESOLVED_STATICALLY,tests/core/test_say_backend.py,,,,,NO_OR_UNKNOWN,TEST
tests/core/test_say_backend.py,TestPbasForTags.test_no_tags_yields_none,method,211,212,,,,__future__;dubbing.backends.base;dubbing.backends.say;dubbing.models;io;pathlib;pytest;shutil;subprocess;unittest.mock;wave,UNRESOLVED_STATICALLY,tests/core/test_say_backend.py,,,,,NO_OR_UNKNOWN,TEST
tests/core/test_say_backend.py,TestPbasForTags.test_pitch_low_below_default,method,214,216,,,,__future__;dubbing.backends.base;dubbing.backends.say;dubbing.models;io;pathlib;pytest;shutil;subprocess;unittest.mock;wave,UNRESOLVED_STATICALLY,tests/core/test_say_backend.py,,,,,NO_OR_UNKNOWN,TEST
tests/core/test_say_backend.py,TestPbasForTags.test_pitch_high_above_default,method,218,220,,,,__future__;dubbing.backends.base;dubbing.backends.say;dubbing.models;io;pathlib;pytest;shutil;subprocess;unittest.mock;wave,UNRESOLVED_STATICALLY,tests/core/test_say_backend.py,,,,,NO_OR_UNKNOWN,TEST
tests/core/test_say_backend.py,TestPbasForTags.test_numeric_pitch_used_verbatim,method,222,223,,,,__future__;dubbing.backends.base;dubbing.backends.say;dubbing.models;io;pathlib;pytest;shutil;subprocess;unittest.mock;wave,UNRESOLVED_STATICALLY,tests/core/test_say_backend.py,,,,,NO_OR_UNKNOWN,TEST
tests/core/test_say_backend.py,TestPbasForTags.test_non_pitch_tags_ignored,method,225,226,,,,__future__;dubbing.backends.base;dubbing.backends.say;dubbing.models;io;pathlib;pytest;shutil;subprocess;unittest.mock;wave,UNRESOLVED_STATICALLY,tests/core/test_say_backend.py,,,,,NO_OR_UNKNOWN,TEST
tests/core/test_say_backend.py,seeded_voices,function,243,244,pytest.fixture,,Path;Path.write_bytes;ProsodyTag;SRTEntry;SayTTSBackend;SayTTSBackend.synthesize;Segment;_pbas_for_tags;_rate_for_tags;_synthesize_with_say;_voice_for_language;all;backend.synthesize;buf.getvalue;calls.append;calls.clear;decode;endswith;hostile.encode;io.BytesIO;isinstance;issubclass;len;list;make_entry;make_segment;monkeypatch.setattr;patch;pytest.fixture;pytest.mark.skipif;pytest.raises;range;say_cmd.count;say_cmd.index;self._capture_commands;shutil.which;subprocess.CalledProcessError;subprocess.CompletedProcess;type;wave.open;wf.getframerate;wf.getnchannels;wf.getsampwidth;wf.setframerate;wf.setnchannels;wf.setsampwidth;wf.writeframes;zip,__future__;dubbing.backends.base;dubbing.backends.say;dubbing.models;io;pathlib;pytest;shutil;subprocess;unittest.mock;wave,UNRESOLVED_STATICALLY,tests/core/test_say_backend.py,,,,,NO_OR_UNKNOWN,TEST
tests/core/test_say_backend.py,TestVoiceForLanguage,class,247,269,,,,__future__;dubbing.backends.base;dubbing.backends.say;dubbing.models;io;pathlib;pytest;shutil;subprocess;unittest.mock;wave,UNRESOLVED_STATICALLY,tests/core/test_say_backend.py,,,,,NO_OR_UNKNOWN,TEST
tests/core/test_say_backend.py,TestVoiceForLanguage.test_empty_language_uses_system_default,method,248,249,,,,__future__;dubbing.backends.base;dubbing.backends.say;dubbing.models;io;pathlib;pytest;shutil;subprocess;unittest.mock;wave,UNRESOLVED_STATICALLY,tests/core/test_say_backend.py,,,,,NO_OR_UNKNOWN,TEST
tests/core/test_say_backend.py,TestVoiceForLanguage.test_base_language_picks_first_matching_voice,method,251,252,,,,__future__;dubbing.backends.base;dubbing.backends.say;dubbing.models;io;pathlib;pytest;shutil;subprocess;unittest.mock;wave,UNRESOLVED_STATICALLY,tests/core/test_say_backend.py,,,,,NO_OR_UNKNOWN,TEST
tests/core/test_say_backend.py,TestVoiceForLanguage.test_exact_locale_match_wins,method,254,255,,,,__future__;dubbing.backends.base;dubbing.backends.say;dubbing.models;io;pathlib;pytest;shutil;subprocess;unittest.mock;wave,UNRESOLVED_STATICALLY,tests/core/test_say_backend.py,,,,,NO_OR_UNKNOWN,TEST
tests/core/test_say_backend.py,TestVoiceForLanguage.test_locale_underscore_form_accepted,method,257,258,,,,__future__;dubbing.backends.base;dubbing.backends.say;dubbing.models;io;pathlib;pytest;shutil;subprocess;unittest.mock;wave,UNRESOLVED_STATICALLY,tests/core/test_say_backend.py,,,,,NO_OR_UNKNOWN,TEST
tests/core/test_say_backend.py,TestVoiceForLanguage.test_case_insensitive,method,260,261,,,,__future__;dubbing.backends.base;dubbing.backends.say;dubbing.models;io;pathlib;pytest;shutil;subprocess;unittest.mock;wave,UNRESOLVED_STATICALLY,tests/core/test_say_backend.py,,,,,NO_OR_UNKNOWN,TEST
tests/core/test_say_backend.py,TestVoiceForLanguage.test_unsupported_language_raises_with_available_list,method,263,265,,,,__future__;dubbing.backends.base;dubbing.backends.say;dubbing.models;io;pathlib;pytest;shutil;subprocess;unittest.mock;wave,UNRESOLVED_STATICALLY,tests/core/test_say_backend.py,,,,,NO_OR_UNKNOWN,TEST
tests/core/test_say_backend.py,TestVoiceForLanguage.test_error_lists_available_languages,method,267,269,,,,__future__;dubbing.backends.base;dubbing.backends.say;dubbing.models;io;pathlib;pytest;shutil;subprocess;unittest.mock;wave,UNRESOLVED_STATICALLY,tests/core/test_say_backend.py,,,,,NO_OR_UNKNOWN,TEST
tests/core/test_say_backend.py,TestSayCommandConstruction,class,276,356,,,,__future__;dubbing.backends.base;dubbing.backends.say;dubbing.models;io;pathlib;pytest;shutil;subprocess;unittest.mock;wave,UNRESOLVED_STATICALLY,tests/core/test_say_backend.py,,,,,NO_OR_UNKNOWN,TEST
tests/core/test_say_backend.py,TestSayCommandConstruction._capture_commands,method,277,296,,tests/core/test_say_backend.py:self._capture_commands,,__future__;dubbing.backends.base;dubbing.backends.say;dubbing.models;io;pathlib;pytest;shutil;subprocess;unittest.mock;wave,STATICALLY_REFERENCED,tests/core/test_say_backend.py,,,,,NO_OR_UNKNOWN,TEST
tests/core/test_say_backend.py,TestSayCommandConstruction._capture_commands.record,method,280,292,,,,__future__;dubbing.backends.base;dubbing.backends.say;dubbing.models;io;pathlib;pytest;shutil;subprocess;unittest.mock;wave,UNRESOLVED_STATICALLY,tests/acceptance/test_acceptance_cli.py;tests/core/test_pipeline.py;tests/core/test_piper_backend.py;tests/core/test_say_backend.py;tests/personal_capture/test_config.py;tests/personal_capture/test_operations.py;tests/personal_capture/test_review_app.py,,,,,YES,TEST
tests/core/test_say_backend.py,TestSayCommandConstruction.test_voice_flag_passed_to_say,method,298,302,,,,__future__;dubbing.backends.base;dubbing.backends.say;dubbing.models;io;pathlib;pytest;shutil;subprocess;unittest.mock;wave,UNRESOLVED_STATICALLY,tests/core/test_say_backend.py,,,,,NO_OR_UNKNOWN,TEST
tests/core/test_say_backend.py,TestSayCommandConstruction.test_rate_flag_passed_to_say,method,304,308,,,,__future__;dubbing.backends.base;dubbing.backends.say;dubbing.models;io;pathlib;pytest;shutil;subprocess;unittest.mock;wave,UNRESOLVED_STATICALLY,tests/core/test_say_backend.py,,,,,NO_OR_UNKNOWN,TEST
tests/core/test_say_backend.py,TestSayCommandConstruction.test_pitch_embedded_as_pbas_command,method,310,314,,,,__future__;dubbing.backends.base;dubbing.backends.say;dubbing.models;io;pathlib;pytest;shutil;subprocess;unittest.mock;wave,UNRESOLVED_STATICALLY,tests/core/test_say_backend.py,,,,,NO_OR_UNKNOWN,TEST
tests/core/test_say_backend.py,TestSayCommandConstruction.test_no_options_means_bare_command,method,316,321,,,,__future__;dubbing.backends.base;dubbing.backends.say;dubbing.models;io;pathlib;pytest;shutil;subprocess;unittest.mock;wave,UNRESOLVED_STATICALLY,tests/core/test_say_backend.py,,,,,NO_OR_UNKNOWN,TEST
tests/core/test_say_backend.py,TestSayCommandConstruction.test_text_delivered_on_stdin_never_argv,method,323,329,,,,__future__;dubbing.backends.base;dubbing.backends.say;dubbing.models;io;pathlib;pytest;shutil;subprocess;unittest.mock;wave,UNRESOLVED_STATICALLY,tests/core/test_say_backend.py,,,,,NO_OR_UNKNOWN,TEST
tests/core/test_say_backend.py,TestSayCommandConstruction.test_dash_leading_text_not_parsed_as_say_option,method,331,343,,,,__future__;dubbing.backends.base;dubbing.backends.say;dubbing.models;io;pathlib;pytest;shutil;subprocess;unittest.mock;wave,UNRESOLVED_STATICALLY,tests/core/test_say_backend.py,,,,,NO_OR_UNKNOWN,TEST
tests/core/test_say_backend.py,TestSayCommandConstruction.test_synthesize_applies_segment_tags,method,345,356,,,,__future__;dubbing.backends.base;dubbing.backends.say;dubbing.models;io;pathlib;pytest;shutil;subprocess;unittest.mock;wave,UNRESOLVED_STATICALLY,tests/core/test_say_backend.py,,,,,NO_OR_UNKNOWN,TEST
tests/core/test_say_backend.py,test_synthesize_returns_list_of_results,function,374,376,macos_only,,Path;Path.write_bytes;ProsodyTag;SRTEntry;SayTTSBackend;SayTTSBackend.synthesize;Segment;_pbas_for_tags;_rate_for_tags;_synthesize_with_say;_voice_for_language;all;backend.synthesize;buf.getvalue;calls.append;calls.clear;decode;endswith;hostile.encode;io.BytesIO;isinstance;issubclass;len;list;make_entry;make_segment;monkeypatch.setattr;patch;pytest.fixture;pytest.mark.skipif;pytest.raises;range;say_cmd.count;say_cmd.index;self._capture_commands;shutil.which;subprocess.CalledProcessError;subprocess.CompletedProcess;type;wave.open;wf.getframerate;wf.getnchannels;wf.getsampwidth;wf.setframerate;wf.setnchannels;wf.setsampwidth;wf.writeframes;zip,__future__;dubbing.backends.base;dubbing.backends.say;dubbing.models;io;pathlib;pytest;shutil;subprocess;unittest.mock;wave,UNRESOLVED_STATICALLY,tests/core/test_say_backend.py,,,,,NO_OR_UNKNOWN,TEST
tests/core/test_say_backend.py,test_single_segment_yields_one_result,function,380,382,macos_only,,Path;Path.write_bytes;ProsodyTag;SRTEntry;SayTTSBackend;SayTTSBackend.synthesize;Segment;_pbas_for_tags;_rate_for_tags;_synthesize_with_say;_voice_for_language;all;backend.synthesize;buf.getvalue;calls.append;calls.clear;decode;endswith;hostile.encode;io.BytesIO;isinstance;issubclass;len;list;make_entry;make_segment;monkeypatch.setattr;patch;pytest.fixture;pytest.mark.skipif;pytest.raises;range;say_cmd.count;say_cmd.index;self._capture_commands;shutil.which;subprocess.CalledProcessError;subprocess.CompletedProcess;type;wave.open;wf.getframerate;wf.getnchannels;wf.getsampwidth;wf.setframerate;wf.setnchannels;wf.setsampwidth;wf.writeframes;zip,__future__;dubbing.backends.base;dubbing.backends.say;dubbing.models;io;pathlib;pytest;shutil;subprocess;unittest.mock;wave,UNRESOLVED_STATICALLY,tests/core/test_piper_backend.py;tests/core/test_say_backend.py,,,,,NO_OR_UNKNOWN,TEST
tests/core/test_say_backend.py,test_three_segments_yield_three_results,function,386,389,macos_only,,Path;Path.write_bytes;ProsodyTag;SRTEntry;SayTTSBackend;SayTTSBackend.synthesize;Segment;_pbas_for_tags;_rate_for_tags;_synthesize_with_say;_voice_for_language;all;backend.synthesize;buf.getvalue;calls.append;calls.clear;decode;endswith;hostile.encode;io.BytesIO;isinstance;issubclass;len;list;make_entry;make_segment;monkeypatch.setattr;patch;pytest.fixture;pytest.mark.skipif;pytest.raises;range;say_cmd.count;say_cmd.index;self._capture_commands;shutil.which;subprocess.CalledProcessError;subprocess.CompletedProcess;type;wave.open;wf.getframerate;wf.getnchannels;wf.getsampwidth;wf.setframerate;wf.setnchannels;wf.setsampwidth;wf.writeframes;zip,__future__;dubbing.backends.base;dubbing.backends.say;dubbing.models;io;pathlib;pytest;shutil;subprocess;unittest.mock;wave,UNRESOLVED_STATICALLY,tests/core/test_piper_backend.py;tests/core/test_say_backend.py,,,,,NO_OR_UNKNOWN,TEST
tests/core/test_say_backend.py,test_results_are_ttsresult_instances,function,393,395,macos_only,,Path;Path.write_bytes;ProsodyTag;SRTEntry;SayTTSBackend;SayTTSBackend.synthesize;Segment;_pbas_for_tags;_rate_for_tags;_synthesize_with_say;_voice_for_language;all;backend.synthesize;buf.getvalue;calls.append;calls.clear;decode;endswith;hostile.encode;io.BytesIO;isinstance;issubclass;len;list;make_entry;make_segment;monkeypatch.setattr;patch;pytest.fixture;pytest.mark.skipif;pytest.raises;range;say_cmd.count;say_cmd.index;self._capture_commands;shutil.which;subprocess.CalledProcessError;subprocess.CompletedProcess;type;wave.open;wf.getframerate;wf.getnchannels;wf.getsampwidth;wf.setframerate;wf.setnchannels;wf.setsampwidth;wf.writeframes;zip,__future__;dubbing.backends.base;dubbing.backends.say;dubbing.models;io;pathlib;pytest;shutil;subprocess;unittest.mock;wave,UNRESOLVED_STATICALLY,tests/core/test_say_backend.py,,,,,NO_OR_UNKNOWN,TEST
tests/core/test_say_backend.py,test_audio_bytes_is_bytes,function,399,401,macos_only,,Path;Path.write_bytes;ProsodyTag;SRTEntry;SayTTSBackend;SayTTSBackend.synthesize;Segment;_pbas_for_tags;_rate_for_tags;_synthesize_with_say;_voice_for_language;all;backend.synthesize;buf.getvalue;calls.append;calls.clear;decode;endswith;hostile.encode;io.BytesIO;isinstance;issubclass;len;list;make_entry;make_segment;monkeypatch.setattr;patch;pytest.fixture;pytest.mark.skipif;pytest.raises;range;say_cmd.count;say_cmd.index;self._capture_commands;shutil.which;subprocess.CalledProcessError;subprocess.CompletedProcess;type;wave.open;wf.getframerate;wf.getnchannels;wf.getsampwidth;wf.setframerate;wf.setnchannels;wf.setsampwidth;wf.writeframes;zip,__future__;dubbing.backends.base;dubbing.backends.say;dubbing.models;io;pathlib;pytest;shutil;subprocess;unittest.mock;wave,UNRESOLVED_STATICALLY,tests/core/test_piper_backend.py;tests/core/test_say_backend.py,,,,,NO_OR_UNKNOWN,TEST
tests/core/test_say_backend.py,test_audio_bytes_is_non_empty,function,405,407,macos_only,,Path;Path.write_bytes;ProsodyTag;SRTEntry;SayTTSBackend;SayTTSBackend.synthesize;Segment;_pbas_for_tags;_rate_for_tags;_synthesize_with_say;_voice_for_language;all;backend.synthesize;buf.getvalue;calls.append;calls.clear;decode;endswith;hostile.encode;io.BytesIO;isinstance;issubclass;len;list;make_entry;make_segment;monkeypatch.setattr;patch;pytest.fixture;pytest.mark.skipif;pytest.raises;range;say_cmd.count;say_cmd.index;self._capture_commands;shutil.which;subprocess.CalledProcessError;subprocess.CompletedProcess;type;wave.open;wf.getframerate;wf.getnchannels;wf.getsampwidth;wf.setframerate;wf.setnchannels;wf.setsampwidth;wf.writeframes;zip,__future__;dubbing.backends.base;dubbing.backends.say;dubbing.models;io;pathlib;pytest;shutil;subprocess;unittest.mock;wave,UNRESOLVED_STATICALLY,tests/core/test_say_backend.py,,,,,NO_OR_UNKNOWN,TEST
tests/core/test_say_backend.py,test_audio_is_valid_wav_file,function,411,417,macos_only,,Path;Path.write_bytes;ProsodyTag;SRTEntry;SayTTSBackend;SayTTSBackend.synthesize;Segment;_pbas_for_tags;_rate_for_tags;_synthesize_with_say;_voice_for_language;all;backend.synthesize;buf.getvalue;calls.append;calls.clear;decode;endswith;hostile.encode;io.BytesIO;isinstance;issubclass;len;list;make_entry;make_segment;monkeypatch.setattr;patch;pytest.fixture;pytest.mark.skipif;pytest.raises;range;say_cmd.count;say_cmd.index;self._capture_commands;shutil.which;subprocess.CalledProcessError;subprocess.CompletedProcess;type;wave.open;wf.getframerate;wf.getnchannels;wf.getsampwidth;wf.setframerate;wf.setnchannels;wf.setsampwidth;wf.writeframes;zip,__future__;dubbing.backends.base;dubbing.backends.say;dubbing.models;io;pathlib;pytest;shutil;subprocess;unittest.mock;wave,UNRESOLVED_STATICALLY,tests/core/test_say_backend.py,,,,,NO_OR_UNKNOWN,TEST
tests/core/test_say_backend.py,test_wav_starts_with_riff_header,function,421,424,macos_only,,Path;Path.write_bytes;ProsodyTag;SRTEntry;SayTTSBackend;SayTTSBackend.synthesize;Segment;_pbas_for_tags;_rate_for_tags;_synthesize_with_say;_voice_for_language;all;backend.synthesize;buf.getvalue;calls.append;calls.clear;decode;endswith;hostile.encode;io.BytesIO;isinstance;issubclass;len;list;make_entry;make_segment;monkeypatch.setattr;patch;pytest.fixture;pytest.mark.skipif;pytest.raises;range;say_cmd.count;say_cmd.index;self._capture_commands;shutil.which;subprocess.CalledProcessError;subprocess.CompletedProcess;type;wave.open;wf.getframerate;wf.getnchannels;wf.getsampwidth;wf.setframerate;wf.setnchannels;wf.setsampwidth;wf.writeframes;zip,__future__;dubbing.backends.base;dubbing.backends.say;dubbing.models;io;pathlib;pytest;shutil;subprocess;unittest.mock;wave,UNRESOLVED_STATICALLY,tests/core/test_say_backend.py,,,,,NO_OR_UNKNOWN,TEST
tests/core/test_say_backend.py,test_duration_ms_positive,function,428,430,macos_only,,Path;Path.write_bytes;ProsodyTag;SRTEntry;SayTTSBackend;SayTTSBackend.synthesize;Segment;_pbas_for_tags;_rate_for_tags;_synthesize_with_say;_voice_for_language;all;backend.synthesize;buf.getvalue;calls.append;calls.clear;decode;endswith;hostile.encode;io.BytesIO;isinstance;issubclass;len;list;make_entry;make_segment;monkeypatch.setattr;patch;pytest.fixture;pytest.mark.skipif;pytest.raises;range;say_cmd.count;say_cmd.index;self._capture_commands;shutil.which;subprocess.CalledProcessError;subprocess.CompletedProcess;type;wave.open;wf.getframerate;wf.getnchannels;wf.getsampwidth;wf.setframerate;wf.setnchannels;wf.setsampwidth;wf.writeframes;zip,__future__;dubbing.backends.base;dubbing.backends.say;dubbing.models;io;pathlib;pytest;shutil;subprocess;unittest.mock;wave,UNRESOLVED_STATICALLY,tests/core/test_say_backend.py,,,,,NO_OR_UNKNOWN,TEST
tests/core/test_say_backend.py,test_duration_ms_is_integer,function,434,436,macos_only,,Path;Path.write_bytes;ProsodyTag;SRTEntry;SayTTSBackend;SayTTSBackend.synthesize;Segment;_pbas_for_tags;_rate_for_tags;_synthesize_with_say;_voice_for_language;all;backend.synthesize;buf.getvalue;calls.append;calls.clear;decode;endswith;hostile.encode;io.BytesIO;isinstance;issubclass;len;list;make_entry;make_segment;monkeypatch.setattr;patch;pytest.fixture;pytest.mark.skipif;pytest.raises;range;say_cmd.count;say_cmd.index;self._capture_commands;shutil.which;subprocess.CalledProcessError;subprocess.CompletedProcess;type;wave.open;wf.getframerate;wf.getnchannels;wf.getsampwidth;wf.setframerate;wf.setnchannels;wf.setsampwidth;wf.writeframes;zip,__future__;dubbing.backends.base;dubbing.backends.say;dubbing.models;io;pathlib;pytest;shutil;subprocess;unittest.mock;wave,UNRESOLVED_STATICALLY,tests/core/test_say_backend.py,,,,,NO_OR_UNKNOWN,TEST
tests/core/test_say_backend.py,test_result_segment_is_input_segment_identity,function,440,443,macos_only,,Path;Path.write_bytes;ProsodyTag;SRTEntry;SayTTSBackend;SayTTSBackend.synthesize;Segment;_pbas_for_tags;_rate_for_tags;_synthesize_with_say;_voice_for_language;all;backend.synthesize;buf.getvalue;calls.append;calls.clear;decode;endswith;hostile.encode;io.BytesIO;isinstance;issubclass;len;list;make_entry;make_segment;monkeypatch.setattr;patch;pytest.fixture;pytest.mark.skipif;pytest.raises;range;say_cmd.count;say_cmd.index;self._capture_commands;shutil.which;subprocess.CalledProcessError;subprocess.CompletedProcess;type;wave.open;wf.getframerate;wf.getnchannels;wf.getsampwidth;wf.setframerate;wf.setnchannels;wf.setsampwidth;wf.writeframes;zip,__future__;dubbing.backends.base;dubbing.backends.say;dubbing.models;io;pathlib;pytest;shutil;subprocess;unittest.mock;wave,UNRESOLVED_STATICALLY,tests/core/test_say_backend.py,,,,,NO_OR_UNKNOWN,TEST
tests/core/test_say_backend.py,test_result_segments_order_matches_input,function,447,451,macos_only,,Path;Path.write_bytes;ProsodyTag;SRTEntry;SayTTSBackend;SayTTSBackend.synthesize;Segment;_pbas_for_tags;_rate_for_tags;_synthesize_with_say;_voice_for_language;all;backend.synthesize;buf.getvalue;calls.append;calls.clear;decode;endswith;hostile.encode;io.BytesIO;isinstance;issubclass;len;list;make_entry;make_segment;monkeypatch.setattr;patch;pytest.fixture;pytest.mark.skipif;pytest.raises;range;say_cmd.count;say_cmd.index;self._capture_commands;shutil.which;subprocess.CalledProcessError;subprocess.CompletedProcess;type;wave.open;wf.getframerate;wf.getnchannels;wf.getsampwidth;wf.setframerate;wf.setnchannels;wf.setsampwidth;wf.writeframes;zip,__future__;dubbing.backends.base;dubbing.backends.say;dubbing.models;io;pathlib;pytest;shutil;subprocess;unittest.mock;wave,UNRESOLVED_STATICALLY,tests/core/test_say_backend.py,,,,,NO_OR_UNKNOWN,TEST
tests/core/test_say_backend.py,test_prosody_tags_preserved_in_result,function,455,459,macos_only,,Path;Path.write_bytes;ProsodyTag;SRTEntry;SayTTSBackend;SayTTSBackend.synthesize;Segment;_pbas_for_tags;_rate_for_tags;_synthesize_with_say;_voice_for_language;all;backend.synthesize;buf.getvalue;calls.append;calls.clear;decode;endswith;hostile.encode;io.BytesIO;isinstance;issubclass;len;list;make_entry;make_segment;monkeypatch.setattr;patch;pytest.fixture;pytest.mark.skipif;pytest.raises;range;say_cmd.count;say_cmd.index;self._capture_commands;shutil.which;subprocess.CalledProcessError;subprocess.CompletedProcess;type;wave.open;wf.getframerate;wf.getnchannels;wf.getsampwidth;wf.setframerate;wf.setnchannels;wf.setsampwidth;wf.writeframes;zip,__future__;dubbing.backends.base;dubbing.backends.say;dubbing.models;io;pathlib;pytest;shutil;subprocess;unittest.mock;wave,UNRESOLVED_STATICALLY,tests/core/test_say_backend.py,,,,,NO_OR_UNKNOWN,TEST
tests/core/test_say_backend.py,test_language_preserved_in_result,function,463,466,macos_only,,Path;Path.write_bytes;ProsodyTag;SRTEntry;SayTTSBackend;SayTTSBackend.synthesize;Segment;_pbas_for_tags;_rate_for_tags;_synthesize_with_say;_voice_for_language;all;backend.synthesize;buf.getvalue;calls.append;calls.clear;decode;endswith;hostile.encode;io.BytesIO;isinstance;issubclass;len;list;make_entry;make_segment;monkeypatch.setattr;patch;pytest.fixture;pytest.mark.skipif;pytest.raises;range;say_cmd.count;say_cmd.index;self._capture_commands;shutil.which;subprocess.CalledProcessError;subprocess.CompletedProcess;type;wave.open;wf.getframerate;wf.getnchannels;wf.getsampwidth;wf.setframerate;wf.setnchannels;wf.setsampwidth;wf.writeframes;zip,__future__;dubbing.backends.base;dubbing.backends.say;dubbing.models;io;pathlib;pytest;shutil;subprocess;unittest.mock;wave,UNRESOLVED_STATICALLY,tests/core/test_piper_backend.py;tests/core/test_say_backend.py,,,,,NO_OR_UNKNOWN,TEST
tests/core/test_say_backend.py,test_direct_synthesize_helper_returns_bytes,function,470,473,macos_only,,Path;Path.write_bytes;ProsodyTag;SRTEntry;SayTTSBackend;SayTTSBackend.synthesize;Segment;_pbas_for_tags;_rate_for_tags;_synthesize_with_say;_voice_for_language;all;backend.synthesize;buf.getvalue;calls.append;calls.clear;decode;endswith;hostile.encode;io.BytesIO;isinstance;issubclass;len;list;make_entry;make_segment;monkeypatch.setattr;patch;pytest.fixture;pytest.mark.skipif;pytest.raises;range;say_cmd.count;say_cmd.index;self._capture_commands;shutil.which;subprocess.CalledProcessError;subprocess.CompletedProcess;type;wave.open;wf.getframerate;wf.getnchannels;wf.getsampwidth;wf.setframerate;wf.setnchannels;wf.setsampwidth;wf.writeframes;zip,__future__;dubbing.backends.base;dubbing.backends.say;dubbing.models;io;pathlib;pytest;shutil;subprocess;unittest.mock;wave,UNRESOLVED_STATICALLY,tests/core/test_say_backend.py,,,,,NO_OR_UNKNOWN,TEST
tests/core/test_say_backend.py,test_direct_synthesize_helper_returns_valid_wav,function,477,482,macos_only,,Path;Path.write_bytes;ProsodyTag;SRTEntry;SayTTSBackend;SayTTSBackend.synthesize;Segment;_pbas_for_tags;_rate_for_tags;_synthesize_with_say;_voice_for_language;all;backend.synthesize;buf.getvalue;calls.append;calls.clear;decode;endswith;hostile.encode;io.BytesIO;isinstance;issubclass;len;list;make_entry;make_segment;monkeypatch.setattr;patch;pytest.fixture;pytest.mark.skipif;pytest.raises;range;say_cmd.count;say_cmd.index;self._capture_commands;shutil.which;subprocess.CalledProcessError;subprocess.CompletedProcess;type;wave.open;wf.getframerate;wf.getnchannels;wf.getsampwidth;wf.setframerate;wf.setnchannels;wf.setsampwidth;wf.writeframes;zip,__future__;dubbing.backends.base;dubbing.backends.say;dubbing.models;io;pathlib;pytest;shutil;subprocess;unittest.mock;wave,UNRESOLVED_STATICALLY,tests/core/test_say_backend.py,,,,,NO_OR_UNKNOWN,TEST
tests/core/test_srt_parser.py,test_ms_zero,function,12,13,,,SRTEntry;Segment;_ms;isinstance;len;parse_prosody;parse_srt_string;text.count,__future__;dubbing.models;dubbing.prosody;dubbing.srt_parser,UNRESOLVED_STATICALLY,tests/core/test_srt_parser.py,,,,,NO_OR_UNKNOWN,TEST
tests/core/test_srt_parser.py,test_ms_hours,function,16,17,,,SRTEntry;Segment;_ms;isinstance;len;parse_prosody;parse_srt_string;text.count,__future__;dubbing.models;dubbing.prosody;dubbing.srt_parser,UNRESOLVED_STATICALLY,tests/core/test_srt_parser.py,,,,,NO_OR_UNKNOWN,TEST
tests/core/test_srt_parser.py,test_ms_minutes,function,20,21,,,SRTEntry;Segment;_ms;isinstance;len;parse_prosody;parse_srt_string;text.count,__future__;dubbing.models;dubbing.prosody;dubbing.srt_parser,UNRESOLVED_STATICALLY,tests/core/test_srt_parser.py,,,,,NO_OR_UNKNOWN,TEST
tests/core/test_srt_parser.py,test_ms_seconds,function,24,25,,,SRTEntry;Segment;_ms;isinstance;len;parse_prosody;parse_srt_string;text.count,__future__;dubbing.models;dubbing.prosody;dubbing.srt_parser,UNRESOLVED_STATICALLY,tests/core/test_srt_parser.py,,,,,NO_OR_UNKNOWN,TEST
tests/core/test_srt_parser.py,test_ms_milliseconds,function,28,29,,,SRTEntry;Segment;_ms;isinstance;len;parse_prosody;parse_srt_string;text.count,__future__;dubbing.models;dubbing.prosody;dubbing.srt_parser,UNRESOLVED_STATICALLY,tests/core/test_srt_parser.py,,,,,NO_OR_UNKNOWN,TEST
tests/core/test_srt_parser.py,test_ms_combined,function,32,35,,,SRTEntry;Segment;_ms;isinstance;len;parse_prosody;parse_srt_string;text.count,__future__;dubbing.models;dubbing.prosody;dubbing.srt_parser,UNRESOLVED_STATICALLY,tests/core/test_srt_parser.py,,,,,NO_OR_UNKNOWN,TEST
tests/core/test_srt_parser.py,test_three_entry_count,function,57,59,,,SRTEntry;Segment;_ms;isinstance;len;parse_prosody;parse_srt_string;text.count,__future__;dubbing.models;dubbing.prosody;dubbing.srt_parser,UNRESOLVED_STATICALLY,tests/core/test_srt_parser.py,,,,,NO_OR_UNKNOWN,TEST
tests/core/test_srt_parser.py,test_three_entry_indices,function,62,64,,,SRTEntry;Segment;_ms;isinstance;len;parse_prosody;parse_srt_string;text.count,__future__;dubbing.models;dubbing.prosody;dubbing.srt_parser,UNRESOLVED_STATICALLY,tests/core/test_srt_parser.py,,,,,NO_OR_UNKNOWN,TEST
tests/core/test_srt_parser.py,test_three_entry_start_ms,function,67,71,,,SRTEntry;Segment;_ms;isinstance;len;parse_prosody;parse_srt_string;text.count,__future__;dubbing.models;dubbing.prosody;dubbing.srt_parser,UNRESOLVED_STATICALLY,tests/core/test_srt_parser.py,,,,,NO_OR_UNKNOWN,TEST
tests/core/test_srt_parser.py,test_three_entry_end_ms,function,74,78,,,SRTEntry;Segment;_ms;isinstance;len;parse_prosody;parse_srt_string;text.count,__future__;dubbing.models;dubbing.prosody;dubbing.srt_parser,UNRESOLVED_STATICALLY,tests/core/test_srt_parser.py,,,,,NO_OR_UNKNOWN,TEST
tests/core/test_srt_parser.py,test_three_entry_text,function,81,85,,,SRTEntry;Segment;_ms;isinstance;len;parse_prosody;parse_srt_string;text.count,__future__;dubbing.models;dubbing.prosody;dubbing.srt_parser,UNRESOLVED_STATICALLY,tests/core/test_srt_parser.py,,,,,NO_OR_UNKNOWN,TEST
tests/core/test_srt_parser.py,test_entries_are_srtentry_instances,function,88,91,,,SRTEntry;Segment;_ms;isinstance;len;parse_prosody;parse_srt_string;text.count,__future__;dubbing.models;dubbing.prosody;dubbing.srt_parser,UNRESOLVED_STATICALLY,tests/core/test_srt_parser.py,,,,,NO_OR_UNKNOWN,TEST
tests/core/test_srt_parser.py,test_single_entry_count,function,105,107,,,SRTEntry;Segment;_ms;isinstance;len;parse_prosody;parse_srt_string;text.count,__future__;dubbing.models;dubbing.prosody;dubbing.srt_parser,UNRESOLVED_STATICALLY,tests/core/test_srt_parser.py,,,,,NO_OR_UNKNOWN,TEST
tests/core/test_srt_parser.py,test_single_entry_fields,function,110,115,,,SRTEntry;Segment;_ms;isinstance;len;parse_prosody;parse_srt_string;text.count,__future__;dubbing.models;dubbing.prosody;dubbing.srt_parser,UNRESOLVED_STATICALLY,tests/core/test_srt_parser.py,,,,,NO_OR_UNKNOWN,TEST
tests/core/test_srt_parser.py,test_multiline_text_preserved,function,131,134,,,SRTEntry;Segment;_ms;isinstance;len;parse_prosody;parse_srt_string;text.count,__future__;dubbing.models;dubbing.prosody;dubbing.srt_parser,UNRESOLVED_STATICALLY,tests/core/test_srt_parser.py,,,,,NO_OR_UNKNOWN,TEST
tests/core/test_srt_parser.py,test_multiline_text_newlines_count,function,137,139,,,SRTEntry;Segment;_ms;isinstance;len;parse_prosody;parse_srt_string;text.count,__future__;dubbing.models;dubbing.prosody;dubbing.srt_parser,UNRESOLVED_STATICALLY,tests/core/test_srt_parser.py,,,,,NO_OR_UNKNOWN,TEST
tests/core/test_srt_parser.py,test_empty_string_returns_empty_list,function,146,147,,,SRTEntry;Segment;_ms;isinstance;len;parse_prosody;parse_srt_string;text.count,__future__;dubbing.models;dubbing.prosody;dubbing.srt_parser,UNRESOLVED_STATICALLY,tests/core/test_srt_parser.py,,,,,NO_OR_UNKNOWN,TEST
tests/core/test_srt_parser.py,test_whitespace_only_returns_empty_list,function,150,151,,,SRTEntry;Segment;_ms;isinstance;len;parse_prosody;parse_srt_string;text.count,__future__;dubbing.models;dubbing.prosody;dubbing.srt_parser,UNRESOLVED_STATICALLY,tests/core/test_srt_parser.py,,,,,NO_OR_UNKNOWN,TEST
tests/core/test_srt_parser.py,test_block_without_timecode_is_skipped,function,158,160,,,SRTEntry;Segment;_ms;isinstance;len;parse_prosody;parse_srt_string;text.count,__future__;dubbing.models;dubbing.prosody;dubbing.srt_parser,UNRESOLVED_STATICALLY,tests/core/test_srt_parser.py,,,,,NO_OR_UNKNOWN,TEST
tests/core/test_srt_parser.py,test_block_with_non_integer_index_is_skipped,function,163,165,,,SRTEntry;Segment;_ms;isinstance;len;parse_prosody;parse_srt_string;text.count,__future__;dubbing.models;dubbing.prosody;dubbing.srt_parser,UNRESOLVED_STATICALLY,tests/core/test_srt_parser.py,,,,,NO_OR_UNKNOWN,TEST
tests/core/test_srt_parser.py,test_block_with_only_two_lines_is_skipped,function,168,171,,,SRTEntry;Segment;_ms;isinstance;len;parse_prosody;parse_srt_string;text.count,__future__;dubbing.models;dubbing.prosody;dubbing.srt_parser,UNRESOLVED_STATICALLY,tests/core/test_srt_parser.py,,,,,NO_OR_UNKNOWN,TEST
tests/core/test_srt_parser.py,test_mixed_valid_and_invalid_blocks,function,174,191,,,SRTEntry;Segment;_ms;isinstance;len;parse_prosody;parse_srt_string;text.count,__future__;dubbing.models;dubbing.prosody;dubbing.srt_parser,UNRESOLVED_STATICALLY,tests/core/test_srt_parser.py,,,,,NO_OR_UNKNOWN,TEST
tests/core/test_srt_parser.py,test_timecode_arrow_with_extra_spaces,function,194,199,,,SRTEntry;Segment;_ms;isinstance;len;parse_prosody;parse_srt_string;text.count,__future__;dubbing.models;dubbing.prosody;dubbing.srt_parser,UNRESOLVED_STATICALLY,tests/core/test_srt_parser.py,,,,,NO_OR_UNKNOWN,TEST
tests/core/test_srt_parser.py,test_text_is_not_stripped_of_internal_content,function,202,206,,,SRTEntry;Segment;_ms;isinstance;len;parse_prosody;parse_srt_string;text.count,__future__;dubbing.models;dubbing.prosody;dubbing.srt_parser,UNRESOLVED_STATICALLY,tests/core/test_srt_parser.py,,,,,NO_OR_UNKNOWN,TEST
tests/core/test_srt_parser.py,test_large_index_value,function,209,212,,,SRTEntry;Segment;_ms;isinstance;len;parse_prosody;parse_srt_string;text.count,__future__;dubbing.models;dubbing.prosody;dubbing.srt_parser,UNRESOLVED_STATICALLY,tests/core/test_srt_parser.py,,,,,NO_OR_UNKNOWN,TEST
tests/core/test_srt_parser.py,test_end_ms_greater_than_start_ms,function,215,218,,,SRTEntry;Segment;_ms;isinstance;len;parse_prosody;parse_srt_string;text.count,__future__;dubbing.models;dubbing.prosody;dubbing.srt_parser,UNRESOLVED_STATICALLY,tests/core/test_srt_parser.py,,,,,NO_OR_UNKNOWN,TEST
tests/core/test_srt_parser.py,test_returns_list_type,function,221,223,,,SRTEntry;Segment;_ms;isinstance;len;parse_prosody;parse_srt_string;text.count,__future__;dubbing.models;dubbing.prosody;dubbing.srt_parser,UNRESOLVED_STATICALLY,tests/core/test_srt_parser.py,,,,,NO_OR_UNKNOWN,TEST
tests/core/test_srt_parser.py,test_zero_timestamp_entry,function,226,230,,,SRTEntry;Segment;_ms;isinstance;len;parse_prosody;parse_srt_string;text.count,__future__;dubbing.models;dubbing.prosody;dubbing.srt_parser,UNRESOLVED_STATICALLY,tests/core/test_srt_parser.py,,,,,NO_OR_UNKNOWN,TEST
tests/core/test_srt_parser.py,test_round_trip_all_fields,function,237,241,,,SRTEntry;Segment;_ms;isinstance;len;parse_prosody;parse_srt_string;text.count,__future__;dubbing.models;dubbing.prosody;dubbing.srt_parser,UNRESOLVED_STATICALLY,tests/core/test_srt_parser.py,,,,,NO_OR_UNKNOWN,TEST
tests/core/test_srt_parser.py,test_round_trip_parse_twice_identical,function,244,247,,,SRTEntry;Segment;_ms;isinstance;len;parse_prosody;parse_srt_string;text.count,__future__;dubbing.models;dubbing.prosody;dubbing.srt_parser,UNRESOLVED_STATICALLY,tests/core/test_srt_parser.py,,,,,NO_OR_UNKNOWN,TEST
tests/core/test_srt_parser.py,test_prosody_tags_preserved_in_parsed_text,function,254,257,,,SRTEntry;Segment;_ms;isinstance;len;parse_prosody;parse_srt_string;text.count,__future__;dubbing.models;dubbing.prosody;dubbing.srt_parser,UNRESOLVED_STATICALLY,tests/core/test_srt_parser.py,,,,,NO_OR_UNKNOWN,TEST
tests/core/test_srt_parser.py,test_multiple_prosody_tags_preserved_in_parsed_text,function,260,264,,,SRTEntry;Segment;_ms;isinstance;len;parse_prosody;parse_srt_string;text.count,__future__;dubbing.models;dubbing.prosody;dubbing.srt_parser,UNRESOLVED_STATICALLY,tests/core/test_srt_parser.py,,,,,NO_OR_UNKNOWN,TEST
tests/core/test_srt_parser.py,test_parse_prosody_on_parsed_text_leaves_clean_text,function,267,276,,,SRTEntry;Segment;_ms;isinstance;len;parse_prosody;parse_srt_string;text.count,__future__;dubbing.models;dubbing.prosody;dubbing.srt_parser,UNRESOLVED_STATICALLY,tests/core/test_srt_parser.py,,,,,NO_OR_UNKNOWN,TEST
tests/core/test_srt_parser.py,test_parse_prosody_extracts_all_tags_from_parsed_entry,function,279,286,,,SRTEntry;Segment;_ms;isinstance;len;parse_prosody;parse_srt_string;text.count,__future__;dubbing.models;dubbing.prosody;dubbing.srt_parser,UNRESOLVED_STATICALLY,tests/core/test_srt_parser.py,,,,,NO_OR_UNKNOWN,TEST
tests/core/test_srt_parser.py,test_malformed_block_non_integer_index_no_exception,function,293,297,,,SRTEntry;Segment;_ms;isinstance;len;parse_prosody;parse_srt_string;text.count,__future__;dubbing.models;dubbing.prosody;dubbing.srt_parser,UNRESOLVED_STATICALLY,tests/core/test_srt_parser.py,,,,,NO_OR_UNKNOWN,TEST
tests/core/test_srt_parser.py,test_malformed_block_missing_timecode_no_exception,function,300,303,,,SRTEntry;Segment;_ms;isinstance;len;parse_prosody;parse_srt_string;text.count,__future__;dubbing.models;dubbing.prosody;dubbing.srt_parser,UNRESOLVED_STATICALLY,tests/core/test_srt_parser.py,,,,,NO_OR_UNKNOWN,TEST
tests/core/test_srt_parser.py,test_malformed_block_does_not_corrupt_subsequent_valid_blocks,function,306,314,,,SRTEntry;Segment;_ms;isinstance;len;parse_prosody;parse_srt_string;text.count,__future__;dubbing.models;dubbing.prosody;dubbing.srt_parser,UNRESOLVED_STATICALLY,tests/core/test_srt_parser.py,,,,,NO_OR_UNKNOWN,TEST
tests/core/test_srt_parser.py,test_language_default_propagated_via_segment,function,321,325,,,SRTEntry;Segment;_ms;isinstance;len;parse_prosody;parse_srt_string;text.count,__future__;dubbing.models;dubbing.prosody;dubbing.srt_parser,UNRESOLVED_STATICALLY,tests/core/test_srt_parser.py,,,,,NO_OR_UNKNOWN,TEST
tests/core/test_srt_parser.py,test_language_default_is_empty_string_not_none,function,328,333,,,SRTEntry;Segment;_ms;isinstance;len;parse_prosody;parse_srt_string;text.count,__future__;dubbing.models;dubbing.prosody;dubbing.srt_parser,UNRESOLVED_STATICALLY,tests/core/test_srt_parser.py,,,,,NO_OR_UNKNOWN,TEST
tests/diarization/test_attribution.py,test_single_speaker_is_attributed_without_changing_timing,function,12,20,,,SpeakerConstraints;SpeakerTurn;attribute_window;pytest.mark.parametrize;pytest.raises,__future__;dubbing.diarization;pytest,UNRESOLVED_STATICALLY,tests/diarization/test_attribution.py,,,,,NO_OR_UNKNOWN,TEST
tests/diarization/test_attribution.py,test_silence_is_explicit_unknown,function,23,29,,,SpeakerConstraints;SpeakerTurn;attribute_window;pytest.mark.parametrize;pytest.raises,__future__;dubbing.diarization;pytest,UNRESOLVED_STATICALLY,tests/diarization/test_attribution.py,,,,,NO_OR_UNKNOWN,TEST
tests/diarization/test_attribution.py,test_boundary_between_speakers_is_not_silently_assigned,function,32,42,,,SpeakerConstraints;SpeakerTurn;attribute_window;pytest.mark.parametrize;pytest.raises,__future__;dubbing.diarization;pytest,UNRESOLVED_STATICALLY,tests/diarization/test_attribution.py,,,,,NO_OR_UNKNOWN,TEST
tests/diarization/test_attribution.py,test_simultaneous_speech_is_explicit_overlap,function,45,57,,,SpeakerConstraints;SpeakerTurn;attribute_window;pytest.mark.parametrize;pytest.raises,__future__;dubbing.diarization;pytest,UNRESOLVED_STATICALLY,tests/diarization/test_attribution.py,,,,,NO_OR_UNKNOWN,TEST
tests/diarization/test_attribution.py,test_adjacent_half_open_turn_does_not_leak_across_boundary,function,60,71,,,SpeakerConstraints;SpeakerTurn;attribute_window;pytest.mark.parametrize;pytest.raises,__future__;dubbing.diarization;pytest,UNRESOLVED_STATICALLY,tests/diarization/test_attribution.py,,,,,NO_OR_UNKNOWN,TEST
tests/diarization/test_attribution.py,test_invalid_speaker_constraints_are_rejected,function,82,84,pytest.mark.parametrize,,SpeakerConstraints;SpeakerTurn;attribute_window;pytest.mark.parametrize;pytest.raises,__future__;dubbing.diarization;pytest,UNRESOLVED_STATICALLY,tests/diarization/test_attribution.py,,,,,NO_OR_UNKNOWN,TEST
tests/diarization/test_pipeline.py,_wav,function,17,24,,tests/core/test_assembler.py:_wav;tests/diarization/test_pipeline.py:_wav,DiarizationResult;DubbingPipeline;DubbingPipeline.run_full_with_diarization;SpeakerConstraints;SpeakerTurn;TTSResult;_Diarizer;_TTS;_wav;audio.write_bytes;buffer.getvalue;io.BytesIO;len;output.setframerate;output.setnchannels;output.setsampwidth;output.writeframes;wave.open,__future__;dubbing.backends.base;dubbing.diarization;dubbing.models;dubbing.pipeline;io;wave,STATICALLY_REFERENCED,tests/acceptance/test_acceptance_cli.py;tests/acceptance/test_acceptance_helpers.py;tests/cli/test_cli.py;tests/conftest.py;tests/core/test_adversarial_hardening.py;tests/core/test_assembler.py;tests/core/test_batch.py;tests/core/test_boundaries.py;tests/core/test_espeak_backend.py;tests/core/test_mutant_killers.py;tests/core/test_parallel_pipeline.py;tests/core/test_piper_backend.py;tests/core/test_prosody_bounds.py;tests/core/test_say_backend.py;tests/diarization/test_pipeline.py;tests/support/assertions.py;tests/support/builders.py;tests/web/test_app.py;tests/web/test_result.py;tests/web/test_stream.py;tests/web/test_upload_limit.py,,,,,NO_OR_UNKNOWN,TEST
tests/diarization/test_pipeline.py,_TTS,class,27,32,,tests/diarization/test_pipeline.py:_TTS,,__future__;dubbing.backends.base;dubbing.diarization;dubbing.models;dubbing.pipeline;io;wave,STATICALLY_REFERENCED,tests/diarization/test_pipeline.py,,,,,NO_OR_UNKNOWN,TEST
tests/diarization/test_pipeline.py,_TTS.synthesize,method,28,32,,tests/core/test_espeak_backend.py:backend.synthesize;tests/core/test_piper_backend.py:PiperTTSBackend.synthesize;tests/core/test_say_backend.py:SayTTSBackend.synthesize;tests/core/test_say_backend.py:backend.synthesize;tests/web/test_app.py:super.synthesize;tests/web/test_upload_limit.py:super.synthesize,,__future__;dubbing.backends.base;dubbing.diarization;dubbing.models;dubbing.pipeline;io;wave,STATICALLY_REFERENCED,tests/core/test_adversarial_hardening.py;tests/core/test_batch.py;tests/core/test_espeak_backend.py;tests/core/test_parallel_pipeline.py;tests/core/test_pipeline.py;tests/core/test_piper_backend.py;tests/core/test_prosody_bounds.py;tests/core/test_say_backend.py;tests/diarization/test_pipeline.py;tests/web/test_app.py;tests/web/test_result.py;tests/web/test_stream.py;tests/web/test_upload_limit.py,,,,,YES,TEST
tests/diarization/test_pipeline.py,_Diarizer,class,35,49,,tests/diarization/test_pipeline.py:_Diarizer;tests/personal_capture/test_full_day_gate.py:_Diarizer;tests/transcription/test_diarization_integration.py:_Diarizer,,__future__;dubbing.backends.base;dubbing.diarization;dubbing.models;dubbing.pipeline;io;wave,STATICALLY_REFERENCED,tests/diarization/test_pipeline.py;tests/personal_capture/test_full_day_gate.py;tests/transcription/test_diarization_integration.py,,,,,NO_OR_UNKNOWN,TEST
tests/diarization/test_pipeline.py,_Diarizer.__init__,method,36,37,,,,__future__;dubbing.backends.base;dubbing.diarization;dubbing.models;dubbing.pipeline;io;wave,UNRESOLVED_STATICALLY,tests/acceptance/test_acceptance_cli.py;tests/core/test_pipeline.py;tests/diarization/test_pipeline.py;tests/diarization/test_resumable.py;tests/diarization/test_sherpa_backend.py;tests/personal_capture/test_full_day_gate.py;tests/personal_capture/test_service.py;tests/transcription/test_faster_whisper_backend.py;tests/transcription/test_resumable.py;tests/translation/test_resumable.py,,,,,NO_OR_UNKNOWN,TEST
tests/diarization/test_pipeline.py,_Diarizer.diarize,method,39,49,,dubbing/cli/main.py:diarizer.diarize;dubbing/diarization/job.py:self.backend.diarize;dubbing/pipeline.py:diarizer.diarize;dubbing/transcription/pipeline.py:diarizer.diarize;tests/diarization/test_sherpa_backend.py:backend.diarize,,__future__;dubbing.backends.base;dubbing.diarization;dubbing.models;dubbing.pipeline;io;wave,STATICALLY_REFERENCED,tests/diarization/test_pipeline.py;tests/diarization/test_resumable.py;tests/diarization/test_sherpa_backend.py;tests/personal_capture/test_full_day_gate.py;tests/transcription/test_diarization_integration.py,,,,,YES,TEST
tests/diarization/test_pipeline.py,test_full_pipeline_maps_real_timing_without_mutating_windows,function,52,75,,,DiarizationResult;DubbingPipeline;DubbingPipeline.run_full_with_diarization;SpeakerConstraints;SpeakerTurn;TTSResult;_Diarizer;_TTS;_wav;audio.write_bytes;buffer.getvalue;io.BytesIO;len;output.setframerate;output.setnchannels;output.setsampwidth;output.writeframes;wave.open,__future__;dubbing.backends.base;dubbing.diarization;dubbing.models;dubbing.pipeline;io;wave,UNRESOLVED_STATICALLY,tests/diarization/test_pipeline.py,,,,,NO_OR_UNKNOWN,TEST
tests/diarization/test_resumable.py,_Backend,class,15,30,,tests/diarization/test_resumable.py:_Backend;tests/transcription/test_resumable.py:_Backend,,dubbing.diarization;pathlib;pytest;unittest.mock,STATICALLY_REFERENCED,tests/diarization/test_resumable.py;tests/transcription/test_resumable.py,,,,,NO_OR_UNKNOWN,TEST
tests/diarization/test_resumable.py,_Backend.__init__,method,16,17,,,,dubbing.diarization;pathlib;pytest;unittest.mock,UNRESOLVED_STATICALLY,tests/acceptance/test_acceptance_cli.py;tests/core/test_pipeline.py;tests/diarization/test_pipeline.py;tests/diarization/test_resumable.py;tests/diarization/test_sherpa_backend.py;tests/personal_capture/test_full_day_gate.py;tests/personal_capture/test_service.py;tests/transcription/test_faster_whisper_backend.py;tests/transcription/test_resumable.py;tests/translation/test_resumable.py,,,,,NO_OR_UNKNOWN,TEST
tests/diarization/test_resumable.py,_Backend.identity,method,20,21,property,,,dubbing.diarization;pathlib;pytest;unittest.mock,UNRESOLVED_STATICALLY,tests/core/test_mutant_killers.py;tests/core/test_say_backend.py;tests/diarization/test_resumable.py;tests/personal_capture/test_full_day_gate.py;tests/personal_capture/test_service.py;tests/transcription/test_diarization_integration.py;tests/transcription/test_resumable.py;tests/translation/test_pipeline.py;tests/translation/test_resumable.py,,,,,YES,TEST
tests/diarization/test_resumable.py,_Backend.diarize,method,23,30,,dubbing/cli/main.py:diarizer.diarize;dubbing/diarization/job.py:self.backend.diarize;dubbing/pipeline.py:diarizer.diarize;dubbing/transcription/pipeline.py:diarizer.diarize;tests/diarization/test_sherpa_backend.py:backend.diarize,,dubbing.diarization;pathlib;pytest;unittest.mock,STATICALLY_REFERENCED,tests/diarization/test_pipeline.py;tests/diarization/test_resumable.py;tests/diarization/test_sherpa_backend.py;tests/personal_capture/test_full_day_gate.py;tests/transcription/test_diarization_integration.py,,,,,YES,TEST
tests/diarization/test_resumable.py,_fake_extract,function,33,34,,,DiarizationResult;ResumableDiarizationJob;SpeakerTurn;_Backend;audio.write_bytes;encode;first.to_dict;is_file;job.run;output.write_bytes;patch;patch.object;pytest.raises;second.to_dict,dubbing.diarization;pathlib;pytest;unittest.mock,UNRESOLVED_STATICALLY,tests/diarization/test_resumable.py;tests/transcription/test_resumable.py,,,,,NO_OR_UNKNOWN,TEST
tests/diarization/test_resumable.py,test_long_diarization_checkpoints_and_uses_chunk_local_labels,function,37,62,,,DiarizationResult;ResumableDiarizationJob;SpeakerTurn;_Backend;audio.write_bytes;encode;first.to_dict;is_file;job.run;output.write_bytes;patch;patch.object;pytest.raises;second.to_dict,dubbing.diarization;pathlib;pytest;unittest.mock,UNRESOLVED_STATICALLY,tests/diarization/test_resumable.py,,,,,NO_OR_UNKNOWN,TEST
tests/diarization/test_resumable.py,test_diarization_checkpoint_rejects_changed_source,function,65,81,,,DiarizationResult;ResumableDiarizationJob;SpeakerTurn;_Backend;audio.write_bytes;encode;first.to_dict;is_file;job.run;output.write_bytes;patch;patch.object;pytest.raises;second.to_dict,dubbing.diarization;pathlib;pytest;unittest.mock,UNRESOLVED_STATICALLY,tests/diarization/test_resumable.py,,,,,NO_OR_UNKNOWN,TEST
tests/diarization/test_sherpa_backend.py,_backend,function,16,21,,tests/diarization/test_sherpa_backend.py:_backend,ImportError;SherpaOnnxDiarizationBackend;SpeakerConstraints;_Sherpa;_backend;audio.write_bytes;backend._dependencies;backend.diarize;embedding.write_bytes;object;patch;pytest.raises;segmentation.write_bytes;str,__future__;dubbing.diarization;pathlib;pytest;unittest.mock,STATICALLY_REFERENCED,tests/cli/test_cli.py;tests/core/test_adversarial_hardening.py;tests/core/test_espeak_backend.py;tests/core/test_parallel_pipeline.py;tests/core/test_pipeline.py;tests/core/test_piper_backend.py;tests/core/test_say_backend.py;tests/diarization/test_sherpa_backend.py;tests/personal_capture/test_service.py;tests/transcription/test_diarization_integration.py;tests/transcription/test_resumable.py;tests/web/test_app.py;tests/web/test_upload_limit.py,,,,,NO_OR_UNKNOWN,TEST
tests/diarization/test_sherpa_backend.py,test_missing_audio_is_actionable,function,24,28,,,ImportError;SherpaOnnxDiarizationBackend;SpeakerConstraints;_Sherpa;_backend;audio.write_bytes;backend._dependencies;backend.diarize;embedding.write_bytes;object;patch;pytest.raises;segmentation.write_bytes;str,__future__;dubbing.diarization;pathlib;pytest;unittest.mock,UNRESOLVED_STATICALLY,tests/diarization/test_sherpa_backend.py;tests/transcription/test_faster_whisper_backend.py;tests/transcription/test_mlx_backend.py,,,,,NO_OR_UNKNOWN,TEST
tests/diarization/test_sherpa_backend.py,test_missing_model_is_actionable,function,31,40,,,ImportError;SherpaOnnxDiarizationBackend;SpeakerConstraints;_Sherpa;_backend;audio.write_bytes;backend._dependencies;backend.diarize;embedding.write_bytes;object;patch;pytest.raises;segmentation.write_bytes;str,__future__;dubbing.diarization;pathlib;pytest;unittest.mock,UNRESOLVED_STATICALLY,tests/diarization/test_sherpa_backend.py,,,,,NO_OR_UNKNOWN,TEST
tests/diarization/test_sherpa_backend.py,test_min_max_only_constraints_are_rejected_not_fabricated,function,43,49,,,ImportError;SherpaOnnxDiarizationBackend;SpeakerConstraints;_Sherpa;_backend;audio.write_bytes;backend._dependencies;backend.diarize;embedding.write_bytes;object;patch;pytest.raises;segmentation.write_bytes;str,__future__;dubbing.diarization;pathlib;pytest;unittest.mock,UNRESOLVED_STATICALLY,tests/diarization/test_sherpa_backend.py,,,,,NO_OR_UNKNOWN,TEST
tests/diarization/test_sherpa_backend.py,test_missing_optional_dependency_has_install_command,function,52,60,,,ImportError;SherpaOnnxDiarizationBackend;SpeakerConstraints;_Sherpa;_backend;audio.write_bytes;backend._dependencies;backend.diarize;embedding.write_bytes;object;patch;pytest.raises;segmentation.write_bytes;str,__future__;dubbing.diarization;pathlib;pytest;unittest.mock,UNRESOLVED_STATICALLY,tests/diarization/test_sherpa_backend.py,,,,,NO_OR_UNKNOWN,TEST
tests/diarization/test_sherpa_backend.py,test_cuda_request_rejects_cpu_only_wheel,function,63,74,,,ImportError;SherpaOnnxDiarizationBackend;SpeakerConstraints;_Sherpa;_backend;audio.write_bytes;backend._dependencies;backend.diarize;embedding.write_bytes;object;patch;pytest.raises;segmentation.write_bytes;str,__future__;dubbing.diarization;pathlib;pytest;unittest.mock,UNRESOLVED_STATICALLY,tests/diarization/test_sherpa_backend.py,,,,,NO_OR_UNKNOWN,TEST
tests/diarization/test_sherpa_backend.py,test_cuda_request_rejects_cpu_only_wheel._Sherpa,class,66,67,,tests/diarization/test_sherpa_backend.py:_Sherpa,,__future__;dubbing.diarization;pathlib;pytest;unittest.mock,STATICALLY_REFERENCED,tests/diarization/test_sherpa_backend.py,,,,,NO_OR_UNKNOWN,TEST
tests/personal_capture/test_benchmark.py,test_benchmark_normalization_is_case_and_punctuation_insensitive,function,4,6,,,_normalize,dubbing.apps.personal_capture.benchmark,UNRESOLVED_STATICALLY,tests/personal_capture/test_benchmark.py,,,,,NO_OR_UNKNOWN,TEST
tests/personal_capture/test_config.py,deployment_config,function,9,51,,tests/personal_capture/test_config.py:deployment_config;tests/personal_capture/test_preflight.py:deployment_config;tests/personal_capture/test_review_app.py:deployment_config,deployment_config;json.dumps;load_config;mutation;path.write_text;pytest.mark.parametrize;pytest.raises;str;update;validate_config,dubbing.apps.personal_capture.config;json;pathlib;pytest,STATICALLY_REFERENCED,tests/personal_capture/test_config.py;tests/personal_capture/test_preflight.py;tests/personal_capture/test_review_app.py,,,,,NO_OR_UNKNOWN,TEST
tests/personal_capture/test_config.py,test_canonical_config_is_valid,function,54,59,,,deployment_config;json.dumps;load_config;mutation;path.write_text;pytest.mark.parametrize;pytest.raises;str;update;validate_config,dubbing.apps.personal_capture.config;json;pathlib;pytest,UNRESOLVED_STATICALLY,tests/personal_capture/test_config.py,,,,,NO_OR_UNKNOWN,TEST
tests/personal_capture/test_config.py,test_unsafe_production_config_is_rejected,function,78,83,pytest.mark.parametrize,,deployment_config;json.dumps;load_config;mutation;path.write_text;pytest.mark.parametrize;pytest.raises;str;update;validate_config,dubbing.apps.personal_capture.config;json;pathlib;pytest,UNRESOLVED_STATICALLY,tests/personal_capture/test_config.py,,,,,NO_OR_UNKNOWN,TEST
tests/personal_capture/test_full_day_gate.py,_ASR,class,20,39,,tests/personal_capture/test_full_day_gate.py:_ASR;tests/transcription/test_diarization_integration.py:_ASR,,dubbing.diarization;dubbing.transcription;pathlib;unittest.mock,STATICALLY_REFERENCED,tests/personal_capture/test_full_day_gate.py;tests/transcription/test_diarization_integration.py,,,,,NO_OR_UNKNOWN,TEST
tests/personal_capture/test_full_day_gate.py,_ASR.__init__,method,21,22,,,,dubbing.diarization;dubbing.transcription;pathlib;unittest.mock,UNRESOLVED_STATICALLY,tests/acceptance/test_acceptance_cli.py;tests/core/test_pipeline.py;tests/diarization/test_pipeline.py;tests/diarization/test_resumable.py;tests/diarization/test_sherpa_backend.py;tests/personal_capture/test_full_day_gate.py;tests/personal_capture/test_service.py;tests/transcription/test_faster_whisper_backend.py;tests/transcription/test_resumable.py;tests/translation/test_resumable.py,,,,,NO_OR_UNKNOWN,TEST
tests/personal_capture/test_full_day_gate.py,_ASR.identity,method,25,26,property,,,dubbing.diarization;dubbing.transcription;pathlib;unittest.mock,UNRESOLVED_STATICALLY,tests/core/test_mutant_killers.py;tests/core/test_say_backend.py;tests/diarization/test_resumable.py;tests/personal_capture/test_full_day_gate.py;tests/personal_capture/test_service.py;tests/transcription/test_diarization_integration.py;tests/transcription/test_resumable.py;tests/translation/test_pipeline.py;tests/translation/test_resumable.py,,,,,YES,TEST
tests/personal_capture/test_full_day_gate.py,_ASR.transcribe,method,28,39,,dubbing/transcription/faster_whisper.py:model.transcribe;dubbing/transcription/job.py:self.backend.transcribe;dubbing/transcription/mlx_whisper.py:mlx_whisper.transcribe;dubbing/transcription/pipeline.py:self.transcription_backend.transcribe;tests/personal_capture/test_service.py:FakeASR.transcribe;tests/personal_capture/test_service.py:super.transcribe;tests/transcription/test_faster_whisper_backend.py:backend.transcribe;tests/transcription/test_mlx_backend.py:MLXWhisperTranscriptionBackend.transcribe;tests/transcription/test_mlx_backend.py:backend.transcribe,,dubbing.diarization;dubbing.transcription;pathlib;unittest.mock,STATICALLY_REFERENCED,tests/cli/test_gpu_launcher.py;tests/personal_capture/test_full_day_gate.py;tests/personal_capture/test_service.py;tests/transcription/test_diarization_integration.py;tests/transcription/test_faster_whisper_backend.py;tests/transcription/test_mlx_backend.py;tests/transcription/test_resumable.py,,,,,YES,TEST
tests/personal_capture/test_full_day_gate.py,_Diarizer,class,42,57,,tests/diarization/test_pipeline.py:_Diarizer;tests/personal_capture/test_full_day_gate.py:_Diarizer;tests/transcription/test_diarization_integration.py:_Diarizer,,dubbing.diarization;dubbing.transcription;pathlib;unittest.mock,STATICALLY_REFERENCED,tests/diarization/test_pipeline.py;tests/personal_capture/test_full_day_gate.py;tests/transcription/test_diarization_integration.py,,,,,NO_OR_UNKNOWN,TEST
tests/personal_capture/test_full_day_gate.py,_Diarizer.__init__,method,43,44,,,,dubbing.diarization;dubbing.transcription;pathlib;unittest.mock,UNRESOLVED_STATICALLY,tests/acceptance/test_acceptance_cli.py;tests/core/test_pipeline.py;tests/diarization/test_pipeline.py;tests/diarization/test_resumable.py;tests/diarization/test_sherpa_backend.py;tests/personal_capture/test_full_day_gate.py;tests/personal_capture/test_service.py;tests/transcription/test_faster_whisper_backend.py;tests/transcription/test_resumable.py;tests/translation/test_resumable.py,,,,,NO_OR_UNKNOWN,TEST
tests/personal_capture/test_full_day_gate.py,_Diarizer.identity,method,47,48,property,,,dubbing.diarization;dubbing.transcription;pathlib;unittest.mock,UNRESOLVED_STATICALLY,tests/core/test_mutant_killers.py;tests/core/test_say_backend.py;tests/diarization/test_resumable.py;tests/personal_capture/test_full_day_gate.py;tests/personal_capture/test_service.py;tests/transcription/test_diarization_integration.py;tests/transcription/test_resumable.py;tests/translation/test_pipeline.py;tests/translation/test_resumable.py,,,,,YES,TEST
tests/personal_capture/test_full_day_gate.py,_Diarizer.diarize,method,50,57,,dubbing/cli/main.py:diarizer.diarize;dubbing/diarization/job.py:self.backend.diarize;dubbing/pipeline.py:diarizer.diarize;dubbing/transcription/pipeline.py:diarizer.diarize;tests/diarization/test_sherpa_backend.py:backend.diarize,,dubbing.diarization;dubbing.transcription;pathlib;unittest.mock,STATICALLY_REFERENCED,tests/diarization/test_pipeline.py;tests/diarization/test_resumable.py;tests/diarization/test_sherpa_backend.py;tests/personal_capture/test_full_day_gate.py;tests/transcription/test_diarization_integration.py,,,,,YES,TEST
tests/personal_capture/test_full_day_gate.py,_extract,function,60,61,,,DiarizationResult;ResumableDiarizationJob;ResumableTranscriptionJob;SpeakerTurn;TranscriptSegment;TranscriptionResult;_ASR;_Diarizer;diarization.run;diarization_first.to_dict;diarization_second.to_dict;encode;len;output.write_bytes;patch.object;source.write_bytes;transcript_first.to_dict;transcript_second.to_dict;transcription.run,dubbing.diarization;dubbing.transcription;pathlib;unittest.mock,UNRESOLVED_STATICALLY,tests/core/test_mutant_killers.py;tests/core/test_piper_backend.py;tests/core/test_srt_parser.py;tests/diarization/test_resumable.py;tests/personal_capture/test_full_day_gate.py;tests/transcription/test_resumable.py,,,,,NO_OR_UNKNOWN,TEST
tests/personal_capture/test_full_day_gate.py,test_eighteen_hour_plan_checkpoints_every_stage_and_resumes,function,64,116,,,DiarizationResult;ResumableDiarizationJob;ResumableTranscriptionJob;SpeakerTurn;TranscriptSegment;TranscriptionResult;_ASR;_Diarizer;diarization.run;diarization_first.to_dict;diarization_second.to_dict;encode;len;output.write_bytes;patch.object;source.write_bytes;transcript_first.to_dict;transcript_second.to_dict;transcription.run,dubbing.diarization;dubbing.transcription;pathlib;unittest.mock,UNRESOLVED_STATICALLY,tests/personal_capture/test_full_day_gate.py,,,,,NO_OR_UNKNOWN,TEST
tests/personal_capture/test_operations.py,test_review_edit_reject_retry_and_approve_outbox,function,11,33,,,CaptureService;FakeASR;event.is_file;export_approved;glob;hashlib.sha256;hashlib.sha256.hexdigest;inbox.mkdir;json.loads;list;media;mkdir;read_text;service.approve;service.process;service.reject;service.store.get;service.store.retry;service.update_review;source.read_bytes;transcript.write_text,__future__;dubbing.apps.personal_capture;dubbing.apps.personal_capture.outbox;hashlib;json;tests.personal_capture.test_service,UNRESOLVED_STATICALLY,tests/personal_capture/test_operations.py,,,,,NO_OR_UNKNOWN,TEST
tests/personal_capture/test_operations.py,test_outbox_rejects_tampered_transcript,function,36,45,,,CaptureService;FakeASR;event.is_file;export_approved;glob;hashlib.sha256;hashlib.sha256.hexdigest;inbox.mkdir;json.loads;list;media;mkdir;read_text;service.approve;service.process;service.reject;service.store.get;service.store.retry;service.update_review;source.read_bytes;transcript.write_text,__future__;dubbing.apps.personal_capture;dubbing.apps.personal_capture.outbox;hashlib;json;tests.personal_capture.test_service,UNRESOLVED_STATICALLY,tests/personal_capture/test_operations.py,,,,,NO_OR_UNKNOWN,TEST
tests/personal_capture/test_operations.py,test_outbox_supports_configured_packages_directory,function,48,65,,,CaptureService;FakeASR;event.is_file;export_approved;glob;hashlib.sha256;hashlib.sha256.hexdigest;inbox.mkdir;json.loads;list;media;mkdir;read_text;service.approve;service.process;service.reject;service.store.get;service.store.retry;service.update_review;source.read_bytes;transcript.write_text,__future__;dubbing.apps.personal_capture;dubbing.apps.personal_capture.outbox;hashlib;json;tests.personal_capture.test_service,UNRESOLVED_STATICALLY,tests/personal_capture/test_operations.py,,,,,NO_OR_UNKNOWN,TEST
tests/personal_capture/test_operations.py,test_configured_approval_publishes_transactional_outbox,function,68,86,,,CaptureService;FakeASR;event.is_file;export_approved;glob;hashlib.sha256;hashlib.sha256.hexdigest;inbox.mkdir;json.loads;list;media;mkdir;read_text;service.approve;service.process;service.reject;service.store.get;service.store.retry;service.update_review;source.read_bytes;transcript.write_text,__future__;dubbing.apps.personal_capture;dubbing.apps.personal_capture.outbox;hashlib;json;tests.personal_capture.test_service,UNRESOLVED_STATICALLY,tests/personal_capture/test_operations.py,,,,,NO_OR_UNKNOWN,TEST
tests/personal_capture/test_preflight.py,test_preflight_prepares_paths_and_certifies_required_runtime,function,10,44,,,SimpleNamespace;all;config_path.write_text;deployment_config;inspect_environment;json.dumps;object;os.chmod;patch;path.write_bytes;str;token.write_text,dubbing.apps.personal_capture.preflight;json;os;tests.personal_capture.test_config;types;unittest.mock,UNRESOLVED_STATICALLY,tests/personal_capture/test_preflight.py,,,,,NO_OR_UNKNOWN,TEST
tests/personal_capture/test_review_app.py,_Service,class,7,9,,tests/personal_capture/test_review_app.py:_Service,,dubbing.apps.personal_capture.review;json;tests.personal_capture.test_config;unittest.mock,STATICALLY_REFERENCED,tests/personal_capture/test_review_app.py,,,,,NO_OR_UNKNOWN,TEST
tests/personal_capture/test_review_app.py,_Service.records,method,8,9,,dubbing/apps/personal_capture/review.py:service.records;dubbing/cli/main.py:CaptureService.records,,dubbing.apps.personal_capture.review;json;tests.personal_capture.test_config;unittest.mock,STATICALLY_REFERENCED,tests/acceptance/test_acceptance_cli.py;tests/core/test_pipeline.py;tests/personal_capture/test_review_app.py,,,,,YES,TEST
tests/personal_capture/test_review_app.py,test_review_templates_and_static_assets_are_served,function,12,38,,,_Service;app.test_client;client.get;config_path.write_text;create_capture_app;deployment_config;json.dumps;mkdir;patch;startswith;token.write_text,dubbing.apps.personal_capture.review;json;tests.personal_capture.test_config;unittest.mock,UNRESOLVED_STATICALLY,tests/personal_capture/test_review_app.py,,,,,NO_OR_UNKNOWN,TEST
tests/personal_capture/test_service.py,FakeASR,class,21,44,,tests/personal_capture/test_operations.py:FakeASR;tests/personal_capture/test_service.py:FakeASR,,__future__;dubbing.apps.personal_capture;dubbing.transcription;dubbing.translation.base;json;os;pathlib;pytest;shutil;unittest.mock,STATICALLY_REFERENCED,tests/personal_capture/test_operations.py;tests/personal_capture/test_service.py,,,,,NO_OR_UNKNOWN,TEST
tests/personal_capture/test_service.py,FakeASR.__init__,method,22,24,,,,__future__;dubbing.apps.personal_capture;dubbing.transcription;dubbing.translation.base;json;os;pathlib;pytest;shutil;unittest.mock,UNRESOLVED_STATICALLY,tests/acceptance/test_acceptance_cli.py;tests/core/test_pipeline.py;tests/diarization/test_pipeline.py;tests/diarization/test_resumable.py;tests/diarization/test_sherpa_backend.py;tests/personal_capture/test_full_day_gate.py;tests/personal_capture/test_service.py;tests/transcription/test_faster_whisper_backend.py;tests/transcription/test_resumable.py;tests/translation/test_resumable.py,,,,,NO_OR_UNKNOWN,TEST
tests/personal_capture/test_service.py,FakeASR.identity,method,27,28,property,,,__future__;dubbing.apps.personal_capture;dubbing.transcription;dubbing.translation.base;json;os;pathlib;pytest;shutil;unittest.mock,UNRESOLVED_STATICALLY,tests/core/test_mutant_killers.py;tests/core/test_say_backend.py;tests/diarization/test_resumable.py;tests/personal_capture/test_full_day_gate.py;tests/personal_capture/test_service.py;tests/transcription/test_diarization_integration.py;tests/transcription/test_resumable.py;tests/translation/test_pipeline.py;tests/translation/test_resumable.py,,,,,YES,TEST
tests/personal_capture/test_service.py,FakeASR.transcribe,method,30,44,,dubbing/transcription/faster_whisper.py:model.transcribe;dubbing/transcription/job.py:self.backend.transcribe;dubbing/transcription/mlx_whisper.py:mlx_whisper.transcribe;dubbing/transcription/pipeline.py:self.transcription_backend.transcribe;tests/personal_capture/test_service.py:FakeASR.transcribe;tests/personal_capture/test_service.py:super.transcribe;tests/transcription/test_faster_whisper_backend.py:backend.transcribe;tests/transcription/test_mlx_backend.py:MLXWhisperTranscriptionBackend.transcribe;tests/transcription/test_mlx_backend.py:backend.transcribe,,__future__;dubbing.apps.personal_capture;dubbing.transcription;dubbing.translation.base;json;os;pathlib;pytest;shutil;unittest.mock,STATICALLY_REFERENCED,tests/cli/test_gpu_launcher.py;tests/personal_capture/test_full_day_gate.py;tests/personal_capture/test_service.py;tests/transcription/test_diarization_integration.py;tests/transcription/test_faster_whisper_backend.py;tests/transcription/test_mlx_backend.py;tests/transcription/test_resumable.py,,,,,YES,TEST
tests/personal_capture/test_service.py,Detector,class,47,49,,tests/personal_capture/test_service.py:Detector;tests/translation/test_pipeline.py:Detector,,__future__;dubbing.apps.personal_capture;dubbing.transcription;dubbing.translation.base;json;os;pathlib;pytest;shutil;unittest.mock,STATICALLY_REFERENCED,tests/personal_capture/test_service.py;tests/translation/test_pipeline.py;tests/translation/test_resumable.py,,,,,NO_OR_UNKNOWN,TEST
tests/personal_capture/test_service.py,Detector.detect,method,48,49,,dubbing/translation/pipeline.py:detector.detect;tests/translation/test_pipeline.py:detector.detect,,__future__;dubbing.apps.personal_capture;dubbing.transcription;dubbing.translation.base;json;os;pathlib;pytest;shutil;unittest.mock,STATICALLY_REFERENCED,tests/personal_capture/test_service.py;tests/translation/test_pipeline.py;tests/translation/test_resumable.py,,,,,YES,TEST
tests/personal_capture/test_service.py,Translator,class,52,58,,tests/personal_capture/test_service.py:Translator;tests/translation/test_pipeline.py:Translator,,__future__;dubbing.apps.personal_capture;dubbing.transcription;dubbing.translation.base;json;os;pathlib;pytest;shutil;unittest.mock,STATICALLY_REFERENCED,tests/personal_capture/test_service.py;tests/translation/test_pipeline.py;tests/translation/test_resumable.py,,,,,NO_OR_UNKNOWN,TEST
tests/personal_capture/test_service.py,Translator.identity,method,54,55,property,,,__future__;dubbing.apps.personal_capture;dubbing.transcription;dubbing.translation.base;json;os;pathlib;pytest;shutil;unittest.mock,UNRESOLVED_STATICALLY,tests/core/test_mutant_killers.py;tests/core/test_say_backend.py;tests/diarization/test_resumable.py;tests/personal_capture/test_full_day_gate.py;tests/personal_capture/test_service.py;tests/transcription/test_diarization_integration.py;tests/transcription/test_resumable.py;tests/translation/test_pipeline.py;tests/translation/test_resumable.py,,,,,YES,TEST
tests/personal_capture/test_service.py,Translator.translate,method,57,58,,dubbing/translation/pipeline.py:backend.translate,,__future__;dubbing.apps.personal_capture;dubbing.transcription;dubbing.translation.base;json;os;pathlib;pytest;shutil;unittest.mock,STATICALLY_REFERENCED,tests/personal_capture/test_service.py;tests/translation/test_pipeline.py;tests/translation/test_resumable.py,,,,,YES,TEST
tests/personal_capture/test_service.py,media,function,61,64,,tests/personal_capture/test_operations.py:media;tests/personal_capture/test_service.py:media,AssertionError;CaptureService;CaptureService.discover;CaptureService.process;Detector;FakeASR;FakeASR.transcribe;MutatingASR;Path;Path.write_bytes;RuntimeError;TranscriptSegment;TranscriptionResult;Translator;event_path.read_text;exists;inbox.mkdir;is_file;json.loads;media;next;os.utime;patch;path.write_bytes;pytest.raises;read_text;recent.write_bytes;service.approve;service.approve.read_text;service.process;service.scan;service.store.get;shutil.disk_usage;source.resolve;sum;super;super.transcribe;symlink_to;write_text,__future__;dubbing.apps.personal_capture;dubbing.transcription;dubbing.translation.base;json;os;pathlib;pytest;shutil;unittest.mock,STATICALLY_REFERENCED,tests/core/test_media.py;tests/core/test_parallel_pipeline.py;tests/diarization/test_resumable.py;tests/personal_capture/test_operations.py;tests/personal_capture/test_service.py;tests/transcription/test_resumable.py,,,,,YES,TEST
tests/personal_capture/test_service.py,test_scan_packages_translation_and_deduplicates_by_content,function,67,91,,,AssertionError;CaptureService;CaptureService.discover;CaptureService.process;Detector;FakeASR;FakeASR.transcribe;MutatingASR;Path;Path.write_bytes;RuntimeError;TranscriptSegment;TranscriptionResult;Translator;event_path.read_text;exists;inbox.mkdir;is_file;json.loads;media;next;os.utime;patch;path.write_bytes;pytest.raises;read_text;recent.write_bytes;service.approve;service.approve.read_text;service.process;service.scan;service.store.get;shutil.disk_usage;source.resolve;sum;super;super.transcribe;symlink_to;write_text,__future__;dubbing.apps.personal_capture;dubbing.transcription;dubbing.translation.base;json;os;pathlib;pytest;shutil;unittest.mock,UNRESOLVED_STATICALLY,tests/personal_capture/test_service.py,,,,,NO_OR_UNKNOWN,TEST
tests/personal_capture/test_service.py,test_approval_emits_idempotent_giga_event_with_speaker_alias,function,94,115,,,AssertionError;CaptureService;CaptureService.discover;CaptureService.process;Detector;FakeASR;FakeASR.transcribe;MutatingASR;Path;Path.write_bytes;RuntimeError;TranscriptSegment;TranscriptionResult;Translator;event_path.read_text;exists;inbox.mkdir;is_file;json.loads;media;next;os.utime;patch;path.write_bytes;pytest.raises;read_text;recent.write_bytes;service.approve;service.approve.read_text;service.process;service.scan;service.store.get;shutil.disk_usage;source.resolve;sum;super;super.transcribe;symlink_to;write_text,__future__;dubbing.apps.personal_capture;dubbing.transcription;dubbing.translation.base;json;os;pathlib;pytest;shutil;unittest.mock,UNRESOLVED_STATICALLY,tests/personal_capture/test_service.py,,,,,NO_OR_UNKNOWN,TEST
tests/personal_capture/test_service.py,test_failure_is_retryable,function,118,130,,,AssertionError;CaptureService;CaptureService.discover;CaptureService.process;Detector;FakeASR;FakeASR.transcribe;MutatingASR;Path;Path.write_bytes;RuntimeError;TranscriptSegment;TranscriptionResult;Translator;event_path.read_text;exists;inbox.mkdir;is_file;json.loads;media;next;os.utime;patch;path.write_bytes;pytest.raises;read_text;recent.write_bytes;service.approve;service.approve.read_text;service.process;service.scan;service.store.get;shutil.disk_usage;source.resolve;sum;super;super.transcribe;symlink_to;write_text,__future__;dubbing.apps.personal_capture;dubbing.transcription;dubbing.translation.base;json;os;pathlib;pytest;shutil;unittest.mock,UNRESOLVED_STATICALLY,tests/personal_capture/test_service.py,,,,,NO_OR_UNKNOWN,TEST
tests/personal_capture/test_service.py,test_discovery_ignores_symlinks_unknown_files_and_recent_writes,function,133,145,,,AssertionError;CaptureService;CaptureService.discover;CaptureService.process;Detector;FakeASR;FakeASR.transcribe;MutatingASR;Path;Path.write_bytes;RuntimeError;TranscriptSegment;TranscriptionResult;Translator;event_path.read_text;exists;inbox.mkdir;is_file;json.loads;media;next;os.utime;patch;path.write_bytes;pytest.raises;read_text;recent.write_bytes;service.approve;service.approve.read_text;service.process;service.scan;service.store.get;shutil.disk_usage;source.resolve;sum;super;super.transcribe;symlink_to;write_text,__future__;dubbing.apps.personal_capture;dubbing.transcription;dubbing.translation.base;json;os;pathlib;pytest;shutil;unittest.mock,UNRESOLVED_STATICALLY,tests/personal_capture/test_service.py,,,,,NO_OR_UNKNOWN,TEST
tests/personal_capture/test_service.py,test_configurable_runtime_paths_stay_inside_workspace,function,148,168,,,AssertionError;CaptureService;CaptureService.discover;CaptureService.process;Detector;FakeASR;FakeASR.transcribe;MutatingASR;Path;Path.write_bytes;RuntimeError;TranscriptSegment;TranscriptionResult;Translator;event_path.read_text;exists;inbox.mkdir;is_file;json.loads;media;next;os.utime;patch;path.write_bytes;pytest.raises;read_text;recent.write_bytes;service.approve;service.approve.read_text;service.process;service.scan;service.store.get;shutil.disk_usage;source.resolve;sum;super;super.transcribe;symlink_to;write_text,__future__;dubbing.apps.personal_capture;dubbing.transcription;dubbing.translation.base;json;os;pathlib;pytest;shutil;unittest.mock,UNRESOLVED_STATICALLY,tests/personal_capture/test_service.py,,,,,NO_OR_UNKNOWN,TEST
tests/personal_capture/test_service.py,test_resumable_capture_uses_project_processing_directory,function,171,192,,,AssertionError;CaptureService;CaptureService.discover;CaptureService.process;Detector;FakeASR;FakeASR.transcribe;MutatingASR;Path;Path.write_bytes;RuntimeError;TranscriptSegment;TranscriptionResult;Translator;event_path.read_text;exists;inbox.mkdir;is_file;json.loads;media;next;os.utime;patch;path.write_bytes;pytest.raises;read_text;recent.write_bytes;service.approve;service.approve.read_text;service.process;service.scan;service.store.get;shutil.disk_usage;source.resolve;sum;super;super.transcribe;symlink_to;write_text,__future__;dubbing.apps.personal_capture;dubbing.transcription;dubbing.translation.base;json;os;pathlib;pytest;shutil;unittest.mock,UNRESOLVED_STATICALLY,tests/personal_capture/test_service.py,,,,,NO_OR_UNKNOWN,TEST
tests/personal_capture/test_service.py,test_capture_fails_when_source_changes_during_processing,function,195,213,,,AssertionError;CaptureService;CaptureService.discover;CaptureService.process;Detector;FakeASR;FakeASR.transcribe;MutatingASR;Path;Path.write_bytes;RuntimeError;TranscriptSegment;TranscriptionResult;Translator;event_path.read_text;exists;inbox.mkdir;is_file;json.loads;media;next;os.utime;patch;path.write_bytes;pytest.raises;read_text;recent.write_bytes;service.approve;service.approve.read_text;service.process;service.scan;service.store.get;shutil.disk_usage;source.resolve;sum;super;super.transcribe;symlink_to;write_text,__future__;dubbing.apps.personal_capture;dubbing.transcription;dubbing.translation.base;json;os;pathlib;pytest;shutil;unittest.mock,UNRESOLVED_STATICALLY,tests/personal_capture/test_service.py,,,,,NO_OR_UNKNOWN,TEST
tests/personal_capture/test_service.py,test_capture_fails_when_source_changes_during_processing.MutatingASR,class,198,202,,tests/personal_capture/test_service.py:MutatingASR,,__future__;dubbing.apps.personal_capture;dubbing.transcription;dubbing.translation.base;json;os;pathlib;pytest;shutil;unittest.mock,STATICALLY_REFERENCED,tests/personal_capture/test_service.py,,,,,NO_OR_UNKNOWN,TEST
tests/personal_capture/test_service.py,test_capture_fails_when_source_changes_during_processing.MutatingASR.transcribe,method,199,202,,dubbing/transcription/faster_whisper.py:model.transcribe;dubbing/transcription/job.py:self.backend.transcribe;dubbing/transcription/mlx_whisper.py:mlx_whisper.transcribe;dubbing/transcription/pipeline.py:self.transcription_backend.transcribe;tests/personal_capture/test_service.py:FakeASR.transcribe;tests/personal_capture/test_service.py:super.transcribe;tests/transcription/test_faster_whisper_backend.py:backend.transcribe;tests/transcription/test_mlx_backend.py:MLXWhisperTranscriptionBackend.transcribe;tests/transcription/test_mlx_backend.py:backend.transcribe,,__future__;dubbing.apps.personal_capture;dubbing.transcription;dubbing.translation.base;json;os;pathlib;pytest;shutil;unittest.mock,STATICALLY_REFERENCED,tests/cli/test_gpu_launcher.py;tests/personal_capture/test_full_day_gate.py;tests/personal_capture/test_service.py;tests/transcription/test_diarization_integration.py;tests/transcription/test_faster_whisper_backend.py;tests/transcription/test_mlx_backend.py;tests/transcription/test_resumable.py,,,,,YES,TEST
tests/personal_capture/test_service.py,test_capture_enforces_free_space_reserve,function,216,229,,,AssertionError;CaptureService;CaptureService.discover;CaptureService.process;Detector;FakeASR;FakeASR.transcribe;MutatingASR;Path;Path.write_bytes;RuntimeError;TranscriptSegment;TranscriptionResult;Translator;event_path.read_text;exists;inbox.mkdir;is_file;json.loads;media;next;os.utime;patch;path.write_bytes;pytest.raises;read_text;recent.write_bytes;service.approve;service.approve.read_text;service.process;service.scan;service.store.get;shutil.disk_usage;source.resolve;sum;super;super.transcribe;symlink_to;write_text,__future__;dubbing.apps.personal_capture;dubbing.transcription;dubbing.translation.base;json;os;pathlib;pytest;shutil;unittest.mock,UNRESOLVED_STATICALLY,tests/personal_capture/test_service.py,,,,,NO_OR_UNKNOWN,TEST
tests/personal_capture/test_service.py,test_unchanged_reviewed_source_is_not_rehashed_on_later_scans,function,232,248,,,AssertionError;CaptureService;CaptureService.discover;CaptureService.process;Detector;FakeASR;FakeASR.transcribe;MutatingASR;Path;Path.write_bytes;RuntimeError;TranscriptSegment;TranscriptionResult;Translator;event_path.read_text;exists;inbox.mkdir;is_file;json.loads;media;next;os.utime;patch;path.write_bytes;pytest.raises;read_text;recent.write_bytes;service.approve;service.approve.read_text;service.process;service.scan;service.store.get;shutil.disk_usage;source.resolve;sum;super;super.transcribe;symlink_to;write_text,__future__;dubbing.apps.personal_capture;dubbing.transcription;dubbing.translation.base;json;os;pathlib;pytest;shutil;unittest.mock,UNRESOLVED_STATICALLY,tests/personal_capture/test_service.py,,,,,NO_OR_UNKNOWN,TEST
tests/support/assertions.py,_decode_samples,function,13,21,,tests/support/assertions.py:_decode_samples,_decode_samples;abs;all;any;by_name.get;int;int.from_bytes;io.BytesIO;len;pytest.approx;range;set;sorted;values.items;wave.open;wf.getframerate;wf.getnchannels;wf.getnframes;wf.getsampwidth;wf.readframes,__future__;dubbing.aligner;dubbing.models;io;pytest;typing;wave,STATICALLY_REFERENCED,tests/support/assertions.py,,,,,NO_OR_UNKNOWN,TEST
tests/support/assertions.py,assert_wav_duration,function,24,30,,tests/core/test_boundaries.py:assert_wav_duration;tests/core/test_mutant_killers.py:assert_wav_duration,_decode_samples;abs;all;any;by_name.get;int;int.from_bytes;io.BytesIO;len;pytest.approx;range;set;sorted;values.items;wave.open;wf.getframerate;wf.getnchannels;wf.getnframes;wf.getsampwidth;wf.readframes,__future__;dubbing.aligner;dubbing.models;io;pytest;typing;wave,STATICALLY_REFERENCED,tests/core/test_boundaries.py;tests/core/test_mutant_killers.py;tests/support/assertions.py,,,,,NO_OR_UNKNOWN,TEST
tests/support/assertions.py,assert_wav_format,function,33,50,,tests/core/test_boundaries.py:assert_wav_format,_decode_samples;abs;all;any;by_name.get;int;int.from_bytes;io.BytesIO;len;pytest.approx;range;set;sorted;values.items;wave.open;wf.getframerate;wf.getnchannels;wf.getnframes;wf.getsampwidth;wf.readframes,__future__;dubbing.aligner;dubbing.models;io;pytest;typing;wave,STATICALLY_REFERENCED,tests/core/test_boundaries.py;tests/support/assertions.py,,,,,NO_OR_UNKNOWN,TEST
tests/support/assertions.py,assert_silence_region,function,53,61,,tests/core/test_mutant_killers.py:assert_silence_region,_decode_samples;abs;all;any;by_name.get;int;int.from_bytes;io.BytesIO;len;pytest.approx;range;set;sorted;values.items;wave.open;wf.getframerate;wf.getnchannels;wf.getnframes;wf.getsampwidth;wf.readframes,__future__;dubbing.aligner;dubbing.models;io;pytest;typing;wave,STATICALLY_REFERENCED,tests/core/test_mutant_killers.py;tests/support/assertions.py,,,,,NO_OR_UNKNOWN,TEST
tests/support/assertions.py,assert_audio_region,function,64,72,,tests/core/test_mutant_killers.py:assert_audio_region,_decode_samples;abs;all;any;by_name.get;int;int.from_bytes;io.BytesIO;len;pytest.approx;range;set;sorted;values.items;wave.open;wf.getframerate;wf.getnchannels;wf.getnframes;wf.getsampwidth;wf.readframes,__future__;dubbing.aligner;dubbing.models;io;pytest;typing;wave,STATICALLY_REFERENCED,tests/core/test_mutant_killers.py;tests/support/assertions.py,,,,,NO_OR_UNKNOWN,TEST
tests/support/assertions.py,assert_timed_segment,function,75,88,,tests/core/test_boundaries.py:assert_timed_segment,_decode_samples;abs;all;any;by_name.get;int;int.from_bytes;io.BytesIO;len;pytest.approx;range;set;sorted;values.items;wave.open;wf.getframerate;wf.getnchannels;wf.getnframes;wf.getsampwidth;wf.readframes,__future__;dubbing.aligner;dubbing.models;io;pytest;typing;wave,STATICALLY_REFERENCED,tests/core/test_boundaries.py;tests/support/assertions.py,,,,,NO_OR_UNKNOWN,TEST
tests/support/assertions.py,assert_prosody_tags,function,91,108,,tests/core/test_boundaries.py:assert_prosody_tags,_decode_samples;abs;all;any;by_name.get;int;int.from_bytes;io.BytesIO;len;pytest.approx;range;set;sorted;values.items;wave.open;wf.getframerate;wf.getnchannels;wf.getnframes;wf.getsampwidth;wf.readframes,__future__;dubbing.aligner;dubbing.models;io;pytest;typing;wave,STATICALLY_REFERENCED,tests/core/test_boundaries.py;tests/support/assertions.py,,,,,NO_OR_UNKNOWN,TEST
tests/support/builders.py,make_srt_entry,function,9,15,,tests/support/builders.py:make_srt_entry,SRTEntry;Segment;TTSResult;buf.getvalue;int;io.BytesIO;make_segment;make_srt_entry;make_wav;sample_value.to_bytes;wave.open;wf.setframerate;wf.setnchannels;wf.setsampwidth;wf.writeframes,__future__;dubbing.models;io;wave,STATICALLY_REFERENCED,tests/support/builders.py,,,,,NO_OR_UNKNOWN,TEST
tests/support/builders.py,make_segment,function,18,30,,tests/conftest.py:make_segment;tests/core/test_boundaries.py:make_segment;tests/core/test_mutant_killers.py:make_segment;tests/core/test_say_backend.py:make_segment;tests/support/builders.py:make_segment,SRTEntry;Segment;TTSResult;buf.getvalue;int;io.BytesIO;make_segment;make_srt_entry;make_wav;sample_value.to_bytes;wave.open;wf.setframerate;wf.setnchannels;wf.setsampwidth;wf.writeframes,__future__;dubbing.models;io;wave,STATICALLY_REFERENCED,tests/conftest.py;tests/core/test_aligner.py;tests/core/test_boundaries.py;tests/core/test_mutant_killers.py;tests/core/test_piper_backend.py;tests/core/test_say_backend.py;tests/support/builders.py,,,,,NO_OR_UNKNOWN,TEST
tests/support/builders.py,make_wav,function,33,42,,tests/conftest.py:make_wav;tests/core/test_boundaries.py:make_wav;tests/core/test_mutant_killers.py:make_wav;tests/support/builders.py:make_wav,SRTEntry;Segment;TTSResult;buf.getvalue;int;io.BytesIO;make_segment;make_srt_entry;make_wav;sample_value.to_bytes;wave.open;wf.setframerate;wf.setnchannels;wf.setsampwidth;wf.writeframes,__future__;dubbing.models;io;wave,STATICALLY_REFERENCED,tests/acceptance/test_acceptance_helpers.py;tests/conftest.py;tests/core/test_boundaries.py;tests/core/test_mutant_killers.py;tests/support/builders.py,,,,,NO_OR_UNKNOWN,TEST
tests/support/builders.py,make_tts_result,function,45,55,,tests/core/test_mutant_killers.py:make_tts_result,SRTEntry;Segment;TTSResult;buf.getvalue;int;io.BytesIO;make_segment;make_srt_entry;make_wav;sample_value.to_bytes;wave.open;wf.setframerate;wf.setnchannels;wf.setsampwidth;wf.writeframes,__future__;dubbing.models;io;wave,STATICALLY_REFERENCED,tests/core/test_mutant_killers.py;tests/support/builders.py,,,,,NO_OR_UNKNOWN,TEST
tests/transcription/test_diarization_integration.py,_transcript,function,14,34,,tests/transcription/test_diarization_integration.py:_transcript;tests/translation/test_resumable.py:_transcript,AudioUnderstandingPipeline;AudioUnderstandingPipeline.run;DiarizationResult;SpeakerTurn;TranscriptSegment;TranscriptWord;TranscriptionResult;_ASR;_Diarizer;_transcript;attribute_transcript,__future__;dubbing.diarization;dubbing.transcription,STATICALLY_REFERENCED,tests/personal_capture/test_operations.py;tests/transcription/test_diarization_integration.py;tests/translation/test_pipeline.py;tests/translation/test_resumable.py,,,,,NO_OR_UNKNOWN,TEST
tests/transcription/test_diarization_integration.py,test_word_midpoints_receive_speaker_labels_without_text_mutation,function,37,54,,,AudioUnderstandingPipeline;AudioUnderstandingPipeline.run;DiarizationResult;SpeakerTurn;TranscriptSegment;TranscriptWord;TranscriptionResult;_ASR;_Diarizer;_transcript;attribute_transcript,__future__;dubbing.diarization;dubbing.transcription,UNRESOLVED_STATICALLY,tests/transcription/test_diarization_integration.py,,,,,NO_OR_UNKNOWN,TEST
tests/transcription/test_diarization_integration.py,test_one_speaker_segment_is_word_attributed,function,57,66,,,AudioUnderstandingPipeline;AudioUnderstandingPipeline.run;DiarizationResult;SpeakerTurn;TranscriptSegment;TranscriptWord;TranscriptionResult;_ASR;_Diarizer;_transcript;attribute_transcript,__future__;dubbing.diarization;dubbing.transcription,UNRESOLVED_STATICALLY,tests/transcription/test_diarization_integration.py,,,,,NO_OR_UNKNOWN,TEST
tests/transcription/test_diarization_integration.py,_ASR,class,69,75,,tests/personal_capture/test_full_day_gate.py:_ASR;tests/transcription/test_diarization_integration.py:_ASR,,__future__;dubbing.diarization;dubbing.transcription,STATICALLY_REFERENCED,tests/personal_capture/test_full_day_gate.py;tests/transcription/test_diarization_integration.py,,,,,NO_OR_UNKNOWN,TEST
tests/transcription/test_diarization_integration.py,_ASR.identity,method,71,72,property,,,__future__;dubbing.diarization;dubbing.transcription,UNRESOLVED_STATICALLY,tests/core/test_mutant_killers.py;tests/core/test_say_backend.py;tests/diarization/test_resumable.py;tests/personal_capture/test_full_day_gate.py;tests/personal_capture/test_service.py;tests/transcription/test_diarization_integration.py;tests/transcription/test_resumable.py;tests/translation/test_pipeline.py;tests/translation/test_resumable.py,,,,,YES,TEST
tests/transcription/test_diarization_integration.py,_ASR.transcribe,method,74,75,,dubbing/transcription/faster_whisper.py:model.transcribe;dubbing/transcription/job.py:self.backend.transcribe;dubbing/transcription/mlx_whisper.py:mlx_whisper.transcribe;dubbing/transcription/pipeline.py:self.transcription_backend.transcribe;tests/personal_capture/test_service.py:FakeASR.transcribe;tests/personal_capture/test_service.py:super.transcribe;tests/transcription/test_faster_whisper_backend.py:backend.transcribe;tests/transcription/test_mlx_backend.py:MLXWhisperTranscriptionBackend.transcribe;tests/transcription/test_mlx_backend.py:backend.transcribe,,__future__;dubbing.diarization;dubbing.transcription,STATICALLY_REFERENCED,tests/cli/test_gpu_launcher.py;tests/personal_capture/test_full_day_gate.py;tests/personal_capture/test_service.py;tests/transcription/test_diarization_integration.py;tests/transcription/test_faster_whisper_backend.py;tests/transcription/test_mlx_backend.py;tests/transcription/test_resumable.py,,,,,YES,TEST
tests/transcription/test_diarization_integration.py,_Diarizer,class,78,85,,tests/diarization/test_pipeline.py:_Diarizer;tests/personal_capture/test_full_day_gate.py:_Diarizer;tests/transcription/test_diarization_integration.py:_Diarizer,,__future__;dubbing.diarization;dubbing.transcription,STATICALLY_REFERENCED,tests/diarization/test_pipeline.py;tests/personal_capture/test_full_day_gate.py;tests/transcription/test_diarization_integration.py,,,,,NO_OR_UNKNOWN,TEST
tests/transcription/test_diarization_integration.py,_Diarizer.diarize,method,79,85,,dubbing/cli/main.py:diarizer.diarize;dubbing/diarization/job.py:self.backend.diarize;dubbing/pipeline.py:diarizer.diarize;dubbing/transcription/pipeline.py:diarizer.diarize;tests/diarization/test_sherpa_backend.py:backend.diarize,,__future__;dubbing.diarization;dubbing.transcription,STATICALLY_REFERENCED,tests/diarization/test_pipeline.py;tests/diarization/test_resumable.py;tests/diarization/test_sherpa_backend.py;tests/personal_capture/test_full_day_gate.py;tests/transcription/test_diarization_integration.py,,,,,YES,TEST
tests/transcription/test_diarization_integration.py,test_audio_understanding_pipeline_keeps_backends_injected,function,88,94,,,AudioUnderstandingPipeline;AudioUnderstandingPipeline.run;DiarizationResult;SpeakerTurn;TranscriptSegment;TranscriptWord;TranscriptionResult;_ASR;_Diarizer;_transcript;attribute_transcript,__future__;dubbing.diarization;dubbing.transcription,UNRESOLVED_STATICALLY,tests/transcription/test_diarization_integration.py,,,,,NO_OR_UNKNOWN,TEST
tests/transcription/test_faster_whisper_backend.py,_Model,class,15,37,,,,__future__;dubbing.transcription;pytest;types;unittest.mock,UNRESOLVED_STATICALLY,tests/transcription/test_faster_whisper_backend.py,,,,,NO_OR_UNKNOWN,TEST
tests/transcription/test_faster_whisper_backend.py,_Model.__init__,method,19,20,,,,__future__;dubbing.transcription;pytest;types;unittest.mock,UNRESOLVED_STATICALLY,tests/acceptance/test_acceptance_cli.py;tests/core/test_pipeline.py;tests/diarization/test_pipeline.py;tests/diarization/test_resumable.py;tests/diarization/test_sherpa_backend.py;tests/personal_capture/test_full_day_gate.py;tests/personal_capture/test_service.py;tests/transcription/test_faster_whisper_backend.py;tests/transcription/test_resumable.py;tests/translation/test_resumable.py,,,,,NO_OR_UNKNOWN,TEST
tests/transcription/test_faster_whisper_backend.py,_Model.transcribe,method,22,37,,dubbing/transcription/faster_whisper.py:model.transcribe;dubbing/transcription/job.py:self.backend.transcribe;dubbing/transcription/mlx_whisper.py:mlx_whisper.transcribe;dubbing/transcription/pipeline.py:self.transcription_backend.transcribe;tests/personal_capture/test_service.py:FakeASR.transcribe;tests/personal_capture/test_service.py:super.transcribe;tests/transcription/test_faster_whisper_backend.py:backend.transcribe;tests/transcription/test_mlx_backend.py:MLXWhisperTranscriptionBackend.transcribe;tests/transcription/test_mlx_backend.py:backend.transcribe,,__future__;dubbing.transcription;pytest;types;unittest.mock,STATICALLY_REFERENCED,tests/cli/test_gpu_launcher.py;tests/personal_capture/test_full_day_gate.py;tests/personal_capture/test_service.py;tests/transcription/test_diarization_integration.py;tests/transcription/test_faster_whisper_backend.py;tests/transcription/test_mlx_backend.py;tests/transcription/test_resumable.py,,,,,YES,TEST
tests/transcription/test_faster_whisper_backend.py,_FasterWhisper,class,40,41,,tests/transcription/test_faster_whisper_backend.py:_FasterWhisper,,__future__;dubbing.transcription;pytest;types;unittest.mock,STATICALLY_REFERENCED,tests/transcription/test_faster_whisper_backend.py,,,,,NO_OR_UNKNOWN,TEST
tests/transcription/test_faster_whisper_backend.py,test_missing_audio_is_actionable,function,44,47,,,FasterWhisperTranscriptionBackend;ImportError;SimpleNamespace;TranscriptionOptions;_FasterWhisper;audio.write_bytes;backend.transcribe;dependency.assert_called_once;iter;patch;pytest.mark.parametrize;pytest.raises;type,__future__;dubbing.transcription;pytest;types;unittest.mock,UNRESOLVED_STATICALLY,tests/diarization/test_sherpa_backend.py;tests/transcription/test_faster_whisper_backend.py;tests/transcription/test_mlx_backend.py,,,,,NO_OR_UNKNOWN,TEST
tests/transcription/test_faster_whisper_backend.py,test_missing_dependency_has_install_command,function,50,59,,,FasterWhisperTranscriptionBackend;ImportError;SimpleNamespace;TranscriptionOptions;_FasterWhisper;audio.write_bytes;backend.transcribe;dependency.assert_called_once;iter;patch;pytest.mark.parametrize;pytest.raises;type,__future__;dubbing.transcription;pytest;types;unittest.mock,UNRESOLVED_STATICALLY,tests/transcription/test_faster_whisper_backend.py;tests/transcription/test_mlx_backend.py,,,,,NO_OR_UNKNOWN,TEST
tests/transcription/test_faster_whisper_backend.py,test_parses_words_and_forwards_gpu_configuration,function,62,95,,,FasterWhisperTranscriptionBackend;ImportError;SimpleNamespace;TranscriptionOptions;_FasterWhisper;audio.write_bytes;backend.transcribe;dependency.assert_called_once;iter;patch;pytest.mark.parametrize;pytest.raises;type,__future__;dubbing.transcription;pytest;types;unittest.mock,UNRESOLVED_STATICALLY,tests/transcription/test_faster_whisper_backend.py,,,,,NO_OR_UNKNOWN,TEST
tests/transcription/test_faster_whisper_backend.py,test_model_is_loaded_only_once,function,98,108,,,FasterWhisperTranscriptionBackend;ImportError;SimpleNamespace;TranscriptionOptions;_FasterWhisper;audio.write_bytes;backend.transcribe;dependency.assert_called_once;iter;patch;pytest.mark.parametrize;pytest.raises;type,__future__;dubbing.transcription;pytest;types;unittest.mock,UNRESOLVED_STATICALLY,tests/transcription/test_faster_whisper_backend.py,,,,,NO_OR_UNKNOWN,TEST
tests/transcription/test_faster_whisper_backend.py,test_rejects_invalid_configuration,function,120,122,pytest.mark.parametrize,,FasterWhisperTranscriptionBackend;ImportError;SimpleNamespace;TranscriptionOptions;_FasterWhisper;audio.write_bytes;backend.transcribe;dependency.assert_called_once;iter;patch;pytest.mark.parametrize;pytest.raises;type,__future__;dubbing.transcription;pytest;types;unittest.mock,UNRESOLVED_STATICALLY,tests/transcription/test_faster_whisper_backend.py,,,,,NO_OR_UNKNOWN,TEST
tests/transcription/test_mlx_backend.py,_MLX,class,14,42,,tests/transcription/test_mlx_backend.py:_MLX,,__future__;dubbing.transcription;pytest;unittest.mock,STATICALLY_REFERENCED,tests/transcription/test_mlx_backend.py,,,,,NO_OR_UNKNOWN,TEST
tests/transcription/test_mlx_backend.py,_MLX.transcribe,method,16,42,staticmethod,dubbing/transcription/faster_whisper.py:model.transcribe;dubbing/transcription/job.py:self.backend.transcribe;dubbing/transcription/mlx_whisper.py:mlx_whisper.transcribe;dubbing/transcription/pipeline.py:self.transcription_backend.transcribe;tests/personal_capture/test_service.py:FakeASR.transcribe;tests/personal_capture/test_service.py:super.transcribe;tests/transcription/test_faster_whisper_backend.py:backend.transcribe;tests/transcription/test_mlx_backend.py:MLXWhisperTranscriptionBackend.transcribe;tests/transcription/test_mlx_backend.py:backend.transcribe,,__future__;dubbing.transcription;pytest;unittest.mock,STATICALLY_REFERENCED,tests/cli/test_gpu_launcher.py;tests/personal_capture/test_full_day_gate.py;tests/personal_capture/test_service.py;tests/transcription/test_diarization_integration.py;tests/transcription/test_faster_whisper_backend.py;tests/transcription/test_mlx_backend.py;tests/transcription/test_resumable.py,,,,,YES,TEST
tests/transcription/test_mlx_backend.py,test_missing_audio_is_actionable,function,45,48,,,ImportError;MLXWhisperTranscriptionBackend;MLXWhisperTranscriptionBackend.transcribe;TranscriptionOptions;_Broken;_MLX;audio.write_bytes;backend.transcribe;len;patch;patch.object;pytest.raises,__future__;dubbing.transcription;pytest;unittest.mock,UNRESOLVED_STATICALLY,tests/diarization/test_sherpa_backend.py;tests/transcription/test_faster_whisper_backend.py;tests/transcription/test_mlx_backend.py,,,,,NO_OR_UNKNOWN,TEST
tests/transcription/test_mlx_backend.py,test_missing_dependency_has_install_command,function,51,60,,,ImportError;MLXWhisperTranscriptionBackend;MLXWhisperTranscriptionBackend.transcribe;TranscriptionOptions;_Broken;_MLX;audio.write_bytes;backend.transcribe;len;patch;patch.object;pytest.raises,__future__;dubbing.transcription;pytest;unittest.mock,UNRESOLVED_STATICALLY,tests/transcription/test_faster_whisper_backend.py;tests/transcription/test_mlx_backend.py,,,,,NO_OR_UNKNOWN,TEST
tests/transcription/test_mlx_backend.py,test_parses_timestamped_words_and_forwards_options,function,63,85,,,ImportError;MLXWhisperTranscriptionBackend;MLXWhisperTranscriptionBackend.transcribe;TranscriptionOptions;_Broken;_MLX;audio.write_bytes;backend.transcribe;len;patch;patch.object;pytest.raises,__future__;dubbing.transcription;pytest;unittest.mock,UNRESOLVED_STATICALLY,tests/transcription/test_mlx_backend.py,,,,,NO_OR_UNKNOWN,TEST
tests/transcription/test_mlx_backend.py,test_zero_length_model_fragments_are_skipped,function,88,109,,,ImportError;MLXWhisperTranscriptionBackend;MLXWhisperTranscriptionBackend.transcribe;TranscriptionOptions;_Broken;_MLX;audio.write_bytes;backend.transcribe;len;patch;patch.object;pytest.raises,__future__;dubbing.transcription;pytest;unittest.mock,UNRESOLVED_STATICALLY,tests/transcription/test_mlx_backend.py,,,,,NO_OR_UNKNOWN,TEST
tests/transcription/test_mlx_backend.py,test_zero_length_model_fragments_are_skipped._Broken,class,92,101,,tests/transcription/test_mlx_backend.py:_Broken,,__future__;dubbing.transcription;pytest;unittest.mock,STATICALLY_REFERENCED,tests/transcription/test_mlx_backend.py,,,,,NO_OR_UNKNOWN,TEST
tests/transcription/test_mlx_backend.py,test_zero_length_model_fragments_are_skipped._Broken.transcribe,method,94,101,staticmethod,dubbing/transcription/faster_whisper.py:model.transcribe;dubbing/transcription/job.py:self.backend.transcribe;dubbing/transcription/mlx_whisper.py:mlx_whisper.transcribe;dubbing/transcription/pipeline.py:self.transcription_backend.transcribe;tests/personal_capture/test_service.py:FakeASR.transcribe;tests/personal_capture/test_service.py:super.transcribe;tests/transcription/test_faster_whisper_backend.py:backend.transcribe;tests/transcription/test_mlx_backend.py:MLXWhisperTranscriptionBackend.transcribe;tests/transcription/test_mlx_backend.py:backend.transcribe,,__future__;dubbing.transcription;pytest;unittest.mock,STATICALLY_REFERENCED,tests/cli/test_gpu_launcher.py;tests/personal_capture/test_full_day_gate.py;tests/personal_capture/test_service.py;tests/transcription/test_diarization_integration.py;tests/transcription/test_faster_whisper_backend.py;tests/transcription/test_mlx_backend.py;tests/transcription/test_resumable.py,,,,,YES,TEST
tests/transcription/test_models.py,_result,function,15,36,,tests/transcription/test_models.py:_result,TranscriptSegment;TranscriptWord;TranscriptionOptions;TranscriptionResult;_result;_result.shifted;_result.to_dict;pytest.raises;transcript_to_srt;transcript_to_text,__future__;dubbing.transcription;pytest,STATICALLY_REFERENCED,tests/core/test_assembler.py;tests/core/test_batch.py;tests/core/test_mutant_killers.py;tests/core/test_parallel_pipeline.py;tests/core/test_pipeline.py;tests/core/test_piper_backend.py;tests/core/test_say_backend.py;tests/support/builders.py;tests/transcription/test_models.py;tests/web/test_result.py,,,,,NO_OR_UNKNOWN,TEST
tests/transcription/test_models.py,test_word_rejects_invalid_timing,function,39,41,,,TranscriptSegment;TranscriptWord;TranscriptionOptions;TranscriptionResult;_result;_result.shifted;_result.to_dict;pytest.raises;transcript_to_srt;transcript_to_text,__future__;dubbing.transcription;pytest,UNRESOLVED_STATICALLY,tests/transcription/test_models.py,,,,,NO_OR_UNKNOWN,TEST
tests/transcription/test_models.py,test_segment_rejects_blank_text,function,44,46,,,TranscriptSegment;TranscriptWord;TranscriptionOptions;TranscriptionResult;_result;_result.shifted;_result.to_dict;pytest.raises;transcript_to_srt;transcript_to_text,__future__;dubbing.transcription;pytest,UNRESOLVED_STATICALLY,tests/transcription/test_models.py,,,,,NO_OR_UNKNOWN,TEST
tests/transcription/test_models.py,test_result_requires_sorted_segments,function,49,63,,,TranscriptSegment;TranscriptWord;TranscriptionOptions;TranscriptionResult;_result;_result.shifted;_result.to_dict;pytest.raises;transcript_to_srt;transcript_to_text,__future__;dubbing.transcription;pytest,UNRESOLVED_STATICALLY,tests/transcription/test_models.py,,,,,NO_OR_UNKNOWN,TEST
tests/transcription/test_models.py,test_options_reject_blank_language_and_prompt,function,66,70,,,TranscriptSegment;TranscriptWord;TranscriptionOptions;TranscriptionResult;_result;_result.shifted;_result.to_dict;pytest.raises;transcript_to_srt;transcript_to_text,__future__;dubbing.transcription;pytest,UNRESOLVED_STATICALLY,tests/transcription/test_models.py,,,,,NO_OR_UNKNOWN,TEST
tests/transcription/test_models.py,test_shift_preserves_text_and_moves_word_timing,function,73,77,,,TranscriptSegment;TranscriptWord;TranscriptionOptions;TranscriptionResult;_result;_result.shifted;_result.to_dict;pytest.raises;transcript_to_srt;transcript_to_text,__future__;dubbing.transcription;pytest,UNRESOLVED_STATICALLY,tests/transcription/test_models.py,,,,,NO_OR_UNKNOWN,TEST
tests/transcription/test_models.py,test_json_contract_is_versioned_and_provenanced,function,80,84,,,TranscriptSegment;TranscriptWord;TranscriptionOptions;TranscriptionResult;_result;_result.shifted;_result.to_dict;pytest.raises;transcript_to_srt;transcript_to_text,__future__;dubbing.transcription;pytest,UNRESOLVED_STATICALLY,tests/transcription/test_models.py,,,,,NO_OR_UNKNOWN,TEST
tests/transcription/test_models.py,test_srt_and_text_render_speaker_without_changing_timing,function,87,93,,,TranscriptSegment;TranscriptWord;TranscriptionOptions;TranscriptionResult;_result;_result.shifted;_result.to_dict;pytest.raises;transcript_to_srt;transcript_to_text,__future__;dubbing.transcription;pytest,UNRESOLVED_STATICALLY,tests/transcription/test_models.py,,,,,NO_OR_UNKNOWN,TEST
tests/transcription/test_resumable.py,_Backend,class,18,37,,tests/diarization/test_resumable.py:_Backend;tests/transcription/test_resumable.py:_Backend,,__future__;dubbing.transcription;json;pathlib;pytest;unittest.mock,STATICALLY_REFERENCED,tests/diarization/test_resumable.py;tests/transcription/test_resumable.py,,,,,NO_OR_UNKNOWN,TEST
tests/transcription/test_resumable.py,_Backend.__init__,method,19,20,,,,__future__;dubbing.transcription;json;pathlib;pytest;unittest.mock,UNRESOLVED_STATICALLY,tests/acceptance/test_acceptance_cli.py;tests/core/test_pipeline.py;tests/diarization/test_pipeline.py;tests/diarization/test_resumable.py;tests/diarization/test_sherpa_backend.py;tests/personal_capture/test_full_day_gate.py;tests/personal_capture/test_service.py;tests/transcription/test_faster_whisper_backend.py;tests/transcription/test_resumable.py;tests/translation/test_resumable.py,,,,,NO_OR_UNKNOWN,TEST
tests/transcription/test_resumable.py,_Backend.identity,method,23,24,property,,,__future__;dubbing.transcription;json;pathlib;pytest;unittest.mock,UNRESOLVED_STATICALLY,tests/core/test_mutant_killers.py;tests/core/test_say_backend.py;tests/diarization/test_resumable.py;tests/personal_capture/test_full_day_gate.py;tests/personal_capture/test_service.py;tests/transcription/test_diarization_integration.py;tests/transcription/test_resumable.py;tests/translation/test_pipeline.py;tests/translation/test_resumable.py,,,,,YES,TEST
tests/transcription/test_resumable.py,_Backend.transcribe,method,26,37,,dubbing/transcription/faster_whisper.py:model.transcribe;dubbing/transcription/job.py:self.backend.transcribe;dubbing/transcription/mlx_whisper.py:mlx_whisper.transcribe;dubbing/transcription/pipeline.py:self.transcription_backend.transcribe;tests/personal_capture/test_service.py:FakeASR.transcribe;tests/personal_capture/test_service.py:super.transcribe;tests/transcription/test_faster_whisper_backend.py:backend.transcribe;tests/transcription/test_mlx_backend.py:MLXWhisperTranscriptionBackend.transcribe;tests/transcription/test_mlx_backend.py:backend.transcribe,,__future__;dubbing.transcription;json;pathlib;pytest;unittest.mock,STATICALLY_REFERENCED,tests/cli/test_gpu_launcher.py;tests/personal_capture/test_full_day_gate.py;tests/personal_capture/test_service.py;tests/transcription/test_diarization_integration.py;tests/transcription/test_faster_whisper_backend.py;tests/transcription/test_mlx_backend.py;tests/transcription/test_resumable.py,,,,,YES,TEST
tests/transcription/test_resumable.py,_fake_extract,function,40,41,,,ResumableTranscriptionJob;TranscriptSegment;TranscriptionResult;_Backend;audio.write_bytes;chunk.write_text;encode;first.to_dict;glob;is_file;job.run;json.dumps;json.loads;len;list;next;output.write_bytes;patch;patch.object;pytest.raises;read_text;second.to_dict;str,__future__;dubbing.transcription;json;pathlib;pytest;unittest.mock,UNRESOLVED_STATICALLY,tests/diarization/test_resumable.py;tests/transcription/test_resumable.py,,,,,NO_OR_UNKNOWN,TEST
tests/transcription/test_resumable.py,test_job_checkpoints_chunks_and_resumes_without_backend_calls,function,44,62,,,ResumableTranscriptionJob;TranscriptSegment;TranscriptionResult;_Backend;audio.write_bytes;chunk.write_text;encode;first.to_dict;glob;is_file;job.run;json.dumps;json.loads;len;list;next;output.write_bytes;patch;patch.object;pytest.raises;read_text;second.to_dict;str,__future__;dubbing.transcription;json;pathlib;pytest;unittest.mock,UNRESOLVED_STATICALLY,tests/transcription/test_resumable.py,,,,,NO_OR_UNKNOWN,TEST
tests/transcription/test_resumable.py,test_checkpoint_rejects_changed_source,function,65,79,,,ResumableTranscriptionJob;TranscriptSegment;TranscriptionResult;_Backend;audio.write_bytes;chunk.write_text;encode;first.to_dict;glob;is_file;job.run;json.dumps;json.loads;len;list;next;output.write_bytes;patch;patch.object;pytest.raises;read_text;second.to_dict;str,__future__;dubbing.transcription;json;pathlib;pytest;unittest.mock,UNRESOLVED_STATICALLY,tests/transcription/test_resumable.py,,,,,NO_OR_UNKNOWN,TEST
tests/transcription/test_resumable.py,test_malformed_chunk_fails_closed,function,82,97,,,ResumableTranscriptionJob;TranscriptSegment;TranscriptionResult;_Backend;audio.write_bytes;chunk.write_text;encode;first.to_dict;glob;is_file;job.run;json.dumps;json.loads;len;list;next;output.write_bytes;patch;patch.object;pytest.raises;read_text;second.to_dict;str,__future__;dubbing.transcription;json;pathlib;pytest;unittest.mock,UNRESOLVED_STATICALLY,tests/transcription/test_resumable.py,,,,,NO_OR_UNKNOWN,TEST
tests/transcription/test_resumable.py,test_manifest_contains_no_absolute_source_path,function,100,114,,,ResumableTranscriptionJob;TranscriptSegment;TranscriptionResult;_Backend;audio.write_bytes;chunk.write_text;encode;first.to_dict;glob;is_file;job.run;json.dumps;json.loads;len;list;next;output.write_bytes;patch;patch.object;pytest.raises;read_text;second.to_dict;str,__future__;dubbing.transcription;json;pathlib;pytest;unittest.mock,UNRESOLVED_STATICALLY,tests/transcription/test_resumable.py,,,,,NO_OR_UNKNOWN,TEST
tests/translation/test_pipeline.py,Detector,class,9,12,,tests/personal_capture/test_service.py:Detector;tests/translation/test_pipeline.py:Detector,,__future__;dubbing.transcription;dubbing.translation.base;dubbing.translation.lingua_detector;dubbing.translation.pipeline,STATICALLY_REFERENCED,tests/personal_capture/test_service.py;tests/translation/test_pipeline.py;tests/translation/test_resumable.py,,,,,NO_OR_UNKNOWN,TEST
tests/translation/test_pipeline.py,Detector.detect,method,10,12,,dubbing/translation/pipeline.py:detector.detect;tests/translation/test_pipeline.py:detector.detect,,__future__;dubbing.transcription;dubbing.translation.base;dubbing.translation.lingua_detector;dubbing.translation.pipeline,STATICALLY_REFERENCED,tests/personal_capture/test_service.py;tests/translation/test_pipeline.py;tests/translation/test_resumable.py,,,,,YES,TEST
tests/translation/test_pipeline.py,Translator,class,15,21,,tests/personal_capture/test_service.py:Translator;tests/translation/test_pipeline.py:Translator,,__future__;dubbing.transcription;dubbing.translation.base;dubbing.translation.lingua_detector;dubbing.translation.pipeline,STATICALLY_REFERENCED,tests/personal_capture/test_service.py;tests/translation/test_pipeline.py;tests/translation/test_resumable.py,,,,,NO_OR_UNKNOWN,TEST
tests/translation/test_pipeline.py,Translator.identity,method,17,18,property,,,__future__;dubbing.transcription;dubbing.translation.base;dubbing.translation.lingua_detector;dubbing.translation.pipeline,UNRESOLVED_STATICALLY,tests/core/test_mutant_killers.py;tests/core/test_say_backend.py;tests/diarization/test_resumable.py;tests/personal_capture/test_full_day_gate.py;tests/personal_capture/test_service.py;tests/transcription/test_diarization_integration.py;tests/transcription/test_resumable.py;tests/translation/test_pipeline.py;tests/translation/test_resumable.py,,,,,YES,TEST
tests/translation/test_pipeline.py,Translator.translate,method,20,21,,dubbing/translation/pipeline.py:backend.translate,,__future__;dubbing.transcription;dubbing.translation.base;dubbing.translation.lingua_detector;dubbing.translation.pipeline,STATICALLY_REFERENCED,tests/personal_capture/test_service.py;tests/translation/test_pipeline.py;tests/translation/test_resumable.py,,,,,YES,TEST
tests/translation/test_pipeline.py,transcript,function,24,37,,tests/translation/test_pipeline.py:transcript,Detector;FakeLingua;Iso;Language;TranscriptSegment;TranscriptionResult;Translator;detector.detect;enumerate;join;languages.get;len;object.__new__;transcript;translate_transcript;tuple,__future__;dubbing.transcription;dubbing.translation.base;dubbing.translation.lingua_detector;dubbing.translation.pipeline,STATICALLY_REFERENCED,tests/acceptance/test_project_structure.py;tests/cli/test_gpu_launcher.py;tests/personal_capture/test_config.py;tests/personal_capture/test_full_day_gate.py;tests/personal_capture/test_operations.py;tests/personal_capture/test_service.py;tests/transcription/test_diarization_integration.py;tests/transcription/test_faster_whisper_backend.py;tests/transcription/test_mlx_backend.py;tests/transcription/test_models.py;tests/transcription/test_resumable.py;tests/translation/test_pipeline.py;tests/translation/test_resumable.py,,,,,YES,TEST
tests/translation/test_pipeline.py,test_translates_each_supported_language_and_preserves_source,function,40,59,,,Detector;FakeLingua;Iso;Language;TranscriptSegment;TranscriptionResult;Translator;detector.detect;enumerate;join;languages.get;len;object.__new__;transcript;translate_transcript;tuple,__future__;dubbing.transcription;dubbing.translation.base;dubbing.translation.lingua_detector;dubbing.translation.pipeline,UNRESOLVED_STATICALLY,tests/translation/test_pipeline.py,,,,,NO_OR_UNKNOWN,TEST
tests/translation/test_pipeline.py,test_uncertain_language_is_not_guessed_or_translated,function,62,69,,,Detector;FakeLingua;Iso;Language;TranscriptSegment;TranscriptionResult;Translator;detector.detect;enumerate;join;languages.get;len;object.__new__;transcript;translate_transcript;tuple,__future__;dubbing.transcription;dubbing.translation.base;dubbing.translation.lingua_detector;dubbing.translation.pipeline,UNRESOLVED_STATICALLY,tests/translation/test_pipeline.py,,,,,NO_OR_UNKNOWN,TEST
tests/translation/test_pipeline.py,test_lingua_adapter_uses_iso_code_instead_of_enum_display_name,function,72,90,,,Detector;FakeLingua;Iso;Language;TranscriptSegment;TranscriptionResult;Translator;detector.detect;enumerate;join;languages.get;len;object.__new__;transcript;translate_transcript;tuple,__future__;dubbing.transcription;dubbing.translation.base;dubbing.translation.lingua_detector;dubbing.translation.pipeline,UNRESOLVED_STATICALLY,tests/translation/test_pipeline.py,,,,,NO_OR_UNKNOWN,TEST
tests/translation/test_pipeline.py,test_lingua_adapter_uses_iso_code_instead_of_enum_display_name.Iso,class,73,74,,tests/translation/test_pipeline.py:Iso,,__future__;dubbing.transcription;dubbing.translation.base;dubbing.translation.lingua_detector;dubbing.translation.pipeline,STATICALLY_REFERENCED,tests/translation/test_pipeline.py,,,,,NO_OR_UNKNOWN,TEST
tests/translation/test_pipeline.py,test_lingua_adapter_uses_iso_code_instead_of_enum_display_name.Language,class,76,77,,tests/translation/test_pipeline.py:Language,,__future__;dubbing.transcription;dubbing.translation.base;dubbing.translation.lingua_detector;dubbing.translation.pipeline,STATICALLY_REFERENCED,tests/core/test_pipeline.py;tests/core/test_piper_backend.py;tests/core/test_say_backend.py;tests/core/test_srt_parser.py;tests/personal_capture/test_service.py;tests/translation/test_pipeline.py;tests/translation/test_resumable.py,,,,,NO_OR_UNKNOWN,TEST
tests/translation/test_pipeline.py,test_lingua_adapter_uses_iso_code_instead_of_enum_display_name.FakeLingua,class,79,84,,tests/translation/test_pipeline.py:FakeLingua,,__future__;dubbing.transcription;dubbing.translation.base;dubbing.translation.lingua_detector;dubbing.translation.pipeline,STATICALLY_REFERENCED,tests/translation/test_pipeline.py,,,,,NO_OR_UNKNOWN,TEST
tests/translation/test_pipeline.py,test_lingua_adapter_uses_iso_code_instead_of_enum_display_name.FakeLingua.detect_language_of,method,80,81,,dubbing/translation/lingua_detector.py:self._detector.detect_language_of,,__future__;dubbing.transcription;dubbing.translation.base;dubbing.translation.lingua_detector;dubbing.translation.pipeline,STATICALLY_REFERENCED,tests/translation/test_pipeline.py,,,,,NO_OR_UNKNOWN,TEST
tests/translation/test_pipeline.py,test_lingua_adapter_uses_iso_code_instead_of_enum_display_name.FakeLingua.compute_language_confidence,method,83,84,,dubbing/translation/lingua_detector.py:self._detector.compute_language_confidence,,__future__;dubbing.transcription;dubbing.translation.base;dubbing.translation.lingua_detector;dubbing.translation.pipeline,STATICALLY_REFERENCED,tests/translation/test_pipeline.py,,,,,NO_OR_UNKNOWN,TEST
tests/translation/test_resumable.py,_Detector,class,13,15,,tests/translation/test_resumable.py:_Detector,,dataclasses;dubbing.transcription;dubbing.translation;pytest,STATICALLY_REFERENCED,tests/translation/test_resumable.py,,,,,NO_OR_UNKNOWN,TEST
tests/translation/test_resumable.py,_Detector.detect,method,14,15,,dubbing/translation/pipeline.py:detector.detect;tests/translation/test_pipeline.py:detector.detect,,dataclasses;dubbing.transcription;dubbing.translation;pytest,STATICALLY_REFERENCED,tests/personal_capture/test_service.py;tests/translation/test_pipeline.py;tests/translation/test_resumable.py,,,,,YES,TEST
tests/translation/test_resumable.py,_Translator,class,18,28,,tests/translation/test_resumable.py:_Translator,,dataclasses;dubbing.transcription;dubbing.translation;pytest,STATICALLY_REFERENCED,tests/translation/test_resumable.py,,,,,NO_OR_UNKNOWN,TEST
tests/translation/test_resumable.py,_Translator.__init__,method,19,20,,,,dataclasses;dubbing.transcription;dubbing.translation;pytest,UNRESOLVED_STATICALLY,tests/acceptance/test_acceptance_cli.py;tests/core/test_pipeline.py;tests/diarization/test_pipeline.py;tests/diarization/test_resumable.py;tests/diarization/test_sherpa_backend.py;tests/personal_capture/test_full_day_gate.py;tests/personal_capture/test_service.py;tests/transcription/test_faster_whisper_backend.py;tests/transcription/test_resumable.py;tests/translation/test_resumable.py,,,,,NO_OR_UNKNOWN,TEST
tests/translation/test_resumable.py,_Translator.identity,method,23,24,property,,,dataclasses;dubbing.transcription;dubbing.translation;pytest,UNRESOLVED_STATICALLY,tests/core/test_mutant_killers.py;tests/core/test_say_backend.py;tests/diarization/test_resumable.py;tests/personal_capture/test_full_day_gate.py;tests/personal_capture/test_service.py;tests/transcription/test_diarization_integration.py;tests/transcription/test_resumable.py;tests/translation/test_pipeline.py;tests/translation/test_resumable.py,,,,,YES,TEST
tests/translation/test_resumable.py,_Translator.translate,method,26,28,,dubbing/translation/pipeline.py:backend.translate,,dataclasses;dubbing.transcription;dubbing.translation;pytest,STATICALLY_REFERENCED,tests/personal_capture/test_service.py;tests/translation/test_pipeline.py;tests/translation/test_resumable.py,,,,,YES,TEST
tests/translation/test_resumable.py,_transcript,function,31,45,,tests/transcription/test_diarization_integration.py:_transcript;tests/translation/test_resumable.py:_transcript,ResumableTranslationJob;TranscriptSegment;TranscriptionResult;_Detector;_Translator;_transcript;first.to_dict;is_file;job.run;pytest.raises;replace;second.to_dict,dataclasses;dubbing.transcription;dubbing.translation;pytest,STATICALLY_REFERENCED,tests/personal_capture/test_operations.py;tests/transcription/test_diarization_integration.py;tests/translation/test_pipeline.py;tests/translation/test_resumable.py,,,,,NO_OR_UNKNOWN,TEST
tests/translation/test_resumable.py,test_translation_resumes_without_repeating_completed_segments,function,48,61,,,ResumableTranslationJob;TranscriptSegment;TranscriptionResult;_Detector;_Translator;_transcript;first.to_dict;is_file;job.run;pytest.raises;replace;second.to_dict,dataclasses;dubbing.transcription;dubbing.translation;pytest,UNRESOLVED_STATICALLY,tests/translation/test_resumable.py,,,,,NO_OR_UNKNOWN,TEST
tests/translation/test_resumable.py,test_translation_checkpoint_rejects_changed_transcript,function,64,81,,,ResumableTranslationJob;TranscriptSegment;TranscriptionResult;_Detector;_Translator;_transcript;first.to_dict;is_file;job.run;pytest.raises;replace;second.to_dict,dataclasses;dubbing.transcription;dubbing.translation;pytest,UNRESOLVED_STATICALLY,tests/translation/test_resumable.py,,,,,NO_OR_UNKNOWN,TEST
tests/web/test_app.py,_minimal_wav,function,30,38,,tests/core/test_parallel_pipeline.py:_minimal_wav;tests/web/test_app.py:_minimal_wav;tests/web/test_result.py:_minimal_wav;tests/web/test_stream.py:_minimal_wav;tests/web/test_upload_limit.py:_minimal_wav,RuntimeError;TTSResult;_FailingBackend;_RecordingBackend;_SRT_SINGLE.encode;_is_valid_wav;_jobs.clear;_minimal_wav;_parse_job_id;_store_job;all;app.test_client;buf.getvalue;client.get;client.get.data.decode;client.get.data.decode.lower;client.post;dl_resp.content_type.startswith;download_m.group;io.BytesIO;isinstance;json.loads;len;m.group;monkeypatch.setattr;pytest.fixture;pytest.importorskip;range;re.search;resp.content_type.startswith;resp.data.decode;seen.extend;self._oversized_payload;self._post;self._post.data.decode;self._post_huge_non_srt_field;srt.encode;stream_m.group;super;super.synthesize;uuid.uuid4;wave.open;wf.getframerate;wf.getnchannels;wf.getnframes;wf.setframerate;wf.setnchannels;wf.setsampwidth;wf.writeframes,__future__;dubbing.apps.dubbing_web;dubbing.backends.base;dubbing.models;io;json;pytest;re;uuid;wave,STATICALLY_REFERENCED,tests/core/test_parallel_pipeline.py;tests/web/test_app.py;tests/web/test_result.py;tests/web/test_stream.py;tests/web/test_upload_limit.py,,,,,NO_OR_UNKNOWN,TEST
tests/web/test_app.py,_parse_job_id,function,41,46,,tests/web/test_app.py:_parse_job_id,RuntimeError;TTSResult;_FailingBackend;_RecordingBackend;_SRT_SINGLE.encode;_is_valid_wav;_jobs.clear;_minimal_wav;_parse_job_id;_store_job;all;app.test_client;buf.getvalue;client.get;client.get.data.decode;client.get.data.decode.lower;client.post;dl_resp.content_type.startswith;download_m.group;io.BytesIO;isinstance;json.loads;len;m.group;monkeypatch.setattr;pytest.fixture;pytest.importorskip;range;re.search;resp.content_type.startswith;resp.data.decode;seen.extend;self._oversized_payload;self._post;self._post.data.decode;self._post_huge_non_srt_field;srt.encode;stream_m.group;super;super.synthesize;uuid.uuid4;wave.open;wf.getframerate;wf.getnchannels;wf.getnframes;wf.setframerate;wf.setnchannels;wf.setsampwidth;wf.writeframes,__future__;dubbing.apps.dubbing_web;dubbing.backends.base;dubbing.models;io;json;pytest;re;uuid;wave,STATICALLY_REFERENCED,tests/web/test_app.py,,,,,NO_OR_UNKNOWN,TEST
tests/web/test_app.py,_is_valid_wav,function,49,54,,tests/web/test_app.py:_is_valid_wav,RuntimeError;TTSResult;_FailingBackend;_RecordingBackend;_SRT_SINGLE.encode;_is_valid_wav;_jobs.clear;_minimal_wav;_parse_job_id;_store_job;all;app.test_client;buf.getvalue;client.get;client.get.data.decode;client.get.data.decode.lower;client.post;dl_resp.content_type.startswith;download_m.group;io.BytesIO;isinstance;json.loads;len;m.group;monkeypatch.setattr;pytest.fixture;pytest.importorskip;range;re.search;resp.content_type.startswith;resp.data.decode;seen.extend;self._oversized_payload;self._post;self._post.data.decode;self._post_huge_non_srt_field;srt.encode;stream_m.group;super;super.synthesize;uuid.uuid4;wave.open;wf.getframerate;wf.getnchannels;wf.getnframes;wf.setframerate;wf.setnchannels;wf.setsampwidth;wf.writeframes,__future__;dubbing.apps.dubbing_web;dubbing.backends.base;dubbing.models;io;json;pytest;re;uuid;wave,STATICALLY_REFERENCED,tests/core/test_piper_backend.py;tests/core/test_say_backend.py;tests/web/test_app.py;tests/web/test_stream.py,,,,,NO_OR_UNKNOWN,TEST
tests/web/test_app.py,_FixedBackend,class,61,69,,,,__future__;dubbing.apps.dubbing_web;dubbing.backends.base;dubbing.models;io;json;pytest;re;uuid;wave,UNRESOLVED_STATICALLY,tests/web/test_app.py;tests/web/test_result.py;tests/web/test_stream.py;tests/web/test_upload_limit.py,,,,,NO_OR_UNKNOWN,TEST
tests/web/test_app.py,_FixedBackend.synthesize,method,64,69,,tests/core/test_espeak_backend.py:backend.synthesize;tests/core/test_piper_backend.py:PiperTTSBackend.synthesize;tests/core/test_say_backend.py:SayTTSBackend.synthesize;tests/core/test_say_backend.py:backend.synthesize;tests/web/test_app.py:super.synthesize;tests/web/test_upload_limit.py:super.synthesize,,__future__;dubbing.apps.dubbing_web;dubbing.backends.base;dubbing.models;io;json;pytest;re;uuid;wave,STATICALLY_REFERENCED,tests/core/test_adversarial_hardening.py;tests/core/test_batch.py;tests/core/test_espeak_backend.py;tests/core/test_parallel_pipeline.py;tests/core/test_pipeline.py;tests/core/test_piper_backend.py;tests/core/test_prosody_bounds.py;tests/core/test_say_backend.py;tests/diarization/test_pipeline.py;tests/web/test_app.py;tests/web/test_result.py;tests/web/test_stream.py;tests/web/test_upload_limit.py,,,,,YES,TEST
tests/web/test_app.py,client,function,100,108,pytest.fixture,,RuntimeError;TTSResult;_FailingBackend;_RecordingBackend;_SRT_SINGLE.encode;_is_valid_wav;_jobs.clear;_minimal_wav;_parse_job_id;_store_job;all;app.test_client;buf.getvalue;client.get;client.get.data.decode;client.get.data.decode.lower;client.post;dl_resp.content_type.startswith;download_m.group;io.BytesIO;isinstance;json.loads;len;m.group;monkeypatch.setattr;pytest.fixture;pytest.importorskip;range;re.search;resp.content_type.startswith;resp.data.decode;seen.extend;self._oversized_payload;self._post;self._post.data.decode;self._post_huge_non_srt_field;srt.encode;stream_m.group;super;super.synthesize;uuid.uuid4;wave.open;wf.getframerate;wf.getnchannels;wf.getnframes;wf.setframerate;wf.setnchannels;wf.setsampwidth;wf.writeframes,__future__;dubbing.apps.dubbing_web;dubbing.backends.base;dubbing.models;io;json;pytest;re;uuid;wave,UNRESOLVED_STATICALLY,tests/core/test_adversarial_hardening.py;tests/personal_capture/test_review_app.py;tests/web/test_app.py;tests/web/test_result.py;tests/web/test_stream.py;tests/web/test_upload_limit.py,,,,,NO_OR_UNKNOWN,TEST
tests/web/test_app.py,job_id,function,112,120,pytest.fixture,,RuntimeError;TTSResult;_FailingBackend;_RecordingBackend;_SRT_SINGLE.encode;_is_valid_wav;_jobs.clear;_minimal_wav;_parse_job_id;_store_job;all;app.test_client;buf.getvalue;client.get;client.get.data.decode;client.get.data.decode.lower;client.post;dl_resp.content_type.startswith;download_m.group;io.BytesIO;isinstance;json.loads;len;m.group;monkeypatch.setattr;pytest.fixture;pytest.importorskip;range;re.search;resp.content_type.startswith;resp.data.decode;seen.extend;self._oversized_payload;self._post;self._post.data.decode;self._post_huge_non_srt_field;srt.encode;stream_m.group;super;super.synthesize;uuid.uuid4;wave.open;wf.getframerate;wf.getnchannels;wf.getnframes;wf.setframerate;wf.setnchannels;wf.setsampwidth;wf.writeframes,__future__;dubbing.apps.dubbing_web;dubbing.backends.base;dubbing.models;io;json;pytest;re;uuid;wave,UNRESOLVED_STATICALLY,tests/web/test_app.py;tests/web/test_result.py;tests/web/test_stream.py,,,,,NO_OR_UNKNOWN,TEST
tests/web/test_app.py,TestIndexRoute,class,127,155,,,,__future__;dubbing.apps.dubbing_web;dubbing.backends.base;dubbing.models;io;json;pytest;re;uuid;wave,UNRESOLVED_STATICALLY,tests/web/test_app.py,,,,,NO_OR_UNKNOWN,TEST
tests/web/test_app.py,TestIndexRoute.test_returns_200,method,128,129,,,,__future__;dubbing.apps.dubbing_web;dubbing.backends.base;dubbing.models;io;json;pytest;re;uuid;wave,UNRESOLVED_STATICALLY,tests/web/test_app.py;tests/web/test_stream.py,,,,,NO_OR_UNKNOWN,TEST
tests/web/test_app.py,TestIndexRoute.test_body_contains_form_tag,method,131,132,,,,__future__;dubbing.apps.dubbing_web;dubbing.backends.base;dubbing.models;io;json;pytest;re;uuid;wave,UNRESOLVED_STATICALLY,tests/web/test_app.py,,,,,NO_OR_UNKNOWN,TEST
tests/web/test_app.py,TestIndexRoute.test_form_posts_to_dub_endpoint,method,134,135,,,,__future__;dubbing.apps.dubbing_web;dubbing.backends.base;dubbing.models;io;json;pytest;re;uuid;wave,UNRESOLVED_STATICALLY,tests/web/test_app.py,,,,,NO_OR_UNKNOWN,TEST
tests/web/test_app.py,TestIndexRoute.test_form_method_is_post,method,137,139,,,,__future__;dubbing.apps.dubbing_web;dubbing.backends.base;dubbing.models;io;json;pytest;re;uuid;wave,UNRESOLVED_STATICALLY,tests/web/test_app.py,,,,,NO_OR_UNKNOWN,TEST
tests/web/test_app.py,TestIndexRoute.test_body_contains_file_input,method,141,142,,,,__future__;dubbing.apps.dubbing_web;dubbing.backends.base;dubbing.models;io;json;pytest;re;uuid;wave,UNRESOLVED_STATICALLY,tests/web/test_app.py,,,,,NO_OR_UNKNOWN,TEST
tests/web/test_app.py,TestIndexRoute.test_file_input_accepts_srt,method,144,145,,,,__future__;dubbing.apps.dubbing_web;dubbing.backends.base;dubbing.models;io;json;pytest;re;uuid;wave,UNRESOLVED_STATICALLY,tests/web/test_app.py,,,,,NO_OR_UNKNOWN,TEST
tests/web/test_app.py,TestIndexRoute.test_body_has_html_doctype,method,147,148,,,,__future__;dubbing.apps.dubbing_web;dubbing.backends.base;dubbing.models;io;json;pytest;re;uuid;wave,UNRESOLVED_STATICALLY,tests/web/test_app.py,,,,,NO_OR_UNKNOWN,TEST
tests/web/test_app.py,TestIndexRoute.test_body_has_submit_button,method,150,152,,,,__future__;dubbing.apps.dubbing_web;dubbing.backends.base;dubbing.models;io;json;pytest;re;uuid;wave,UNRESOLVED_STATICALLY,tests/web/test_app.py,,,,,NO_OR_UNKNOWN,TEST
tests/web/test_app.py,TestIndexRoute.test_form_has_language_input,method,154,155,,,,__future__;dubbing.apps.dubbing_web;dubbing.backends.base;dubbing.models;io;json;pytest;re;uuid;wave,UNRESOLVED_STATICALLY,tests/web/test_app.py,,,,,NO_OR_UNKNOWN,TEST
tests/web/test_app.py,TestDubRouteSuccess,class,162,218,,,,__future__;dubbing.apps.dubbing_web;dubbing.backends.base;dubbing.models;io;json;pytest;re;uuid;wave,UNRESOLVED_STATICALLY,tests/web/test_app.py,,,,,NO_OR_UNKNOWN,TEST
tests/web/test_app.py,TestDubRouteSuccess._post,method,163,168,,tests/web/test_app.py:self._post;tests/web/test_upload_limit.py:_post,,__future__;dubbing.apps.dubbing_web;dubbing.backends.base;dubbing.models;io;json;pytest;re;uuid;wave,STATICALLY_REFERENCED,tests/core/test_adversarial_hardening.py;tests/web/test_app.py;tests/web/test_result.py;tests/web/test_upload_limit.py,,,,,NO_OR_UNKNOWN,TEST
tests/web/test_app.py,TestDubRouteSuccess.test_returns_200,method,170,171,,,,__future__;dubbing.apps.dubbing_web;dubbing.backends.base;dubbing.models;io;json;pytest;re;uuid;wave,UNRESOLVED_STATICALLY,tests/web/test_app.py;tests/web/test_stream.py,,,,,NO_OR_UNKNOWN,TEST
tests/web/test_app.py,TestDubRouteSuccess.test_response_is_html,method,173,175,,,,__future__;dubbing.apps.dubbing_web;dubbing.backends.base;dubbing.models;io;json;pytest;re;uuid;wave,UNRESOLVED_STATICALLY,tests/web/test_app.py,,,,,NO_OR_UNKNOWN,TEST
tests/web/test_app.py,TestDubRouteSuccess.test_html_has_audio_element,method,177,179,,,,__future__;dubbing.apps.dubbing_web;dubbing.backends.base;dubbing.models;io;json;pytest;re;uuid;wave,UNRESOLVED_STATICALLY,tests/web/test_app.py,,,,,NO_OR_UNKNOWN,TEST
tests/web/test_app.py,TestDubRouteSuccess.test_html_has_download_link,method,181,183,,,,__future__;dubbing.apps.dubbing_web;dubbing.backends.base;dubbing.models;io;json;pytest;re;uuid;wave,UNRESOLVED_STATICALLY,tests/web/test_app.py,,,,,NO_OR_UNKNOWN,TEST
tests/web/test_app.py,TestDubRouteSuccess.test_job_id_is_nonempty_string,method,185,187,,,,__future__;dubbing.apps.dubbing_web;dubbing.backends.base;dubbing.models;io;json;pytest;re;uuid;wave,UNRESOLVED_STATICALLY,tests/web/test_app.py,,,,,NO_OR_UNKNOWN,TEST
tests/web/test_app.py,TestDubRouteSuccess.test_stream_and_download_share_job_id,method,189,194,,,,__future__;dubbing.apps.dubbing_web;dubbing.backends.base;dubbing.models;io;json;pytest;re;uuid;wave,UNRESOLVED_STATICALLY,tests/web/test_app.py,,,,,NO_OR_UNKNOWN,TEST
tests/web/test_app.py,TestDubRouteSuccess.test_download_link_uses_download_path,method,196,198,,,,__future__;dubbing.apps.dubbing_web;dubbing.backends.base;dubbing.models;io;json;pytest;re;uuid;wave,UNRESOLVED_STATICALLY,tests/web/test_app.py,,,,,NO_OR_UNKNOWN,TEST
tests/web/test_app.py,TestDubRouteSuccess.test_sequential_requests_produce_distinct_ids,method,200,203,,,,__future__;dubbing.apps.dubbing_web;dubbing.backends.base;dubbing.models;io;json;pytest;re;uuid;wave,UNRESOLVED_STATICALLY,tests/web/test_app.py,,,,,NO_OR_UNKNOWN,TEST
tests/web/test_app.py,TestDubRouteSuccess.test_job_stored_in_jobs_registry,method,205,207,,,,__future__;dubbing.apps.dubbing_web;dubbing.backends.base;dubbing.models;io;json;pytest;re;uuid;wave,UNRESOLVED_STATICALLY,tests/web/test_app.py,,,,,NO_OR_UNKNOWN,TEST
tests/web/test_app.py,TestDubRouteSuccess.test_job_audio_is_valid_wav,method,209,211,,,,__future__;dubbing.apps.dubbing_web;dubbing.backends.base;dubbing.models;io;json;pytest;re;uuid;wave,UNRESOLVED_STATICALLY,tests/web/test_app.py,,,,,NO_OR_UNKNOWN,TEST
tests/web/test_app.py,TestDubRouteSuccess.test_multi_entry_srt_returns_200,method,213,214,,,,__future__;dubbing.apps.dubbing_web;dubbing.backends.base;dubbing.models;io;json;pytest;re;uuid;wave,UNRESOLVED_STATICALLY,tests/web/test_app.py,,,,,NO_OR_UNKNOWN,TEST
tests/web/test_app.py,TestDubRouteSuccess.test_multi_entry_srt_has_download_link,method,216,218,,,,__future__;dubbing.apps.dubbing_web;dubbing.backends.base;dubbing.models;io;json;pytest;re;uuid;wave,UNRESOLVED_STATICALLY,tests/web/test_app.py,,,,,NO_OR_UNKNOWN,TEST
tests/web/test_app.py,TestDubRouteErrors,class,225,292,,,,__future__;dubbing.apps.dubbing_web;dubbing.backends.base;dubbing.models;io;json;pytest;re;uuid;wave,UNRESOLVED_STATICALLY,tests/web/test_app.py,,,,,NO_OR_UNKNOWN,TEST
tests/web/test_app.py,TestDubRouteErrors.test_missing_srt_field_returns_400,method,226,228,,,,__future__;dubbing.apps.dubbing_web;dubbing.backends.base;dubbing.models;io;json;pytest;re;uuid;wave,UNRESOLVED_STATICALLY,tests/web/test_app.py,,,,,NO_OR_UNKNOWN,TEST
tests/web/test_app.py,TestDubRouteErrors.test_missing_srt_field_returns_json_error,method,230,233,,,,__future__;dubbing.apps.dubbing_web;dubbing.backends.base;dubbing.models;io;json;pytest;re;uuid;wave,UNRESOLVED_STATICALLY,tests/web/test_app.py,,,,,NO_OR_UNKNOWN,TEST
tests/web/test_app.py,TestDubRouteErrors.test_get_on_dub_returns_405,method,235,236,,,,__future__;dubbing.apps.dubbing_web;dubbing.backends.base;dubbing.models;io;json;pytest;re;uuid;wave,UNRESOLVED_STATICALLY,tests/web/test_app.py,,,,,NO_OR_UNKNOWN,TEST
tests/web/test_app.py,TestDubRouteErrors.test_non_utf8_upload_returns_400_not_500,method,238,248,,,,__future__;dubbing.apps.dubbing_web;dubbing.backends.base;dubbing.models;io;json;pytest;re;uuid;wave,UNRESOLVED_STATICALLY,tests/web/test_app.py,,,,,NO_OR_UNKNOWN,TEST
tests/web/test_app.py,TestDubRouteErrors.test_backend_failure_returns_502_json_error_not_silence,method,250,269,,,,__future__;dubbing.apps.dubbing_web;dubbing.backends.base;dubbing.models;io;json;pytest;re;uuid;wave,UNRESOLVED_STATICALLY,tests/web/test_app.py,,,,,NO_OR_UNKNOWN,TEST
tests/web/test_app.py,TestDubRouteErrors.test_backend_failure_returns_502_json_error_not_silence._FailingBackend,class,253,255,,tests/core/test_parallel_pipeline.py:_FailingBackend;tests/web/test_app.py:_FailingBackend,,__future__;dubbing.apps.dubbing_web;dubbing.backends.base;dubbing.models;io;json;pytest;re;uuid;wave,STATICALLY_REFERENCED,tests/core/test_parallel_pipeline.py;tests/web/test_app.py,,,,,NO_OR_UNKNOWN,TEST
tests/web/test_app.py,TestDubRouteErrors.test_backend_failure_returns_502_json_error_not_silence._FailingBackend.synthesize,method,254,255,,tests/core/test_espeak_backend.py:backend.synthesize;tests/core/test_piper_backend.py:PiperTTSBackend.synthesize;tests/core/test_say_backend.py:SayTTSBackend.synthesize;tests/core/test_say_backend.py:backend.synthesize;tests/web/test_app.py:super.synthesize;tests/web/test_upload_limit.py:super.synthesize,,__future__;dubbing.apps.dubbing_web;dubbing.backends.base;dubbing.models;io;json;pytest;re;uuid;wave,STATICALLY_REFERENCED,tests/core/test_adversarial_hardening.py;tests/core/test_batch.py;tests/core/test_espeak_backend.py;tests/core/test_parallel_pipeline.py;tests/core/test_pipeline.py;tests/core/test_piper_backend.py;tests/core/test_prosody_bounds.py;tests/core/test_say_backend.py;tests/diarization/test_pipeline.py;tests/web/test_app.py;tests/web/test_result.py;tests/web/test_stream.py;tests/web/test_upload_limit.py,,,,,YES,TEST
tests/web/test_app.py,TestDubRouteErrors.test_lang_field_forwarded_to_segments,method,271,292,,,,__future__;dubbing.apps.dubbing_web;dubbing.backends.base;dubbing.models;io;json;pytest;re;uuid;wave,UNRESOLVED_STATICALLY,tests/web/test_app.py,,,,,NO_OR_UNKNOWN,TEST
tests/web/test_app.py,TestDubRouteErrors.test_lang_field_forwarded_to_segments._RecordingBackend,class,274,277,,tests/web/test_app.py:_RecordingBackend,,__future__;dubbing.apps.dubbing_web;dubbing.backends.base;dubbing.models;io;json;pytest;re;uuid;wave,STATICALLY_REFERENCED,tests/web/test_app.py,,,,,NO_OR_UNKNOWN,TEST
tests/web/test_app.py,TestDubRouteErrors.test_lang_field_forwarded_to_segments._RecordingBackend.synthesize,method,275,277,,tests/core/test_espeak_backend.py:backend.synthesize;tests/core/test_piper_backend.py:PiperTTSBackend.synthesize;tests/core/test_say_backend.py:SayTTSBackend.synthesize;tests/core/test_say_backend.py:backend.synthesize;tests/web/test_app.py:super.synthesize;tests/web/test_upload_limit.py:super.synthesize,,__future__;dubbing.apps.dubbing_web;dubbing.backends.base;dubbing.models;io;json;pytest;re;uuid;wave,STATICALLY_REFERENCED,tests/core/test_adversarial_hardening.py;tests/core/test_batch.py;tests/core/test_espeak_backend.py;tests/core/test_parallel_pipeline.py;tests/core/test_pipeline.py;tests/core/test_piper_backend.py;tests/core/test_prosody_bounds.py;tests/core/test_say_backend.py;tests/diarization/test_pipeline.py;tests/web/test_app.py;tests/web/test_result.py;tests/web/test_stream.py;tests/web/test_upload_limit.py,,,,,YES,TEST
tests/web/test_app.py,TestDownloadRouteSuccess,class,299,338,,,,__future__;dubbing.apps.dubbing_web;dubbing.backends.base;dubbing.models;io;json;pytest;re;uuid;wave,UNRESOLVED_STATICALLY,tests/web/test_app.py,,,,,NO_OR_UNKNOWN,TEST
tests/web/test_app.py,TestDownloadRouteSuccess.test_valid_id_returns_200,method,300,301,,,,__future__;dubbing.apps.dubbing_web;dubbing.backends.base;dubbing.models;io;json;pytest;re;uuid;wave,UNRESOLVED_STATICALLY,tests/web/test_app.py,,,,,NO_OR_UNKNOWN,TEST
tests/web/test_app.py,TestDownloadRouteSuccess.test_content_type_is_audio_wav,method,303,305,,,,__future__;dubbing.apps.dubbing_web;dubbing.backends.base;dubbing.models;io;json;pytest;re;uuid;wave,UNRESOLVED_STATICALLY,tests/web/test_app.py;tests/web/test_stream.py,,,,,NO_OR_UNKNOWN,TEST
tests/web/test_app.py,TestDownloadRouteSuccess.test_response_body_is_valid_wav,method,307,309,,,,__future__;dubbing.apps.dubbing_web;dubbing.backends.base;dubbing.models;io;json;pytest;re;uuid;wave,UNRESOLVED_STATICALLY,tests/web/test_app.py,,,,,NO_OR_UNKNOWN,TEST
tests/web/test_app.py,TestDownloadRouteSuccess.test_wav_has_mono_channel,method,311,314,,,,__future__;dubbing.apps.dubbing_web;dubbing.backends.base;dubbing.models;io;json;pytest;re;uuid;wave,UNRESOLVED_STATICALLY,tests/web/test_app.py,,,,,NO_OR_UNKNOWN,TEST
tests/web/test_app.py,TestDownloadRouteSuccess.test_wav_has_22050_sample_rate,method,316,319,,,,__future__;dubbing.apps.dubbing_web;dubbing.backends.base;dubbing.models;io;json;pytest;re;uuid;wave,UNRESOLVED_STATICALLY,tests/web/test_app.py,,,,,NO_OR_UNKNOWN,TEST
tests/web/test_app.py,TestDownloadRouteSuccess.test_download_url_from_dub_is_reachable,method,321,328,,,,__future__;dubbing.apps.dubbing_web;dubbing.backends.base;dubbing.models;io;json;pytest;re;uuid;wave,UNRESOLVED_STATICALLY,tests/web/test_app.py,,,,,NO_OR_UNKNOWN,TEST
tests/web/test_app.py,TestDownloadRouteSuccess.test_download_url_content_type_is_audio_wav,method,330,338,,,,__future__;dubbing.apps.dubbing_web;dubbing.backends.base;dubbing.models;io;json;pytest;re;uuid;wave,UNRESOLVED_STATICALLY,tests/web/test_app.py,,,,,NO_OR_UNKNOWN,TEST
tests/web/test_app.py,TestDownloadRouteErrors,class,345,359,,,,__future__;dubbing.apps.dubbing_web;dubbing.backends.base;dubbing.models;io;json;pytest;re;uuid;wave,UNRESOLVED_STATICALLY,tests/web/test_app.py,,,,,NO_OR_UNKNOWN,TEST
tests/web/test_app.py,TestDownloadRouteErrors.test_unknown_uuid_returns_404,method,346,347,,,,__future__;dubbing.apps.dubbing_web;dubbing.backends.base;dubbing.models;io;json;pytest;re;uuid;wave,UNRESOLVED_STATICALLY,tests/web/test_app.py,,,,,NO_OR_UNKNOWN,TEST
tests/web/test_app.py,TestDownloadRouteErrors.test_arbitrary_string_id_returns_404,method,349,350,,,,__future__;dubbing.apps.dubbing_web;dubbing.backends.base;dubbing.models;io;json;pytest;re;uuid;wave,UNRESOLVED_STATICALLY,tests/web/test_app.py,,,,,NO_OR_UNKNOWN,TEST
tests/web/test_app.py,TestDownloadRouteErrors.test_empty_id_segment_returns_404,method,352,355,,,,__future__;dubbing.apps.dubbing_web;dubbing.backends.base;dubbing.models;io;json;pytest;re;uuid;wave,UNRESOLVED_STATICALLY,tests/web/test_app.py,,,,,NO_OR_UNKNOWN,TEST
tests/web/test_app.py,TestDownloadRouteErrors.test_previously_cleared_job_returns_404,method,357,359,,,,__future__;dubbing.apps.dubbing_web;dubbing.backends.base;dubbing.models;io;json;pytest;re;uuid;wave,UNRESOLVED_STATICALLY,tests/web/test_app.py,,,,,NO_OR_UNKNOWN,TEST
tests/web/test_app.py,TestDubUploadSizeLimit,class,366,413,,,,__future__;dubbing.apps.dubbing_web;dubbing.backends.base;dubbing.models;io;json;pytest;re;uuid;wave,UNRESOLVED_STATICALLY,tests/web/test_app.py,,,,,NO_OR_UNKNOWN,TEST
tests/web/test_app.py,TestDubUploadSizeLimit._oversized_payload,method,367,369,,tests/web/test_app.py:self._oversized_payload,,__future__;dubbing.apps.dubbing_web;dubbing.backends.base;dubbing.models;io;json;pytest;re;uuid;wave,STATICALLY_REFERENCED,tests/web/test_app.py;tests/web/test_upload_limit.py,,,,,NO_OR_UNKNOWN,TEST
tests/web/test_app.py,TestDubUploadSizeLimit.test_oversized_upload_returns_413,method,371,377,,,,__future__;dubbing.apps.dubbing_web;dubbing.backends.base;dubbing.models;io;json;pytest;re;uuid;wave,UNRESOLVED_STATICALLY,tests/web/test_app.py,,,,,NO_OR_UNKNOWN,TEST
tests/web/test_app.py,TestDubUploadSizeLimit.test_oversized_upload_returns_json_error,method,379,386,,,,__future__;dubbing.apps.dubbing_web;dubbing.backends.base;dubbing.models;io;json;pytest;re;uuid;wave,UNRESOLVED_STATICALLY,tests/web/test_app.py,,,,,NO_OR_UNKNOWN,TEST
tests/web/test_app.py,TestDubUploadSizeLimit.test_oversized_upload_no_job_stored,method,388,394,,,,__future__;dubbing.apps.dubbing_web;dubbing.backends.base;dubbing.models;io;json;pytest;re;uuid;wave,UNRESOLVED_STATICALLY,tests/web/test_app.py,,,,,NO_OR_UNKNOWN,TEST
tests/web/test_app.py,TestDubUploadSizeLimit.test_exactly_max_bytes_is_accepted,method,396,405,,,,__future__;dubbing.apps.dubbing_web;dubbing.backends.base;dubbing.models;io;json;pytest;re;uuid;wave,UNRESOLVED_STATICALLY,tests/web/test_app.py,,,,,NO_OR_UNKNOWN,TEST
tests/web/test_app.py,TestDubUploadSizeLimit.test_valid_srt_within_limit_returns_200,method,407,413,,,,__future__;dubbing.apps.dubbing_web;dubbing.backends.base;dubbing.models;io;json;pytest;re;uuid;wave,UNRESOLVED_STATICALLY,tests/web/test_app.py,,,,,NO_OR_UNKNOWN,TEST
tests/web/test_app.py,TestRequestBodyCap,class,420,449,,,,__future__;dubbing.apps.dubbing_web;dubbing.backends.base;dubbing.models;io;json;pytest;re;uuid;wave,UNRESOLVED_STATICALLY,tests/web/test_app.py,,,,,NO_OR_UNKNOWN,TEST
tests/web/test_app.py,TestRequestBodyCap._post_huge_non_srt_field,method,425,433,,tests/web/test_app.py:self._post_huge_non_srt_field,,__future__;dubbing.apps.dubbing_web;dubbing.backends.base;dubbing.models;io;json;pytest;re;uuid;wave,STATICALLY_REFERENCED,tests/web/test_app.py,,,,,NO_OR_UNKNOWN,TEST
tests/web/test_app.py,TestRequestBodyCap.test_max_content_length_is_configured,method,435,437,,,,__future__;dubbing.apps.dubbing_web;dubbing.backends.base;dubbing.models;io;json;pytest;re;uuid;wave,UNRESOLVED_STATICALLY,tests/web/test_app.py,,,,,NO_OR_UNKNOWN,TEST
tests/web/test_app.py,TestRequestBodyCap.test_huge_payload_in_non_srt_field_returns_413,method,439,440,,,,__future__;dubbing.apps.dubbing_web;dubbing.backends.base;dubbing.models;io;json;pytest;re;uuid;wave,UNRESOLVED_STATICALLY,tests/web/test_app.py,,,,,NO_OR_UNKNOWN,TEST
tests/web/test_app.py,TestRequestBodyCap.test_huge_payload_in_non_srt_field_returns_json_error,method,442,445,,,,__future__;dubbing.apps.dubbing_web;dubbing.backends.base;dubbing.models;io;json;pytest;re;uuid;wave,UNRESOLVED_STATICALLY,tests/web/test_app.py,,,,,NO_OR_UNKNOWN,TEST
tests/web/test_app.py,TestRequestBodyCap.test_huge_payload_in_non_srt_field_stores_no_job,method,447,449,,,,__future__;dubbing.apps.dubbing_web;dubbing.backends.base;dubbing.models;io;json;pytest;re;uuid;wave,UNRESOLVED_STATICALLY,tests/web/test_app.py,,,,,NO_OR_UNKNOWN,TEST
tests/web/test_app.py,TestJobRegistryBounds,class,456,525,,,,__future__;dubbing.apps.dubbing_web;dubbing.backends.base;dubbing.models;io;json;pytest;re;uuid;wave,UNRESOLVED_STATICALLY,tests/web/test_app.py,,,,,NO_OR_UNKNOWN,TEST
tests/web/test_app.py,TestJobRegistryBounds._post,method,461,466,,tests/web/test_app.py:self._post;tests/web/test_upload_limit.py:_post,,__future__;dubbing.apps.dubbing_web;dubbing.backends.base;dubbing.models;io;json;pytest;re;uuid;wave,STATICALLY_REFERENCED,tests/core/test_adversarial_hardening.py;tests/web/test_app.py;tests/web/test_result.py;tests/web/test_upload_limit.py,,,,,NO_OR_UNKNOWN,TEST
tests/web/test_app.py,TestJobRegistryBounds.test_job_count_never_exceeds_max_jobs,method,468,471,,,,__future__;dubbing.apps.dubbing_web;dubbing.backends.base;dubbing.models;io;json;pytest;re;uuid;wave,UNRESOLVED_STATICALLY,tests/web/test_app.py,,,,,NO_OR_UNKNOWN,TEST
tests/web/test_app.py,TestJobRegistryBounds.test_oldest_job_evicted_first,method,473,477,,,,__future__;dubbing.apps.dubbing_web;dubbing.backends.base;dubbing.models;io;json;pytest;re;uuid;wave,UNRESOLVED_STATICALLY,tests/web/test_app.py,,,,,NO_OR_UNKNOWN,TEST
tests/web/test_app.py,TestJobRegistryBounds.test_newest_job_survives_eviction,method,479,483,,,,__future__;dubbing.apps.dubbing_web;dubbing.backends.base;dubbing.models;io;json;pytest;re;uuid;wave,UNRESOLVED_STATICALLY,tests/web/test_app.py,,,,,NO_OR_UNKNOWN,TEST
tests/web/test_app.py,TestJobRegistryBounds.test_evicted_job_download_returns_404,method,485,489,,,,__future__;dubbing.apps.dubbing_web;dubbing.backends.base;dubbing.models;io;json;pytest;re;uuid;wave,UNRESOLVED_STATICALLY,tests/web/test_app.py,,,,,NO_OR_UNKNOWN,TEST
tests/web/test_app.py,TestJobRegistryBounds.test_newest_job_still_downloadable_after_eviction,method,491,495,,,,__future__;dubbing.apps.dubbing_web;dubbing.backends.base;dubbing.models;io;json;pytest;re;uuid;wave,UNRESOLVED_STATICALLY,tests/web/test_app.py,,,,,NO_OR_UNKNOWN,TEST
tests/web/test_app.py,TestJobRegistryBounds.test_store_job_evicts_on_total_bytes,method,497,506,,,,__future__;dubbing.apps.dubbing_web;dubbing.backends.base;dubbing.models;io;json;pytest;re;uuid;wave,UNRESOLVED_STATICALLY,tests/web/test_app.py,,,,,NO_OR_UNKNOWN,TEST
tests/web/test_app.py,TestJobRegistryBounds.test_store_job_keeps_single_job_above_byte_cap,method,508,517,,,,__future__;dubbing.apps.dubbing_web;dubbing.backends.base;dubbing.models;io;json;pytest;re;uuid;wave,UNRESOLVED_STATICALLY,tests/web/test_app.py,,,,,NO_OR_UNKNOWN,TEST
tests/web/test_app.py,TestJobRegistryBounds.test_store_job_under_caps_keeps_everything,method,519,525,,,,__future__;dubbing.apps.dubbing_web;dubbing.backends.base;dubbing.models;io;json;pytest;re;uuid;wave,UNRESOLVED_STATICALLY,tests/web/test_app.py,,,,,NO_OR_UNKNOWN,TEST
tests/web/test_result.py,_minimal_wav,function,27,34,,tests/core/test_parallel_pipeline.py:_minimal_wav;tests/web/test_app.py:_minimal_wav;tests/web/test_result.py:_minimal_wav;tests/web/test_stream.py:_minimal_wav;tests/web/test_upload_limit.py:_minimal_wav,TTSResult;_jobs.clear;_minimal_wav;_post_srt;_post_srt.data.decode;_post_srt.data.decode.lower;app.test_client;buf.getvalue;client.post;download_m.group;io.BytesIO;len;m.group;m.group.strip;m1.group;m2.group;monkeypatch.setattr;pytest.fixture;pytest.importorskip;re.search;resp.content_type.startswith;srt.encode;stream_m.group;wave.open;wf.setframerate;wf.setnchannels;wf.setsampwidth;wf.writeframes,__future__;dubbing.apps.dubbing_web;dubbing.backends.base;dubbing.models;io;pytest;re;wave,STATICALLY_REFERENCED,tests/core/test_parallel_pipeline.py;tests/web/test_app.py;tests/web/test_result.py;tests/web/test_stream.py;tests/web/test_upload_limit.py,,,,,NO_OR_UNKNOWN,TEST
tests/web/test_result.py,_FixedBackend,class,37,42,,,,__future__;dubbing.apps.dubbing_web;dubbing.backends.base;dubbing.models;io;pytest;re;wave,UNRESOLVED_STATICALLY,tests/web/test_app.py;tests/web/test_result.py;tests/web/test_stream.py;tests/web/test_upload_limit.py,,,,,NO_OR_UNKNOWN,TEST
tests/web/test_result.py,_FixedBackend.synthesize,method,40,42,,tests/core/test_espeak_backend.py:backend.synthesize;tests/core/test_piper_backend.py:PiperTTSBackend.synthesize;tests/core/test_say_backend.py:SayTTSBackend.synthesize;tests/core/test_say_backend.py:backend.synthesize;tests/web/test_app.py:super.synthesize;tests/web/test_upload_limit.py:super.synthesize,,__future__;dubbing.apps.dubbing_web;dubbing.backends.base;dubbing.models;io;pytest;re;wave,STATICALLY_REFERENCED,tests/core/test_adversarial_hardening.py;tests/core/test_batch.py;tests/core/test_espeak_backend.py;tests/core/test_parallel_pipeline.py;tests/core/test_pipeline.py;tests/core/test_piper_backend.py;tests/core/test_prosody_bounds.py;tests/core/test_say_backend.py;tests/diarization/test_pipeline.py;tests/web/test_app.py;tests/web/test_result.py;tests/web/test_stream.py;tests/web/test_upload_limit.py,,,,,YES,TEST
tests/web/test_result.py,client,function,73,80,pytest.fixture,,TTSResult;_jobs.clear;_minimal_wav;_post_srt;_post_srt.data.decode;_post_srt.data.decode.lower;app.test_client;buf.getvalue;client.post;download_m.group;io.BytesIO;len;m.group;m.group.strip;m1.group;m2.group;monkeypatch.setattr;pytest.fixture;pytest.importorskip;re.search;resp.content_type.startswith;srt.encode;stream_m.group;wave.open;wf.setframerate;wf.setnchannels;wf.setsampwidth;wf.writeframes,__future__;dubbing.apps.dubbing_web;dubbing.backends.base;dubbing.models;io;pytest;re;wave,UNRESOLVED_STATICALLY,tests/core/test_adversarial_hardening.py;tests/personal_capture/test_review_app.py;tests/web/test_app.py;tests/web/test_result.py;tests/web/test_stream.py;tests/web/test_upload_limit.py,,,,,NO_OR_UNKNOWN,TEST
tests/web/test_result.py,_post_srt,function,83,87,,tests/core/test_adversarial_hardening.py:_post_srt;tests/web/test_result.py:_post_srt,TTSResult;_jobs.clear;_minimal_wav;_post_srt;_post_srt.data.decode;_post_srt.data.decode.lower;app.test_client;buf.getvalue;client.post;download_m.group;io.BytesIO;len;m.group;m.group.strip;m1.group;m2.group;monkeypatch.setattr;pytest.fixture;pytest.importorskip;re.search;resp.content_type.startswith;srt.encode;stream_m.group;wave.open;wf.setframerate;wf.setnchannels;wf.setsampwidth;wf.writeframes,__future__;dubbing.apps.dubbing_web;dubbing.backends.base;dubbing.models;io;pytest;re;wave,STATICALLY_REFERENCED,tests/core/test_adversarial_hardening.py;tests/web/test_result.py,,,,,NO_OR_UNKNOWN,TEST
tests/web/test_result.py,TestResultContentType,class,94,107,,,,__future__;dubbing.apps.dubbing_web;dubbing.backends.base;dubbing.models;io;pytest;re;wave,UNRESOLVED_STATICALLY,tests/web/test_result.py,,,,,NO_OR_UNKNOWN,TEST
tests/web/test_result.py,TestResultContentType.test_content_type_starts_with_text_html,method,95,98,,,,__future__;dubbing.apps.dubbing_web;dubbing.backends.base;dubbing.models;io;pytest;re;wave,UNRESOLVED_STATICALLY,tests/web/test_result.py,,,,,NO_OR_UNKNOWN,TEST
tests/web/test_result.py,TestResultContentType.test_content_type_specifies_charset,method,100,102,,,,__future__;dubbing.apps.dubbing_web;dubbing.backends.base;dubbing.models;io;pytest;re;wave,UNRESOLVED_STATICALLY,tests/web/test_result.py,,,,,NO_OR_UNKNOWN,TEST
tests/web/test_result.py,TestResultContentType.test_multi_segment_srt_also_returns_html,method,104,107,,,,__future__;dubbing.apps.dubbing_web;dubbing.backends.base;dubbing.models;io;pytest;re;wave,UNRESOLVED_STATICALLY,tests/web/test_result.py,,,,,NO_OR_UNKNOWN,TEST
tests/web/test_result.py,TestResultBodyAudioElement,class,114,132,,,,__future__;dubbing.apps.dubbing_web;dubbing.backends.base;dubbing.models;io;pytest;re;wave,UNRESOLVED_STATICALLY,tests/web/test_result.py,,,,,NO_OR_UNKNOWN,TEST
tests/web/test_result.py,TestResultBodyAudioElement.test_body_contains_audio_tag,method,115,117,,,,__future__;dubbing.apps.dubbing_web;dubbing.backends.base;dubbing.models;io;pytest;re;wave,UNRESOLVED_STATICALLY,tests/web/test_result.py,,,,,NO_OR_UNKNOWN,TEST
tests/web/test_result.py,TestResultBodyAudioElement.test_audio_src_points_to_stream_path,method,119,122,,,,__future__;dubbing.apps.dubbing_web;dubbing.backends.base;dubbing.models;io;pytest;re;wave,UNRESOLVED_STATICALLY,tests/web/test_result.py,,,,,NO_OR_UNKNOWN,TEST
tests/web/test_result.py,TestResultBodyAudioElement.test_audio_element_has_controls_attribute,method,124,128,,,,__future__;dubbing.apps.dubbing_web;dubbing.backends.base;dubbing.models;io;pytest;re;wave,UNRESOLVED_STATICALLY,tests/web/test_result.py,,,,,NO_OR_UNKNOWN,TEST
tests/web/test_result.py,TestResultBodyAudioElement.test_stream_path_appears_in_body,method,130,132,,,,__future__;dubbing.apps.dubbing_web;dubbing.backends.base;dubbing.models;io;pytest;re;wave,UNRESOLVED_STATICALLY,tests/web/test_result.py,,,,,NO_OR_UNKNOWN,TEST
tests/web/test_result.py,TestResultBodyDownloadLink,class,139,159,,,,__future__;dubbing.apps.dubbing_web;dubbing.backends.base;dubbing.models;io;pytest;re;wave,UNRESOLVED_STATICALLY,tests/web/test_result.py,,,,,NO_OR_UNKNOWN,TEST
tests/web/test_result.py,TestResultBodyDownloadLink.test_body_contains_download_path,method,140,142,,,,__future__;dubbing.apps.dubbing_web;dubbing.backends.base;dubbing.models;io;pytest;re;wave,UNRESOLVED_STATICALLY,tests/web/test_result.py,,,,,NO_OR_UNKNOWN,TEST
tests/web/test_result.py,TestResultBodyDownloadLink.test_download_link_is_an_anchor,method,144,146,,,,__future__;dubbing.apps.dubbing_web;dubbing.backends.base;dubbing.models;io;pytest;re;wave,UNRESOLVED_STATICALLY,tests/web/test_result.py,,,,,NO_OR_UNKNOWN,TEST
tests/web/test_result.py,TestResultBodyDownloadLink.test_stream_and_download_share_the_same_job_id,method,148,153,,,,__future__;dubbing.apps.dubbing_web;dubbing.backends.base;dubbing.models;io;pytest;re;wave,UNRESOLVED_STATICALLY,tests/web/test_result.py,,,,,NO_OR_UNKNOWN,TEST
tests/web/test_result.py,TestResultBodyDownloadLink.test_job_id_in_html_is_present_in_registry,method,155,159,,,,__future__;dubbing.apps.dubbing_web;dubbing.backends.base;dubbing.models;io;pytest;re;wave,UNRESOLVED_STATICALLY,tests/web/test_result.py,,,,,NO_OR_UNKNOWN,TEST
tests/web/test_result.py,TestResultJobRegistry,class,166,184,,,,__future__;dubbing.apps.dubbing_web;dubbing.backends.base;dubbing.models;io;pytest;re;wave,UNRESOLVED_STATICALLY,tests/web/test_result.py,,,,,NO_OR_UNKNOWN,TEST
tests/web/test_result.py,TestResultJobRegistry.test_each_post_produces_a_distinct_job_id,method,167,173,,,,__future__;dubbing.apps.dubbing_web;dubbing.backends.base;dubbing.models;io;pytest;re;wave,UNRESOLVED_STATICALLY,tests/web/test_result.py,,,,,NO_OR_UNKNOWN,TEST
tests/web/test_result.py,TestResultJobRegistry.test_job_id_is_nonempty,method,175,179,,,,__future__;dubbing.apps.dubbing_web;dubbing.backends.base;dubbing.models;io;pytest;re;wave,UNRESOLVED_STATICALLY,tests/web/test_app.py;tests/web/test_result.py,,,,,NO_OR_UNKNOWN,TEST
tests/web/test_result.py,TestResultJobRegistry.test_successful_post_increments_job_count,method,181,184,,,,__future__;dubbing.apps.dubbing_web;dubbing.backends.base;dubbing.models;io;pytest;re;wave,UNRESOLVED_STATICALLY,tests/web/test_result.py,,,,,NO_OR_UNKNOWN,TEST
tests/web/test_result.py,TestResultPageStructure,class,191,206,,,,__future__;dubbing.apps.dubbing_web;dubbing.backends.base;dubbing.models;io;pytest;re;wave,UNRESOLVED_STATICALLY,tests/web/test_result.py,,,,,NO_OR_UNKNOWN,TEST
tests/web/test_result.py,TestResultPageStructure.test_result_page_has_doctype,method,192,194,,,,__future__;dubbing.apps.dubbing_web;dubbing.backends.base;dubbing.models;io;pytest;re;wave,UNRESOLVED_STATICALLY,tests/web/test_result.py,,,,,NO_OR_UNKNOWN,TEST
tests/web/test_result.py,TestResultPageStructure.test_result_page_has_html_tag,method,196,198,,,,__future__;dubbing.apps.dubbing_web;dubbing.backends.base;dubbing.models;io;pytest;re;wave,UNRESOLVED_STATICALLY,tests/web/test_result.py,,,,,NO_OR_UNKNOWN,TEST
tests/web/test_result.py,TestResultPageStructure.test_result_page_has_head_and_body,method,200,202,,,,__future__;dubbing.apps.dubbing_web;dubbing.backends.base;dubbing.models;io;pytest;re;wave,UNRESOLVED_STATICALLY,tests/web/test_result.py,,,,,NO_OR_UNKNOWN,TEST
tests/web/test_result.py,TestResultPageStructure.test_result_page_title_is_present,method,204,206,,,,__future__;dubbing.apps.dubbing_web;dubbing.backends.base;dubbing.models;io;pytest;re;wave,UNRESOLVED_STATICALLY,tests/web/test_result.py,,,,,NO_OR_UNKNOWN,TEST
tests/web/test_stream.py,_minimal_wav,function,26,33,,tests/core/test_parallel_pipeline.py:_minimal_wav;tests/web/test_app.py:_minimal_wav;tests/web/test_result.py:_minimal_wav;tests/web/test_stream.py:_minimal_wav;tests/web/test_upload_limit.py:_minimal_wav,TTSResult;_jobs.clear;_minimal_wav;_store_job;app.test_client;buf.getvalue;cd.startswith;client.get;download_cd.startswith;download_resp.headers.get;io.BytesIO;len;monkeypatch.setattr;pytest.fixture;pytest.importorskip;range;resp.data.decode;resp.headers.get;str;stream_cd.startswith;stream_resp.headers.get;uuid.uuid4;wave.open;wf.getnchannels;wf.getnframes;wf.getsampwidth;wf.setframerate;wf.setnchannels;wf.setsampwidth;wf.writeframes,__future__;dubbing.apps.dubbing_web;dubbing.backends.base;dubbing.models;io;pytest;uuid;wave,STATICALLY_REFERENCED,tests/core/test_parallel_pipeline.py;tests/web/test_app.py;tests/web/test_result.py;tests/web/test_stream.py;tests/web/test_upload_limit.py,,,,,NO_OR_UNKNOWN,TEST
tests/web/test_stream.py,_FixedBackend,class,36,39,,,,__future__;dubbing.apps.dubbing_web;dubbing.backends.base;dubbing.models;io;pytest;uuid;wave,UNRESOLVED_STATICALLY,tests/web/test_app.py;tests/web/test_result.py;tests/web/test_stream.py;tests/web/test_upload_limit.py,,,,,NO_OR_UNKNOWN,TEST
tests/web/test_stream.py,_FixedBackend.synthesize,method,37,39,,tests/core/test_espeak_backend.py:backend.synthesize;tests/core/test_piper_backend.py:PiperTTSBackend.synthesize;tests/core/test_say_backend.py:SayTTSBackend.synthesize;tests/core/test_say_backend.py:backend.synthesize;tests/web/test_app.py:super.synthesize;tests/web/test_upload_limit.py:super.synthesize,,__future__;dubbing.apps.dubbing_web;dubbing.backends.base;dubbing.models;io;pytest;uuid;wave,STATICALLY_REFERENCED,tests/core/test_adversarial_hardening.py;tests/core/test_batch.py;tests/core/test_espeak_backend.py;tests/core/test_parallel_pipeline.py;tests/core/test_pipeline.py;tests/core/test_piper_backend.py;tests/core/test_prosody_bounds.py;tests/core/test_say_backend.py;tests/diarization/test_pipeline.py;tests/web/test_app.py;tests/web/test_result.py;tests/web/test_stream.py;tests/web/test_upload_limit.py,,,,,YES,TEST
tests/web/test_stream.py,client,function,47,54,pytest.fixture,,TTSResult;_jobs.clear;_minimal_wav;_store_job;app.test_client;buf.getvalue;cd.startswith;client.get;download_cd.startswith;download_resp.headers.get;io.BytesIO;len;monkeypatch.setattr;pytest.fixture;pytest.importorskip;range;resp.data.decode;resp.headers.get;str;stream_cd.startswith;stream_resp.headers.get;uuid.uuid4;wave.open;wf.getnchannels;wf.getnframes;wf.getsampwidth;wf.setframerate;wf.setnchannels;wf.setsampwidth;wf.writeframes,__future__;dubbing.apps.dubbing_web;dubbing.backends.base;dubbing.models;io;pytest;uuid;wave,UNRESOLVED_STATICALLY,tests/core/test_adversarial_hardening.py;tests/personal_capture/test_review_app.py;tests/web/test_app.py;tests/web/test_result.py;tests/web/test_stream.py;tests/web/test_upload_limit.py,,,,,NO_OR_UNKNOWN,TEST
tests/web/test_stream.py,stored_job,function,58,63,pytest.fixture,,TTSResult;_jobs.clear;_minimal_wav;_store_job;app.test_client;buf.getvalue;cd.startswith;client.get;download_cd.startswith;download_resp.headers.get;io.BytesIO;len;monkeypatch.setattr;pytest.fixture;pytest.importorskip;range;resp.data.decode;resp.headers.get;str;stream_cd.startswith;stream_resp.headers.get;uuid.uuid4;wave.open;wf.getnchannels;wf.getnframes;wf.getsampwidth;wf.setframerate;wf.setnchannels;wf.setsampwidth;wf.writeframes,__future__;dubbing.apps.dubbing_web;dubbing.backends.base;dubbing.models;io;pytest;uuid;wave,UNRESOLVED_STATICALLY,tests/web/test_stream.py,,,,,NO_OR_UNKNOWN,TEST
tests/web/test_stream.py,large_stored_job,function,67,75,pytest.fixture,,TTSResult;_jobs.clear;_minimal_wav;_store_job;app.test_client;buf.getvalue;cd.startswith;client.get;download_cd.startswith;download_resp.headers.get;io.BytesIO;len;monkeypatch.setattr;pytest.fixture;pytest.importorskip;range;resp.data.decode;resp.headers.get;str;stream_cd.startswith;stream_resp.headers.get;uuid.uuid4;wave.open;wf.getnchannels;wf.getnframes;wf.getsampwidth;wf.setframerate;wf.setnchannels;wf.setsampwidth;wf.writeframes,__future__;dubbing.apps.dubbing_web;dubbing.backends.base;dubbing.models;io;pytest;uuid;wave,UNRESOLVED_STATICALLY,tests/web/test_stream.py,,,,,NO_OR_UNKNOWN,TEST
tests/web/test_stream.py,TestStreamSuccess,class,82,137,,,,__future__;dubbing.apps.dubbing_web;dubbing.backends.base;dubbing.models;io;pytest;uuid;wave,UNRESOLVED_STATICALLY,tests/web/test_stream.py,,,,,NO_OR_UNKNOWN,TEST
tests/web/test_stream.py,TestStreamSuccess.test_returns_200_for_stored_job,method,83,85,,,,__future__;dubbing.apps.dubbing_web;dubbing.backends.base;dubbing.models;io;pytest;uuid;wave,UNRESOLVED_STATICALLY,tests/web/test_stream.py,,,,,NO_OR_UNKNOWN,TEST
tests/web/test_stream.py,TestStreamSuccess.test_content_type_is_audio_wav,method,87,89,,,,__future__;dubbing.apps.dubbing_web;dubbing.backends.base;dubbing.models;io;pytest;uuid;wave,UNRESOLVED_STATICALLY,tests/web/test_app.py;tests/web/test_stream.py,,,,,NO_OR_UNKNOWN,TEST
tests/web/test_stream.py,TestStreamSuccess.test_content_disposition_is_inline_not_attachment,method,91,98,,,,__future__;dubbing.apps.dubbing_web;dubbing.backends.base;dubbing.models;io;pytest;uuid;wave,UNRESOLVED_STATICALLY,tests/web/test_stream.py,,,,,NO_OR_UNKNOWN,TEST
tests/web/test_stream.py,TestStreamSuccess.test_content_disposition_contains_inline,method,100,109,,,,__future__;dubbing.apps.dubbing_web;dubbing.backends.base;dubbing.models;io;pytest;uuid;wave,UNRESOLVED_STATICALLY,tests/web/test_stream.py,,,,,NO_OR_UNKNOWN,TEST
tests/web/test_stream.py,TestStreamSuccess.test_body_is_valid_wav,method,111,115,,,,__future__;dubbing.apps.dubbing_web;dubbing.backends.base;dubbing.models;io;pytest;uuid;wave,UNRESOLVED_STATICALLY,tests/web/test_stream.py,,,,,NO_OR_UNKNOWN,TEST
tests/web/test_stream.py,TestStreamSuccess.test_body_bytes_match_stored_audio,method,117,121,,,,__future__;dubbing.apps.dubbing_web;dubbing.backends.base;dubbing.models;io;pytest;uuid;wave,UNRESOLVED_STATICALLY,tests/web/test_stream.py,,,,,NO_OR_UNKNOWN,TEST
tests/web/test_stream.py,TestStreamSuccess.test_large_wav_body_is_returned_intact,method,123,128,,,,__future__;dubbing.apps.dubbing_web;dubbing.backends.base;dubbing.models;io;pytest;uuid;wave,UNRESOLVED_STATICALLY,tests/web/test_stream.py,,,,,NO_OR_UNKNOWN,TEST
tests/web/test_stream.py,TestStreamSuccess.test_two_stored_jobs_can_both_be_retrieved_independently,method,130,137,,,,__future__;dubbing.apps.dubbing_web;dubbing.backends.base;dubbing.models;io;pytest;uuid;wave,UNRESOLVED_STATICALLY,tests/web/test_stream.py,,,,,NO_OR_UNKNOWN,TEST
tests/web/test_stream.py,TestStreamNotFound,class,144,174,,,,__future__;dubbing.apps.dubbing_web;dubbing.backends.base;dubbing.models;io;pytest;uuid;wave,UNRESOLVED_STATICALLY,tests/web/test_stream.py,,,,,NO_OR_UNKNOWN,TEST
tests/web/test_stream.py,TestStreamNotFound.test_unknown_string_returns_404,method,145,147,,,,__future__;dubbing.apps.dubbing_web;dubbing.backends.base;dubbing.models;io;pytest;uuid;wave,UNRESOLVED_STATICALLY,tests/web/test_stream.py,,,,,NO_OR_UNKNOWN,TEST
tests/web/test_stream.py,TestStreamNotFound.test_uuid_not_in_registry_returns_404,method,149,152,,,,__future__;dubbing.apps.dubbing_web;dubbing.backends.base;dubbing.models;io;pytest;uuid;wave,UNRESOLVED_STATICALLY,tests/web/test_stream.py,,,,,NO_OR_UNKNOWN,TEST
tests/web/test_stream.py,TestStreamNotFound.test_empty_registry_returns_404_for_any_id,method,154,157,,,,__future__;dubbing.apps.dubbing_web;dubbing.backends.base;dubbing.models;io;pytest;uuid;wave,UNRESOLVED_STATICALLY,tests/web/test_stream.py,,,,,NO_OR_UNKNOWN,TEST
tests/web/test_stream.py,TestStreamNotFound.test_evicted_job_returns_404,method,159,168,,,,__future__;dubbing.apps.dubbing_web;dubbing.backends.base;dubbing.models;io;pytest;uuid;wave,UNRESOLVED_STATICALLY,tests/web/test_stream.py,,,,,NO_OR_UNKNOWN,TEST
tests/web/test_stream.py,TestStreamNotFound.test_404_body_does_not_expose_traceback,method,170,174,,,,__future__;dubbing.apps.dubbing_web;dubbing.backends.base;dubbing.models;io;pytest;uuid;wave,UNRESOLVED_STATICALLY,tests/web/test_stream.py,,,,,NO_OR_UNKNOWN,TEST
tests/web/test_stream.py,TestStreamVsDownloadDisposition,class,181,203,,,,__future__;dubbing.apps.dubbing_web;dubbing.backends.base;dubbing.models;io;pytest;uuid;wave,UNRESOLVED_STATICALLY,tests/web/test_stream.py,,,,,NO_OR_UNKNOWN,TEST
tests/web/test_stream.py,TestStreamVsDownloadDisposition.test_stream_is_inline_while_download_is_attachment,method,182,192,,,,__future__;dubbing.apps.dubbing_web;dubbing.backends.base;dubbing.models;io;pytest;uuid;wave,UNRESOLVED_STATICALLY,tests/web/test_stream.py,,,,,NO_OR_UNKNOWN,TEST
tests/web/test_stream.py,TestStreamVsDownloadDisposition.test_both_routes_return_audio_wav_content_type,method,194,198,,,,__future__;dubbing.apps.dubbing_web;dubbing.backends.base;dubbing.models;io;pytest;uuid;wave,UNRESOLVED_STATICALLY,tests/web/test_stream.py,,,,,NO_OR_UNKNOWN,TEST
tests/web/test_stream.py,TestStreamVsDownloadDisposition.test_both_routes_return_identical_bytes,method,200,203,,,,__future__;dubbing.apps.dubbing_web;dubbing.backends.base;dubbing.models;io;pytest;uuid;wave,UNRESOLVED_STATICALLY,tests/web/test_stream.py,,,,,NO_OR_UNKNOWN,TEST
tests/web/test_upload_limit.py,_minimal_wav,function,28,36,,tests/core/test_parallel_pipeline.py:_minimal_wav;tests/web/test_app.py:_minimal_wav;tests/web/test_result.py:_minimal_wav;tests/web/test_stream.py:_minimal_wav;tests/web/test_upload_limit.py:_minimal_wav,TTSResult;ValueError;_jobs.clear;_jobs.keys;_make_valid_srt_of_size;_minimal_wav;_post;any;app.test_client;buf.getvalue;bytes;client.post;encode;invocations.append;io.BytesIO;isinstance;json.loads;len;lower;monkeypatch.setattr;pytest.fail;pytest.fixture;pytest.importorskip;range;resp.content_type.startswith;resp.data.decode;resp.data.decode.lower;self._oversized;set;super;super.synthesize;wave.open;wf.setframerate;wf.setnchannels;wf.setsampwidth;wf.writeframes,__future__;dubbing.apps.dubbing_web;dubbing.backends.base;dubbing.models;io;json;pytest;wave,STATICALLY_REFERENCED,tests/core/test_parallel_pipeline.py;tests/web/test_app.py;tests/web/test_result.py;tests/web/test_stream.py;tests/web/test_upload_limit.py,,,,,NO_OR_UNKNOWN,TEST
tests/web/test_upload_limit.py,_FixedBackend,class,39,44,,,,__future__;dubbing.apps.dubbing_web;dubbing.backends.base;dubbing.models;io;json;pytest;wave,UNRESOLVED_STATICALLY,tests/web/test_app.py;tests/web/test_result.py;tests/web/test_stream.py;tests/web/test_upload_limit.py,,,,,NO_OR_UNKNOWN,TEST
tests/web/test_upload_limit.py,_FixedBackend.synthesize,method,42,44,,tests/core/test_espeak_backend.py:backend.synthesize;tests/core/test_piper_backend.py:PiperTTSBackend.synthesize;tests/core/test_say_backend.py:SayTTSBackend.synthesize;tests/core/test_say_backend.py:backend.synthesize;tests/web/test_app.py:super.synthesize;tests/web/test_upload_limit.py:super.synthesize,,__future__;dubbing.apps.dubbing_web;dubbing.backends.base;dubbing.models;io;json;pytest;wave,STATICALLY_REFERENCED,tests/core/test_adversarial_hardening.py;tests/core/test_batch.py;tests/core/test_espeak_backend.py;tests/core/test_parallel_pipeline.py;tests/core/test_pipeline.py;tests/core/test_piper_backend.py;tests/core/test_prosody_bounds.py;tests/core/test_say_backend.py;tests/diarization/test_pipeline.py;tests/web/test_app.py;tests/web/test_result.py;tests/web/test_stream.py;tests/web/test_upload_limit.py,,,,,YES,TEST
tests/web/test_upload_limit.py,_make_valid_srt_of_size,function,47,59,,tests/web/test_upload_limit.py:_make_valid_srt_of_size,TTSResult;ValueError;_jobs.clear;_jobs.keys;_make_valid_srt_of_size;_minimal_wav;_post;any;app.test_client;buf.getvalue;bytes;client.post;encode;invocations.append;io.BytesIO;isinstance;json.loads;len;lower;monkeypatch.setattr;pytest.fail;pytest.fixture;pytest.importorskip;range;resp.content_type.startswith;resp.data.decode;resp.data.decode.lower;self._oversized;set;super;super.synthesize;wave.open;wf.setframerate;wf.setnchannels;wf.setsampwidth;wf.writeframes,__future__;dubbing.apps.dubbing_web;dubbing.backends.base;dubbing.models;io;json;pytest;wave,STATICALLY_REFERENCED,tests/web/test_upload_limit.py,,,,,NO_OR_UNKNOWN,TEST
tests/web/test_upload_limit.py,client,function,68,75,pytest.fixture,,TTSResult;ValueError;_jobs.clear;_jobs.keys;_make_valid_srt_of_size;_minimal_wav;_post;any;app.test_client;buf.getvalue;bytes;client.post;encode;invocations.append;io.BytesIO;isinstance;json.loads;len;lower;monkeypatch.setattr;pytest.fail;pytest.fixture;pytest.importorskip;range;resp.content_type.startswith;resp.data.decode;resp.data.decode.lower;self._oversized;set;super;super.synthesize;wave.open;wf.setframerate;wf.setnchannels;wf.setsampwidth;wf.writeframes,__future__;dubbing.apps.dubbing_web;dubbing.backends.base;dubbing.models;io;json;pytest;wave,UNRESOLVED_STATICALLY,tests/core/test_adversarial_hardening.py;tests/personal_capture/test_review_app.py;tests/web/test_app.py;tests/web/test_result.py;tests/web/test_stream.py;tests/web/test_upload_limit.py,,,,,NO_OR_UNKNOWN,TEST
tests/web/test_upload_limit.py,_post,function,78,83,,tests/web/test_app.py:self._post;tests/web/test_upload_limit.py:_post,TTSResult;ValueError;_jobs.clear;_jobs.keys;_make_valid_srt_of_size;_minimal_wav;_post;any;app.test_client;buf.getvalue;bytes;client.post;encode;invocations.append;io.BytesIO;isinstance;json.loads;len;lower;monkeypatch.setattr;pytest.fail;pytest.fixture;pytest.importorskip;range;resp.content_type.startswith;resp.data.decode;resp.data.decode.lower;self._oversized;set;super;super.synthesize;wave.open;wf.setframerate;wf.setnchannels;wf.setsampwidth;wf.writeframes,__future__;dubbing.apps.dubbing_web;dubbing.backends.base;dubbing.models;io;json;pytest;wave,STATICALLY_REFERENCED,tests/core/test_adversarial_hardening.py;tests/web/test_app.py;tests/web/test_result.py;tests/web/test_upload_limit.py,,,,,NO_OR_UNKNOWN,TEST
tests/web/test_upload_limit.py,TestExactBoundary,class,91,130,,,,__future__;dubbing.apps.dubbing_web;dubbing.backends.base;dubbing.models;io;json;pytest;wave,UNRESOLVED_STATICALLY,tests/web/test_upload_limit.py,,,,,NO_OR_UNKNOWN,TEST
tests/web/test_upload_limit.py,TestExactBoundary.test_one_byte_over_returns_413,method,94,97,,,,__future__;dubbing.apps.dubbing_web;dubbing.backends.base;dubbing.models;io;json;pytest;wave,UNRESOLVED_STATICALLY,tests/web/test_upload_limit.py,,,,,NO_OR_UNKNOWN,TEST
tests/web/test_upload_limit.py,TestExactBoundary.test_valid_srt_exactly_at_limit_returns_200,method,99,103,,,,__future__;dubbing.apps.dubbing_web;dubbing.backends.base;dubbing.models;io;json;pytest;wave,UNRESOLVED_STATICALLY,tests/web/test_upload_limit.py,,,,,NO_OR_UNKNOWN,TEST
tests/web/test_upload_limit.py,TestExactBoundary.test_exactly_at_limit_not_rejected_by_size_gate,method,105,110,,,,__future__;dubbing.apps.dubbing_web;dubbing.backends.base;dubbing.models;io;json;pytest;wave,UNRESOLVED_STATICALLY,tests/web/test_upload_limit.py,,,,,NO_OR_UNKNOWN,TEST
tests/web/test_upload_limit.py,TestExactBoundary.test_one_byte_under_limit_not_rejected,method,112,115,,,,__future__;dubbing.apps.dubbing_web;dubbing.backends.base;dubbing.models;io;json;pytest;wave,UNRESOLVED_STATICALLY,tests/web/test_upload_limit.py,,,,,NO_OR_UNKNOWN,TEST
tests/web/test_upload_limit.py,TestExactBoundary.test_two_bytes_over_returns_413,method,117,119,,,,__future__;dubbing.apps.dubbing_web;dubbing.backends.base;dubbing.models;io;json;pytest;wave,UNRESOLVED_STATICALLY,tests/web/test_upload_limit.py,,,,,NO_OR_UNKNOWN,TEST
tests/web/test_upload_limit.py,TestExactBoundary.test_far_over_limit_returns_413,method,121,124,,,,__future__;dubbing.apps.dubbing_web;dubbing.backends.base;dubbing.models;io;json;pytest;wave,UNRESOLVED_STATICALLY,tests/web/test_upload_limit.py,,,,,NO_OR_UNKNOWN,TEST
tests/web/test_upload_limit.py,TestExactBoundary.test_max_upload_bytes_constant_is_one_mib,method,126,130,,,,__future__;dubbing.apps.dubbing_web;dubbing.backends.base;dubbing.models;io;json;pytest;wave,UNRESOLVED_STATICALLY,tests/web/test_upload_limit.py,,,,,NO_OR_UNKNOWN,TEST
tests/web/test_upload_limit.py,TestRejectionResponseFormat,class,138,178,,,,__future__;dubbing.apps.dubbing_web;dubbing.backends.base;dubbing.models;io;json;pytest;wave,UNRESOLVED_STATICALLY,tests/web/test_upload_limit.py,,,,,NO_OR_UNKNOWN,TEST
tests/web/test_upload_limit.py,TestRejectionResponseFormat._oversized,method,141,142,,tests/web/test_upload_limit.py:self._oversized,,__future__;dubbing.apps.dubbing_web;dubbing.backends.base;dubbing.models;io;json;pytest;wave,STATICALLY_REFERENCED,tests/web/test_app.py;tests/web/test_upload_limit.py,,,,,NO_OR_UNKNOWN,TEST
tests/web/test_upload_limit.py,TestRejectionResponseFormat.test_413_content_type_is_json,method,144,148,,,,__future__;dubbing.apps.dubbing_web;dubbing.backends.base;dubbing.models;io;json;pytest;wave,UNRESOLVED_STATICALLY,tests/web/test_upload_limit.py,,,,,NO_OR_UNKNOWN,TEST
tests/web/test_upload_limit.py,TestRejectionResponseFormat.test_413_body_is_parseable_json,method,150,155,,,,__future__;dubbing.apps.dubbing_web;dubbing.backends.base;dubbing.models;io;json;pytest;wave,UNRESOLVED_STATICALLY,tests/web/test_upload_limit.py,,,,,NO_OR_UNKNOWN,TEST
tests/web/test_upload_limit.py,TestRejectionResponseFormat.test_413_json_has_error_key,method,157,159,,,,__future__;dubbing.apps.dubbing_web;dubbing.backends.base;dubbing.models;io;json;pytest;wave,UNRESOLVED_STATICALLY,tests/web/test_upload_limit.py,,,,,NO_OR_UNKNOWN,TEST
tests/web/test_upload_limit.py,TestRejectionResponseFormat.test_413_error_value_is_nonempty_string,method,161,163,,,,__future__;dubbing.apps.dubbing_web;dubbing.backends.base;dubbing.models;io;json;pytest;wave,UNRESOLVED_STATICALLY,tests/web/test_upload_limit.py,,,,,NO_OR_UNKNOWN,TEST
tests/web/test_upload_limit.py,TestRejectionResponseFormat.test_413_error_message_is_human_readable,method,165,171,,,,__future__;dubbing.apps.dubbing_web;dubbing.backends.base;dubbing.models;io;json;pytest;wave,UNRESOLVED_STATICALLY,tests/web/test_upload_limit.py,,,,,NO_OR_UNKNOWN,TEST
tests/web/test_upload_limit.py,TestRejectionResponseFormat.test_413_body_contains_no_traceback,method,173,178,,,,__future__;dubbing.apps.dubbing_web;dubbing.backends.base;dubbing.models;io;json;pytest;wave,UNRESOLVED_STATICALLY,tests/web/test_upload_limit.py,,,,,NO_OR_UNKNOWN,TEST
tests/web/test_upload_limit.py,TestRejectionSideEffects,class,186,228,,,,__future__;dubbing.apps.dubbing_web;dubbing.backends.base;dubbing.models;io;json;pytest;wave,UNRESOLVED_STATICALLY,tests/web/test_upload_limit.py,,,,,NO_OR_UNKNOWN,TEST
tests/web/test_upload_limit.py,TestRejectionSideEffects.test_no_job_stored_after_single_oversized_request,method,189,191,,,,__future__;dubbing.apps.dubbing_web;dubbing.backends.base;dubbing.models;io;json;pytest;wave,UNRESOLVED_STATICALLY,tests/web/test_upload_limit.py,,,,,NO_OR_UNKNOWN,TEST
tests/web/test_upload_limit.py,TestRejectionSideEffects.test_no_job_stored_after_repeated_oversized_requests,method,193,196,,,,__future__;dubbing.apps.dubbing_web;dubbing.backends.base;dubbing.models;io;json;pytest;wave,UNRESOLVED_STATICALLY,tests/web/test_upload_limit.py,,,,,NO_OR_UNKNOWN,TEST
tests/web/test_upload_limit.py,TestRejectionSideEffects.test_tts_backend_not_invoked_for_oversized_upload,method,198,211,,,,__future__;dubbing.apps.dubbing_web;dubbing.backends.base;dubbing.models;io;json;pytest;wave,UNRESOLVED_STATICALLY,tests/web/test_upload_limit.py,,,,,NO_OR_UNKNOWN,TEST
tests/web/test_upload_limit.py,TestRejectionSideEffects.test_tts_backend_not_invoked_for_oversized_upload._SpyBackend,class,202,205,,,,__future__;dubbing.apps.dubbing_web;dubbing.backends.base;dubbing.models;io;json;pytest;wave,UNRESOLVED_STATICALLY,tests/web/test_upload_limit.py,,,,,NO_OR_UNKNOWN,TEST
tests/web/test_upload_limit.py,TestRejectionSideEffects.test_tts_backend_not_invoked_for_oversized_upload._SpyBackend.synthesize,method,203,205,,tests/core/test_espeak_backend.py:backend.synthesize;tests/core/test_piper_backend.py:PiperTTSBackend.synthesize;tests/core/test_say_backend.py:SayTTSBackend.synthesize;tests/core/test_say_backend.py:backend.synthesize;tests/web/test_app.py:super.synthesize;tests/web/test_upload_limit.py:super.synthesize,,__future__;dubbing.apps.dubbing_web;dubbing.backends.base;dubbing.models;io;json;pytest;wave,STATICALLY_REFERENCED,tests/core/test_adversarial_hardening.py;tests/core/test_batch.py;tests/core/test_espeak_backend.py;tests/core/test_parallel_pipeline.py;tests/core/test_pipeline.py;tests/core/test_piper_backend.py;tests/core/test_prosody_bounds.py;tests/core/test_say_backend.py;tests/diarization/test_pipeline.py;tests/web/test_app.py;tests/web/test_result.py;tests/web/test_stream.py;tests/web/test_upload_limit.py,,,,,YES,TEST
tests/web/test_upload_limit.py,TestRejectionSideEffects.test_oversized_rejection_does_not_poison_subsequent_valid_request,method,213,219,,,,__future__;dubbing.apps.dubbing_web;dubbing.backends.base;dubbing.models;io;json;pytest;wave,UNRESOLVED_STATICALLY,tests/web/test_upload_limit.py,,,,,NO_OR_UNKNOWN,TEST
tests/web/test_upload_limit.py,TestRejectionSideEffects.test_job_count_unchanged_by_oversized_upload,method,221,228,,,,__future__;dubbing.apps.dubbing_web;dubbing.backends.base;dubbing.models;io;json;pytest;wave,UNRESOLVED_STATICALLY,tests/web/test_upload_limit.py,,,,,NO_OR_UNKNOWN,TEST
tests/web/test_upload_limit.py,TestEdgeCasePayloads,class,236,276,,,,__future__;dubbing.apps.dubbing_web;dubbing.backends.base;dubbing.models;io;json;pytest;wave,UNRESOLVED_STATICALLY,tests/web/test_upload_limit.py,,,,,NO_OR_UNKNOWN,TEST
tests/web/test_upload_limit.py,TestEdgeCasePayloads.test_oversized_binary_payload_returns_413,method,239,243,,,,__future__;dubbing.apps.dubbing_web;dubbing.backends.base;dubbing.models;io;json;pytest;wave,UNRESOLVED_STATICALLY,tests/web/test_upload_limit.py,,,,,NO_OR_UNKNOWN,TEST
tests/web/test_upload_limit.py,TestEdgeCasePayloads.test_oversized_utf8_multibyte_content_returns_413,method,245,253,,,,__future__;dubbing.apps.dubbing_web;dubbing.backends.base;dubbing.models;io;json;pytest;wave,UNRESOLVED_STATICALLY,tests/web/test_upload_limit.py,,,,,NO_OR_UNKNOWN,TEST
tests/web/test_upload_limit.py,TestEdgeCasePayloads.test_empty_file_is_not_rejected_by_size_gate,method,255,258,,,,__future__;dubbing.apps.dubbing_web;dubbing.backends.base;dubbing.models;io;json;pytest;wave,UNRESOLVED_STATICALLY,tests/web/test_upload_limit.py,,,,,NO_OR_UNKNOWN,TEST
tests/web/test_upload_limit.py,TestEdgeCasePayloads.test_single_byte_upload_is_not_rejected_by_size_gate,method,260,262,,,,__future__;dubbing.apps.dubbing_web;dubbing.backends.base;dubbing.models;io;json;pytest;wave,UNRESOLVED_STATICALLY,tests/web/test_upload_limit.py,,,,,NO_OR_UNKNOWN,TEST
tests/web/test_upload_limit.py,TestEdgeCasePayloads.test_valid_srt_well_within_limit_returns_200,method,264,268,,,,__future__;dubbing.apps.dubbing_web;dubbing.backends.base;dubbing.models;io;json;pytest;wave,UNRESOLVED_STATICALLY,tests/web/test_upload_limit.py,,,,,NO_OR_UNKNOWN,TEST
tests/web/test_upload_limit.py,TestEdgeCasePayloads.test_oversized_payload_with_valid_srt_prefix_still_rejected,method,270,276,,,,__future__;dubbing.apps.dubbing_web;dubbing.backends.base;dubbing.models;io;json;pytest;wave,UNRESOLVED_STATICALLY,tests/web/test_upload_limit.py,,,,,NO_OR_UNKNOWN,TEST
pyproject.toml,dubbing-capture-preflight,console_command,1,1,,,,,EXTERNALLY_REACHABLE,,dubbing.apps.personal_capture.preflight:main,,,,YES,ACTIVE
pyproject.toml,dubbing-capture-review,console_command,1,1,,,,,EXTERNALLY_REACHABLE,,dubbing.apps.personal_capture.review:main,,,,YES,ACTIVE
pyproject.toml,dubbing-capture-watch,console_command,1,1,,,,,EXTERNALLY_REACHABLE,,dubbing.apps.personal_capture.watcher:main,,,,YES,ACTIVE
pyproject.toml,dubbing-cli,console_command,1,1,,,,,EXTERNALLY_REACHABLE,,dubbing.cli:main,,,,YES,ACTIVE
pyproject.toml,dubbing-gpu,console_command,1,1,,,,,EXTERNALLY_REACHABLE,,dubbing.gpu_launcher:main,,,,YES,ACTIVE
pyproject.toml,dubbing-web,console_command,1,1,,,,,EXTERNALLY_REACHABLE,,dubbing.apps.dubbing_web:main,,,,YES,ACTIVE
dubbing/cli/main.py,dubbing-cli approve,cli_subcommand,1,1,,,,,EXTERNALLY_REACHABLE,,,,,,YES,ACTIVE
dubbing/cli/main.py,dubbing-cli batch,cli_subcommand,1,1,,,,,EXTERNALLY_REACHABLE,,,,,,YES,ACTIVE
dubbing/cli/main.py,dubbing-cli capture,cli_subcommand,1,1,,,,,EXTERNALLY_REACHABLE,,,,,,YES,ACTIVE
dubbing/cli/main.py,dubbing-cli diarize,cli_subcommand,1,1,,,,,EXTERNALLY_REACHABLE,,,,,,YES,ACTIVE
dubbing/cli/main.py,dubbing-cli dub,cli_subcommand,1,1,,,,,EXTERNALLY_REACHABLE,,,,,,YES,ACTIVE
dubbing/cli/main.py,dubbing-cli list,cli_subcommand,1,1,,,,,EXTERNALLY_REACHABLE,,,,,,YES,ACTIVE
dubbing/cli/main.py,dubbing-cli scan,cli_subcommand,1,1,,,,,EXTERNALLY_REACHABLE,,,,,,YES,ACTIVE
dubbing/cli/main.py,dubbing-cli transcribe,cli_subcommand,1,1,,,,,EXTERNALLY_REACHABLE,,,,,,YES,ACTIVE
deploy/personal_capture/gigabyte/dubbing-capture-review.service,dubbing-capture-review,deployment_unit,1,1,,,,,EXTERNALLY_REACHABLE,,,,starts persistent local process,,YES,ACTIVE
deploy/personal_capture/gigabyte/dubbing-capture-watch.service,dubbing-capture-watch,deployment_unit,1,1,,,,,EXTERNALLY_REACHABLE,,,,starts persistent local process,,YES,ACTIVE
dubbing/apps/personal_capture/templates/base.html,dubbing/apps/personal_capture/templates/base.html,template,1,1,,,,,EXTERNALLY_REACHABLE,,,,,,YES,ACTIVE
dubbing/apps/personal_capture/templates/detail.html,dubbing/apps/personal_capture/templates/detail.html,template,1,1,,,,,EXTERNALLY_REACHABLE,,,,,,YES,ACTIVE
dubbing/apps/personal_capture/templates/index.html,dubbing/apps/personal_capture/templates/index.html,template,1,1,,,,,EXTERNALLY_REACHABLE,,,,,,YES,ACTIVE
dubbing/apps/personal_capture/store.py,captures,database_table,1,1,,,,,RUNTIME_PERSISTENCE,,,,SQLite durable state,,YES,ACTIVE
dubbing/apps/personal_capture/service.py,giga.personal-capture-event.v1,message_schema,1,1,,,,,FILE_BASED_EXTERNAL_INTERFACE,,,,writes reviewed evidence event,,YES,ACTIVE
schemas/personal-capture-deployment.v1.schema.json,dubbing.personal-capture-deployment.v1,json_schema,1,1,,,,,DOCUMENTED_BUT_NOT_RUNTIME_LOADED,,,,,,YES,DORMANT_BUT_REACHABLE
